seed	replicate	model	normalized_gap_sum	log_normalized_gap_sum	candidates	fermat_tests	wraps	job_seconds
20260909	0	uniform_accepted	34.475428298874291	-15.325197280638458	17002	3596	0	0.058206500000000001
20260909	0	upward_scan	54.259346142512378	9.1255833880335189	16534	3429	0	0.051700792000000002
20260909	1	uniform_accepted	27.095869233387614	-23.929599062338749	12532	2563	0	0.035754458000000003
20260909	1	upward_scan	50.778100796934858	4.0635551997080812	15377	3194	0	0.043213792000000001
20260909	2	uniform_accepted	31.402036809918027	-23.713958959595406	13919	2948	0	0.042250791000000003
20260909	2	upward_scan	57.528805803869851	9.1715695648892428	16526	3443	0	0.044177833
20260909	3	uniform_accepted	46.086237643821853	-5.4870645079350302	14759	3083	0	0.040575832999999999
20260909	3	upward_scan	63.211855616214933	10.146194799455824	20055	4179	0	0.055449834000000003
20260909	4	uniform_accepted	45.934909233625717	-8.0397130431637507	17455	3495	0	0.042994375000000001
20260909	4	upward_scan	67.832053593508519	11.723124419304437	24194	5042	0	0.073145500000000002
20260909	5	uniform_accepted	33.246051106175528	-19.709922887785225	12772	2632	0	0.034208415999999998
20260909	5	upward_scan	54.172376152910587	6.9068857890584843	16505	3437	0	0.039541583999999998
20260909	6	uniform_accepted	30.474676527491312	-19.934911156127491	13190	2762	0	0.032769
20260909	6	upward_scan	64.716701501071597	9.16249169068446	20132	4196	0	0.058416124999999999
20260909	7	uniform_accepted	31.644115802893221	-22.01071564587145	15236	3202	0	0.043109459000000003
20260909	7	upward_scan	60.896329778534948	7.6322275675226212	17695	3687	0	0.044752667000000003
20260909	8	uniform_accepted	29.689354860353031	-23.230361300050397	12297	2561	0	0.031331958
20260909	8	upward_scan	57.266804541749728	9.6299896519565884	16712	3485	0	0.042502832999999997
20260909	9	uniform_accepted	35.597714096595354	-12.649833431499495	15062	3086	0	0.039930417000000003
20260909	9	upward_scan	63.85534272984048	14.872930471542888	20246	4219	0	0.052488332999999998
20260909	10	uniform_accepted	31.552169425118219	-15.994797005748588	13946	2882	0	0.035273625000000003
20260909	10	upward_scan	72.56337571542133	14.108127275447329	24614	5130	0	0.070758416000000005
20260909	11	uniform_accepted	31.787239411126645	-16.635457513838677	13409	2778	0	0.035891291999999998
20260909	11	upward_scan	78.16613924280837	21.888855559880923	22477	4689	0	0.057593584000000003
20260909	12	uniform_accepted	35.587664492435181	-20.810936907945816	17056	3544	0	0.044356917000000003
20260909	12	upward_scan	71.592125118814508	16.516916176804788	22168	4621	0	0.058789708000000003
20260909	13	uniform_accepted	34.439285157354348	-12.077404875499678	12321	2607	0	0.032635917
20260909	13	upward_scan	64.204960113783414	16.010089278405662	18674	3891	0	0.049006915999999998
20260909	14	uniform_accepted	28.304888289523429	-19.437399595349682	11993	2490	0	0.033579916000000001
20260909	14	upward_scan	77.463966907826105	19.008924757131314	23356	4873	0	0.059808874999999997
20260909	15	uniform_accepted	33.644279130142635	-23.105969361905963	15991	3281	0	0.0465975
20260909	15	upward_scan	64.376704763954649	13.120718988318609	20715	4308	0	0.057536375000000001
20260909	16	uniform_accepted	30.057025207989913	-23.919679849322492	14596	2996	0	0.041061333999999998
20260909	16	upward_scan	78.242492165653758	19.506928520112588	24593	5122	0	0.064221208000000002
20260909	17	uniform_accepted	41.909317411454303	-13.150854359187855	15237	3146	0	0.039727375000000002
20260909	17	upward_scan	61.445815447867119	10.351515678124827	19508	4081	0	0.054672332999999997
20260909	18	uniform_accepted	33.515124713148282	-27.074464748577558	14964	3110	0	0.040230042000000001
20260909	18	upward_scan	65.543170877626409	12.533720635926294	18480	3843	0	0.051047166999999997
20260909	19	uniform_accepted	40.989096749877156	-8.7871248507908781	13346	2740	0	0.032490333000000003
20260909	19	upward_scan	76.667252279979635	20.301453234044516	22305	4654	0	0.059269791000000002
20260909	20	uniform_accepted	25.508532610107501	-34.334172881793805	12238	2562	0	0.032839917000000003
20260909	20	upward_scan	66.131595997476083	15.358203630664695	20320	4232	0	0.051080291
20260909	21	uniform_accepted	26.334247739616536	-23.828832048403417	11169	2290	0	0.027331042
20260909	21	upward_scan	74.105092274063111	18.312823912748446	22717	4744	0	0.06148025
20260909	22	uniform_accepted	35.542963860741757	-12.404557875128328	13085	2748	0	0.035090583000000002
20260909	22	upward_scan	68.919999232308783	14.233259452543511	22366	4649	0	0.066934875000000005
20260909	23	uniform_accepted	31.408125979900376	-18.597090427282033	13598	2816	0	0.037362582999999998
20260909	23	upward_scan	70.706505096250879	13.619039094575346	23801	4950	0	0.065726667000000003
20260909	24	uniform_accepted	25.869371846607624	-22.773157821217747	11540	2400	0	0.028273166999999998
20260909	24	upward_scan	50.192935051833544	4.9991952778660931	16698	3486	0	0.044806875000000003
20260909	25	uniform_accepted	24.166379577691053	-27.746316334466691	14436	2992	0	0.038759833
20260909	25	upward_scan	56.150722191731802	11.50975876390126	17859	3722	0	0.047884625
20260909	26	uniform_accepted	30.242813186574548	-19.053821099362899	10779	2281	0	0.027587250000000001
20260909	26	upward_scan	73.857971058054346	18.197730198619247	22500	4693	0	0.054986167000000002
20260909	27	uniform_accepted	35.757812585600178	-17.412360144274452	16084	3356	0	0.043101958000000003
20260909	27	upward_scan	58.844476655315056	11.940890230195535	17161	3569	0	0.041406917000000001
20260909	28	uniform_accepted	45.400329628096046	-7.2565297494751047	15946	3279	0	0.040398499999999997
20260909	28	upward_scan	71.933680461994868	15.974510540603704	22492	4685	0	0.061070167000000002
20260909	29	uniform_accepted	40.166083017747034	-8.704053809108931	15670	3270	0	0.043021457999999999
20260909	29	upward_scan	66.921126847369806	8.2070018239137852	21089	4386	0	0.057521583000000001
20260909	30	uniform_accepted	32.892248441274916	-17.733101937460145	14021	2880	0	0.033682583000000002
20260909	30	upward_scan	64.803747521323444	11.827754545360845	19915	4143	0	0.050330125000000003
20260909	31	uniform_accepted	31.045697294127987	-26.208289590227444	13096	2749	0	0.031975166999999999
20260909	31	upward_scan	92.248589214946406	20.753886094884589	30014	6244	0	0.077447249999999995
20260909	32	uniform_accepted	28.051528214416319	-26.546505982835285	13963	2876	0	0.035378
20260909	32	upward_scan	77.444415849007171	18.430865219315528	23834	4965	0	0.061814082999999999
20260909	33	uniform_accepted	25.77894152347319	-25.205876925157604	14079	2874	0	0.036188041999999997
20260909	33	upward_scan	54.698233639651107	7.1212424673561632	15001	3133	0	0.034589874999999999
20260909	34	uniform_accepted	23.614395524484188	-27.528479699675817	11195	2328	0	0.027849833000000001
20260909	34	upward_scan	65.63807343509292	10.019555125791053	18937	3946	0	0.049568666999999997
20260909	35	uniform_accepted	42.754941826080731	-13.668886528486951	17904	3698	0	0.043386709000000002
20260909	35	upward_scan	73.795646559925871	14.48575740160569	22478	4685	0	0.057769292
20260909	36	uniform_accepted	37.91509542623993	-11.495456732730414	12796	2707	0	0.032967625
20260909	36	upward_scan	55.611533441032712	10.060951441418636	17532	3655	0	0.047169000000000003
20260909	37	uniform_accepted	21.650593122770186	-28.684230802794492	11378	2389	0	0.029990375
20260909	37	upward_scan	74.990956138969068	18.510332178139027	21900	4542	0	0.055055667000000003
20260909	38	uniform_accepted	37.565019920464692	-10.220202427207496	15098	3139	0	0.039802583000000002
20260909	38	upward_scan	65.100854386993717	10.863642787838348	20977	4365	0	0.058453167
20260909	39	uniform_accepted	36.351545129764951	-16.656270806478879	14439	3069	0	0.039685125000000002
20260909	39	upward_scan	70.54889238548995	13.891822961572558	21127	4407	0	0.052866749999999997
20260909	40	uniform_accepted	34.354122424680241	-14.107002589317549	12589	2619	0	0.032071374999999999
20260909	40	upward_scan	74.998507744456461	17.693985531804731	21489	4482	0	0.053820541
20260909	41	uniform_accepted	32.898555335947492	-13.59278241239044	14542	3014	0	0.037843124999999998
20260909	41	upward_scan	92.294627835197673	26.379159873529595	28128	5845	0	0.073792374999999993
20260909	42	uniform_accepted	33.188593459379227	-17.332954858120303	13234	2773	0	0.035887083
20260909	42	upward_scan	65.350378004464602	17.220767030369185	21640	4519	0	0.058960375000000002
20260909	43	uniform_accepted	35.003299825650871	-12.915177484203124	13486	2796	0	0.034195875000000001
20260909	43	upward_scan	58.371414973500386	10.22554931519517	18544	3883	0	0.045247250000000003
20260909	44	uniform_accepted	38.851515655046924	-19.728273692368688	16662	3455	0	0.045308500000000002
20260909	44	upward_scan	61.893494021305777	6.9978353342645203	18583	3870	0	0.049139000000000002
20260909	45	uniform_accepted	27.699982651955104	-26.096255142424365	13017	2702	0	0.034692167000000003
20260909	45	upward_scan	68.73851921853668	13.847296730200185	19497	4064	0	0.042803792
20260909	46	uniform_accepted	23.699276162496322	-26.207704844789816	13117	2715	0	0.035585625000000003
20260909	46	upward_scan	78.424972606320367	16.374048034467908	24628	5150	0	0.065725875000000003
20260909	47	uniform_accepted	36.686515161735066	-15.657614827154678	14704	3094	0	0.037114000000000001
20260909	47	upward_scan	68.785599409550173	14.656479720274612	19869	4143	0	0.046366083000000002
20260909	48	uniform_accepted	32.933092156391361	-9.3946516897876666	12758	2676	0	0.034024582999999997
20260909	48	upward_scan	65.109631212951825	10.944420702220061	22191	4612	0	0.062323666999999999
20260909	49	uniform_accepted	40.211621009221908	-18.747412367330789	16340	3439	0	0.048002541000000003
20260909	49	upward_scan	78.809144452024853	19.673437052199009	24243	5051	0	0.064456250000000007
20260909	50	uniform_accepted	41.076454157672039	-7.4271359265856631	15465	3216	0	0.037502665999999997
20260909	50	upward_scan	77.293806325013435	19.311970682449754	24661	5125	0	0.06115425
20260909	51	uniform_accepted	27.843594628034349	-26.457468184965393	12383	2627	0	0.032908458000000002
20260909	51	upward_scan	57.29543715997994	8.5104422186461424	19777	4117	0	0.055878125000000001
20260909	52	uniform_accepted	30.330533432311569	-18.0948491359188	14028	2850	0	0.037634916999999997
20260909	52	upward_scan	59.400744836910569	10.205522276391276	19659	4091	0	0.052886209000000003
20260909	53	uniform_accepted	35.298806462636385	-17.150962017372311	13988	2940	0	0.038232083
20260909	53	upward_scan	63.928177242143462	14.051452477613303	20133	4172	0	0.054843000000000003
20260909	54	uniform_accepted	31.53697282152347	-17.398129035342677	11637	2446	0	0.029305332999999999
20260909	54	upward_scan	61.12240604035744	13.590564682691982	20031	4171	0	0.055641665999999999
20260909	55	uniform_accepted	37.248261491983477	-13.117811551524856	13914	2860	0	0.035140625000000002
20260909	55	upward_scan	75.288016113848698	19.921574970713873	24166	5037	0	0.065936207999999996
20260909	56	uniform_accepted	33.851599098027449	-15.592562731767782	14801	3040	0	0.039715459000000002
20260909	56	upward_scan	67.284181700912967	15.728900681269273	21909	4555	0	0.061903541999999999
20260909	57	uniform_accepted	37.890494376473939	-21.752960798459821	16894	3437	0	0.043090249999999997
20260909	57	upward_scan	65.183511798019964	12.629956271848384	19818	4130	0	0.049513500000000002
20260909	58	uniform_accepted	34.667590066397111	-14.45404471369852	14846	3048	0	0.038979082999999998
20260909	58	upward_scan	67.328469973538418	15.812734867984437	20189	4215	0	0.054086166999999997
20260909	59	uniform_accepted	36.621015607431616	-16.748522593039905	14483	2921	0	0.035587000000000001
20260909	59	upward_scan	69.76115251683045	17.986884555466297	20292	4245	0	0.048058834000000002
20260909	60	uniform_accepted	29.564681442422643	-18.587496361461113	13376	2750	0	0.032352625000000003
20260909	60	upward_scan	51.311160830157853	2.0608007545806517	15253	3188	0	0.037227834000000001
20260909	61	uniform_accepted	38.374062702229971	-11.682272228184802	12715	2673	0	0.032904208999999997
20260909	61	upward_scan	62.219818494199579	10.47997923397215	16659	3476	0	0.041144374999999997
20260909	62	uniform_accepted	17.356869402546117	-46.933674237452728	11113	2329	0	0.031629834000000003
20260909	62	upward_scan	76.300676742037155	14.305022849908076	25864	5380	0	0.076760875000000006
20260909	63	uniform_accepted	36.152355199048763	-10.495849780516934	15313	3181	0	0.039826291999999999
20260909	63	upward_scan	62.409820013760587	11.640274962574788	19191	3998	0	0.049428791
20260909	64	uniform_accepted	30.06649686553574	-22.087447632421089	11415	2405	0	0.028806791000000002
20260909	64	upward_scan	58.375174875532544	7.7986549744103106	18635	3898	0	0.047466332999999999
20260909	65	uniform_accepted	32.390738906469878	-28.613098586934942	12198	2505	0	0.031107040999999998
20260909	65	upward_scan	55.331188924893695	8.6858801802194581	17118	3579	0	0.042853415999999998
20260909	66	uniform_accepted	24.608725823833563	-23.063825981446943	11569	2390	0	0.027568624999999999
20260909	66	upward_scan	73.322691637654714	19.329912388808438	23193	4841	0	0.061432082999999998
20260909	67	uniform_accepted	32.711311282379768	-15.863758545912617	13774	2778	0	0.035416875
20260909	67	upward_scan	73.183548260525981	15.208294012095521	22798	4745	0	0.054773665999999999
20260909	68	uniform_accepted	37.365804652980522	-9.3952860615701788	15323	3164	0	0.042839250000000002
20260909	68	upward_scan	63.767015404470463	8.5752586919904914	20068	4186	0	0.070304624999999996
20260909	69	uniform_accepted	31.395958817693305	-26.400029517979032	11848	2426	0	0.043515667000000001
20260909	69	upward_scan	51.238272458932009	3.1662362253326362	15468	3233	0	0.039818874999999997
20260909	70	uniform_accepted	32.085300638343497	-18.921863529335816	12257	2474	0	0.028636417000000001
20260909	70	upward_scan	77.281580182910361	21.442776712667474	21133	4412	0	0.052108250000000002
20260909	71	uniform_accepted	29.24039372561916	-24.22984387141647	13478	2802	0	0.035061457999999997
20260909	71	upward_scan	79.964598372873084	13.794464047772916	24685	5143	0	0.067385125000000004
20260909	72	uniform_accepted	25.304251527354875	-24.620206656287671	10947	2273	0	0.027746625
20260909	72	upward_scan	71.480810833466776	15.815464668967763	21650	4520	0	0.055538125000000001
20260909	73	uniform_accepted	31.897699787769316	-18.462150999824445	14459	3034	0	0.036784125000000001
20260909	73	upward_scan	75.12620865594198	19.307923211509024	23359	4869	0	0.060619667000000002
20260909	74	uniform_accepted	36.207199301964074	-10.79131876763471	15874	3264	0	0.043369583000000003
20260909	74	upward_scan	65.409627178104429	10.143983891620547	18753	3911	0	0.045375249999999999
20260909	75	uniform_accepted	33.306008170949106	-19.344937044075859	13210	2773	0	0.037314083999999997
20260909	75	upward_scan	59.522319712439376	12.74853532943885	19409	4041	0	0.050354458999999997
20260909	76	uniform_accepted	41.35587668009132	-9.9229889231982575	17438	3593	0	0.046329583000000001
20260909	76	upward_scan	65.533152816579928	9.585732574298877	21993	4586	0	0.058215708999999997
20260909	77	uniform_accepted	40.587310304835007	-12.09209539358843	16305	3431	0	0.044093291999999999
20260909	77	upward_scan	71.282431016658521	12.096580906181792	23133	4820	0	0.060957791999999997
20260909	78	uniform_accepted	34.548904800476848	-9.6616115356483956	15804	3228	0	0.039574917000000001
20260909	78	upward_scan	56.144423457555625	6.964957022437984	16742	3509	0	0.041909124999999998
20260909	79	uniform_accepted	20.494385823720709	-37.316949120974947	12708	2613	0	0.034033915999999997
20260909	79	upward_scan	48.426191213246561	3.0129640278377554	15064	3146	0	0.038986541999999999
20260909	80	uniform_accepted	28.757521369198216	-26.234638956478317	13296	2779	0	0.037114292
20260909	80	upward_scan	76.204693051360437	21.378999746615701	22747	4735	0	0.057091250000000003
20260909	81	uniform_accepted	35.859960329078589	-8.8886719456420735	13772	2857	0	0.036640125000000003
20260909	81	upward_scan	66.35635614874414	18.001027666021692	20296	4238	0	0.053427584
20260909	82	uniform_accepted	48.253835880390945	-11.740918862146435	16474	3482	0	0.04658375
20260909	82	upward_scan	71.019026378168647	18.115706612410413	21114	4404	0	0.059406750000000001
20260909	83	uniform_accepted	35.412175218115628	-13.624088937667352	15995	3281	0	0.051295583999999998
20260909	83	upward_scan	58.529949715530385	9.0603209810412082	17857	3715	0	0.046918708000000003
20260909	84	uniform_accepted	40.539720845591731	-6.7507515704614214	16210	3407	0	0.042930250000000003
20260909	84	upward_scan	71.034703956553301	18.246106101044301	23423	4869	0	0.063330165999999993
20260909	85	uniform_accepted	39.291152475337469	-13.656405783467804	13401	2751	0	0.033942750000000001
20260909	85	upward_scan	67.305130066378027	13.252381585785509	20585	4297	0	0.053083999999999999
20260909	86	uniform_accepted	43.450184354163909	-11.448797536745312	15079	3069	0	0.038169124999999998
20260909	86	upward_scan	64.532066073550453	13.677081306523657	19781	4137	0	0.051459291999999997
20260909	87	uniform_accepted	36.491180136828504	-15.180276549164304	13332	2785	0	0.033842999999999998
20260909	87	upward_scan	80.603439517593102	19.732306255772933	24317	5086	0	0.060931582999999997
20260909	88	uniform_accepted	27.913340252230931	-23.020841091093704	11020	2268	0	0.027596709000000001
20260909	88	upward_scan	58.041314695681372	6.6055043407223923	19152	3995	0	0.053684250000000003
20260909	89	uniform_accepted	33.440101971191282	-20.930519240096139	12641	2645	0	0.032024583000000002
20260909	89	upward_scan	71.019002213084846	12.862047154786945	20744	4319	0	0.052696125000000003
20260909	90	uniform_accepted	38.901032309181119	-16.39695611371739	15221	3153	0	0.039490292000000003
20260909	90	upward_scan	55.524550060194002	9.050821587956392	16607	3460	0	0.070312583999999997
20260909	91	uniform_accepted	32.011591034470356	-19.320558217760968	11854	2451	0	0.054376082999999999
20260909	91	upward_scan	52.469693215124984	5.1318327234063688	17977	3752	0	0.050751207999999999
20260909	92	uniform_accepted	37.921515984336374	-9.0004392784527631	14519	3034	0	0.038929666000000002
20260909	92	upward_scan	57.931363556067318	6.6642305026533197	19046	3964	0	0.053305375000000002
20260909	93	uniform_accepted	40.441411466333108	-6.4877202734965334	16825	3491	0	0.047137749999999999
20260909	93	upward_scan	68.368316372729808	13.896000915592106	21051	4380	0	0.052634124999999997
20260909	94	uniform_accepted	33.676239719071141	-15.481136650238405	13437	2827	0	0.034470750000000001
20260909	94	upward_scan	77.819067229660718	21.900258653790065	25876	5395	0	0.071522666999999998
20260909	95	uniform_accepted	30.272045402440288	-24.58808404172078	12832	2675	0	0.033213208000000001
20260909	95	upward_scan	69.220734401861975	14.09685410537921	21166	4421	0	0.054176166999999997
20260909	96	uniform_accepted	29.510725007415019	-18.521923426099058	14734	3054	0	0.040172083999999997
20260909	96	upward_scan	59.902677989641745	9.0978512993532323	18168	3793	0	0.047629999999999999
20260909	97	uniform_accepted	28.527533320525837	-26.052385625093351	10648	2207	0	0.024219250000000001
20260909	97	upward_scan	72.380712465460249	17.551901362588346	23534	4907	0	0.064231250000000004
20260909	98	uniform_accepted	28.284243063846699	-29.344150430676432	14499	2986	0	0.036322874999999998
20260909	98	upward_scan	76.250039177564943	18.80162195032521	23273	4842	0	0.059597292000000003
20260909	99	uniform_accepted	27.265290285127193	-28.899919348802356	12743	2646	0	0.031592374999999999
20260909	99	upward_scan	67.466530981715721	13.174568978266317	22063	4588	0	0.098816417000000004
20260909	100	uniform_accepted	39.709406167111474	-11.96664702759006	13577	2797	0	0.052915249999999997
20260909	100	upward_scan	61.939707267772476	12.116380671697678	18630	3892	0	0.062470458
20260909	101	uniform_accepted	37.815671296322982	-17.274352504420673	17568	3608	0	0.047971624999999997
20260909	101	upward_scan	71.740915591091337	15.997824856477328	23924	4972	0	0.068947750000000002
20260909	102	uniform_accepted	29.490585750357653	-21.509108056631149	14805	3072	0	0.041215666999999997
20260909	102	upward_scan	67.29308551952073	15.648362653573663	20315	4231	0	0.055200041999999998
20260909	103	uniform_accepted	32.205188501636165	-12.921760287304554	16233	3337	0	0.043556208999999999
20260909	103	upward_scan	62.907125034257028	13.177981997513061	18668	3900	0	0.044999625000000001
20260909	104	uniform_accepted	31.692276153280968	-19.364895494004291	12111	2495	0	0.030167040999999999
20260909	104	upward_scan	73.445454238772214	16.342413790068615	23135	4818	0	0.060662000000000001
20260909	105	uniform_accepted	36.273539183969973	-6.1494793409435609	14200	2919	0	0.035032665999999997
20260909	105	upward_scan	63.282251451330005	12.930386243127559	19809	4144	0	0.055778915999999998
20260909	106	uniform_accepted	33.015630917121051	-13.274991331541056	13468	2774	0	0.035312000000000003
20260909	106	upward_scan	73.53320917528346	19.678177604285978	24521	5100	0	0.065587583000000005
20260909	107	uniform_accepted	31.17085283106525	-21.110949622905117	10366	2146	0	0.024112792000000001
20260909	107	upward_scan	64.348694336310473	7.6287687941046931	18005	3751	0	0.043870209
20260909	108	uniform_accepted	43.631657448447214	-3.898974459190546	17628	3681	0	0.045947208000000003
20260909	108	upward_scan	65.558230285296688	13.472068206916362	19601	4086	0	0.050496958000000002
20260909	109	uniform_accepted	36.839966597460069	-17.697593695661784	13760	2868	0	0.036285458
20260909	109	upward_scan	61.584085703592265	10.790479088126284	20564	4290	0	0.054083790999999999
20260909	110	uniform_accepted	35.286265979286995	-18.018043027404978	14631	3043	0	0.035231040999999998
20260909	110	upward_scan	74.014397793434384	18.132480225928834	22147	4626	0	0.055371999999999998
20260909	111	uniform_accepted	31.214333192562489	-15.81648537164941	13024	2687	0	0.034904999999999999
20260909	111	upward_scan	59.349654400461141	11.744003344168084	18262	3811	0	0.049218375000000002
20260909	112	uniform_accepted	28.257959289026378	-25.071498727408365	12944	2695	0	0.034489791999999998
20260909	112	upward_scan	55.695640421874174	10.792509950575253	18043	3751	0	0.048667457999999997
20260909	113	uniform_accepted	31.040929316318746	-17.755414885547182	13403	2803	0	0.033528000000000002
20260909	113	upward_scan	57.539087920798295	8.9207954924736246	17147	3573	0	0.044482208000000002
20260909	114	uniform_accepted	34.391318057403296	-12.721205616543099	14150	2968	0	0.036434374999999998
20260909	114	upward_scan	61.260788145472659	7.9244645004800178	19399	4027	0	0.047707125000000003
20260909	115	uniform_accepted	38.224427667760168	-16.985185800926619	15374	3216	0	0.042479125
20260909	115	upward_scan	56.374086051680628	9.1300118599064746	18003	3769	0	0.047409540999999999
20260909	116	uniform_accepted	25.640383132801151	-27.437237790015399	11672	2480	0	0.034182917
20260909	116	upward_scan	71.679239939149568	17.202011782314205	22190	4630	0	0.060056167000000001
20260909	117	uniform_accepted	28.677677273223061	-23.946161592959651	13441	2729	0	0.034742500000000003
20260909	117	upward_scan	58.14721434463717	9.108102222605142	19180	3985	0	0.052285333000000003
20260909	118	uniform_accepted	27.29231322408355	-24.947185487435675	12892	2721	0	0.034434666000000003
20260909	118	upward_scan	67.972429259044304	14.91618400516818	20593	4280	0	0.05720625
20260909	119	uniform_accepted	35.437562842638776	-17.940242442535641	15684	3299	0	0.044223790999999998
20260909	119	upward_scan	69.70698801422769	17.054509222728804	20640	4294	0	0.048613042000000002
20260909	120	uniform_accepted	35.435477032495484	-24.315576586406792	14907	3063	0	0.041627249999999998
20260909	120	upward_scan	68.014187516323219	12.558525934514094	22041	4582	0	0.058666749999999997
20260909	121	uniform_accepted	30.346248742772353	-27.220665136231258	15194	3205	0	0.043711874999999997
20260909	121	upward_scan	78.509560086309847	16.809189206103035	24411	5090	0	0.066137165999999997
20260909	122	uniform_accepted	28.91649966291968	-17.432575618111887	10701	2237	0	0.025870000000000001
20260909	122	upward_scan	83.821312560313118	22.649384382313606	27439	5723	0	0.077029291999999999
20260909	123	uniform_accepted	31.2810214546842	-20.649557909584058	14004	2897	0	0.036970584000000001
20260909	123	upward_scan	61.225842159489304	13.291312121595656	19755	4116	0	0.057571540999999997
20260909	124	uniform_accepted	33.196813194815761	-23.461004365925465	13223	2767	0	0.037095833000000002
20260909	124	upward_scan	82.128944493831384	23.364112817753952	25969	5414	0	0.075953667000000002
20260909	125	uniform_accepted	33.873192391929621	-25.27215363633054	13740	2818	0	0.040414541999999998
20260909	125	upward_scan	65.900603757349288	11.681165018943229	20614	4321	0	0.054158916000000001
20260909	126	uniform_accepted	30.607000437860506	-13.787828896136674	15029	3196	0	0.036325125
20260909	126	upward_scan	70.865384995080234	13.204149522294992	19198	3994	0	0.047325875000000003
20260909	127	uniform_accepted	39.093863965596334	-17.484636677618738	14381	2981	0	0.037478457999999999
20260909	127	upward_scan	66.472051046086492	14.881039935767348	22338	4639	0	0.060864707999999997
20260909	128	uniform_accepted	37.810613958976951	-15.163378658241648	13119	2759	0	0.035180957999999998
20260909	128	upward_scan	66.344349534186378	13.772186192895077	20077	4199	0	0.054272415999999997
20260909	129	uniform_accepted	36.691078520364449	-20.42331842050784	15490	3254	0	0.042549334000000001
20260909	129	upward_scan	74.64862019729722	20.13799025828272	23084	4804	0	0.058896999999999998
20260909	130	uniform_accepted	29.834864791822476	-22.90148011757173	14115	2948	0	0.036616999999999997
20260909	130	upward_scan	64.201436780474964	15.15380536368543	20915	4354	0	0.055897334
20260909	131	uniform_accepted	41.096397532281671	-9.8037315521640789	15295	3173	0	0.039747457999999999
20260909	131	upward_scan	62.004208886797763	12.879314408883815	20468	4272	0	0.054014291999999998
20260909	132	uniform_accepted	33.434943272012333	-14.64190951621425	13964	2935	0	0.036714083000000002
20260909	132	upward_scan	67.100877307125543	12.394658521686516	21291	4442	0	0.057860709000000003
20260909	133	uniform_accepted	34.757938074382693	-14.022507772051632	14724	3048	0	0.037085666000000003
20260909	133	upward_scan	62.963132339377658	15.617472638121422	19004	3946	0	0.050696959
20260909	134	uniform_accepted	38.159994315955629	-25.809675129626307	13993	2843	0	0.032830125000000002
20260909	134	upward_scan	64.492096308915094	15.965296771261878	21090	4405	0	0.060907833000000001
20260909	135	uniform_accepted	36.802161293826089	-13.068980482637196	14354	2975	0	0.039222667000000003
20260909	135	upward_scan	65.629029398440338	9.2447229458692597	20445	4267	0	0.052173292000000003
20260909	136	uniform_accepted	28.047334306172885	-18.669256278650035	11522	2430	0	0.031494167000000003
20260909	136	upward_scan	54.376167698835303	4.9692480514113937	16795	3502	0	0.046273500000000002
20260909	137	uniform_accepted	37.625083623611168	-12.33772096831717	14666	3063	0	0.038993417000000002
20260909	137	upward_scan	67.252124789535586	11.552862590979933	22676	4732	0	0.059827875000000003
20260909	138	uniform_accepted	33.802937350842797	-13.547904501506085	14025	2892	0	0.038627666999999997
20260909	138	upward_scan	58.808356140567831	11.527704550486305	17302	3618	0	0.0469655
20260909	139	uniform_accepted	29.709933199406596	-15.798140436895778	13647	2867	0	0.033242750000000001
20260909	139	upward_scan	64.003858518134123	13.772209375451846	19567	4079	0	0.055760667
20260909	140	uniform_accepted	27.609474532842828	-19.413833595414999	11129	2326	0	0.02928275
20260909	140	upward_scan	71.35699365650504	16.280558551028182	22767	4741	0	0.061170792000000002
20260909	141	uniform_accepted	23.776298543929116	-31.322861758492905	13694	2824	0	0.034562707999999998
20260909	141	upward_scan	70.165058420317692	19.313616787793261	20724	4316	0	0.056696292000000002
20260909	142	uniform_accepted	39.706707856970539	-13.761800496215674	13591	2869	0	0.037334332999999997
20260909	142	upward_scan	55.65074724351134	6.8610827965855936	17886	3736	0	0.044921541000000002
20260909	143	uniform_accepted	37.860251260302924	-8.8427553808238102	13474	2785	0	0.034563416999999999
20260909	143	upward_scan	56.571220059866263	9.1207636086191162	17304	3610	0	0.045943917000000001
20260909	144	uniform_accepted	29.428615139543947	-18.687553961886138	16153	3290	0	0.044089875000000001
20260909	144	upward_scan	58.935505592523796	12.302352369052947	19307	4020	0	0.049977500000000001
20260909	145	uniform_accepted	31.100231048185478	-15.601747964346981	13658	2858	0	0.035703541999999998
20260909	145	upward_scan	69.990395380614572	16.140895931942261	20586	4286	0	0.049697875000000002
20260909	146	uniform_accepted	28.19375612044869	-26.250096476974068	11825	2494	0	0.030156249999999999
20260909	146	upward_scan	75.325085945998921	20.215430310085384	24141	5030	0	0.065174124999999999
20260909	147	uniform_accepted	27.7427054283031	-23.576090214519816	12056	2548	0	0.030109708999999998
20260909	147	upward_scan	61.561355074771932	13.951703994616384	18663	3881	0	0.050478708999999997
20260909	148	uniform_accepted	48.931448901081438	-5.7639324913165524	17525	3698	0	0.044142458000000002
20260909	148	upward_scan	59.867854414747086	10.362003736179293	18887	3953	0	0.050078167
20260909	149	uniform_accepted	39.267049522111506	-13.389796504654415	14821	3100	0	0.038214999999999999
20260909	149	upward_scan	69.551049241085025	10.190110751273879	23130	4829	0	0.057044625000000002
20260909	150	uniform_accepted	35.697104514385479	-14.599416932276728	16828	3457	0	0.049488540999999997
20260909	150	upward_scan	63.268691406032687	8.5427619549126455	19451	4068	0	0.053897
20260909	151	uniform_accepted	32.667148178705489	-22.835209939597721	12737	2624	0	0.032704207999999999
20260909	151	upward_scan	58.457162386264358	11.313361950596747	19812	4133	0	0.055923291999999999
20260909	152	uniform_accepted	38.070245473408612	-11.573593090499585	15136	3114	0	0.040315375000000001
20260909	152	upward_scan	71.144566187790417	18.608435257076561	21788	4546	0	0.056708500000000002
20260909	153	uniform_accepted	37.01856159690513	-10.410101932072941	13374	2790	0	0.031601875000000001
20260909	153	upward_scan	77.254870460292821	16.559235740856373	23357	4860	0	0.063337375000000001
20260909	154	uniform_accepted	21.719884392344316	-28.637007601083884	14990	3153	0	0.041376042000000002
20260909	154	upward_scan	73.641309822943015	15.97499360219304	20986	4364	0	0.047261791999999997
20260909	155	uniform_accepted	33.638272539202006	-25.840526083816982	14299	2957	0	0.033437333999999999
20260909	155	upward_scan	80.509368314496257	18.697576483249239	24537	5116	0	0.061882667000000002
20260909	156	uniform_accepted	32.789782967825772	-19.636386685414745	13496	2808	0	0.035500834000000002
20260909	156	upward_scan	76.820666980033096	21.286500104872669	26842	5603	0	0.075523750000000001
20260909	157	uniform_accepted	24.007894960297115	-25.264894335442836	9791	2102	0	0.026373667
20260909	157	upward_scan	73.121351142124894	16.486497832285394	21698	4532	0	0.054683416999999998
20260909	158	uniform_accepted	42.384805336111441	-11.894793636780655	14079	2979	0	0.036498915999999999
20260909	158	upward_scan	61.148312993725554	9.9913710893043959	19625	4103	0	0.052884832999999999
20260909	159	uniform_accepted	28.541493950452733	-16.945560690358729	10192	2142	0	0.026551584
20260909	159	upward_scan	62.728835199632393	10.410740898273946	18547	3878	0	0.045982665999999998
20260909	160	uniform_accepted	41.003948938480988	-8.7581548436024583	15108	3147	0	0.042859874999999999
20260909	160	upward_scan	57.903635756632099	11.361121706845372	18392	3847	0	0.047205292000000003
20260909	161	uniform_accepted	43.234385700453878	-11.614822794164606	14045	2904	0	0.038719166999999999
20260909	161	upward_scan	66.631236986725312	16.277260591112867	21112	4388	0	0.057352667000000003
20260909	162	uniform_accepted	39.853413276482968	-12.43846315967059	16166	3365	0	0.045049249999999999
20260909	162	upward_scan	65.182521399695887	12.517794012354118	18747	3903	0	0.049868999999999997
20260909	163	uniform_accepted	36.008508827782755	-11.808273623309024	13341	2791	0	0.040667583
20260909	163	upward_scan	68.071940350085001	17.647173482178101	20506	4274	0	0.099696416999999996
20260909	164	uniform_accepted	31.418678286933019	-16.555040123430206	13307	2773	0	0.046341041999999999
20260909	164	upward_scan	75.42295913194782	20.894329712854503	23955	4982	0	0.10604025
20260909	165	uniform_accepted	33.883478956303506	-16.290934858194451	14599	3060	0	0.045346334000000002
20260909	165	upward_scan	73.366873619345483	19.416498781249235	22475	4664	0	0.057566959000000001
20260909	166	uniform_accepted	34.773860419377449	-12.558541282566862	13067	2737	0	0.032978041999999999
20260909	166	upward_scan	82.545048375670319	22.782422879888262	26595	5551	0	0.075934000000000001
20260909	167	uniform_accepted	36.385585307953193	-12.875975511199973	13850	2857	0	0.038044666999999997
20260909	167	upward_scan	63.384557518154502	11.847621171678433	18130	3782	0	0.048656334000000002
20260909	168	uniform_accepted	33.197672913525885	-21.136424581454374	12014	2493	0	0.032662125
20260909	168	upward_scan	55.684832637320028	11.937181011347841	17193	3569	0	0.046266957999999997
20260909	169	uniform_accepted	36.585220333481061	-12.192427200561502	13334	2781	0	0.035798666999999999
20260909	169	upward_scan	71.572695251711934	15.20400538816981	20805	4340	0	0.057685958000000002
20260909	170	uniform_accepted	26.039255010773712	-21.685395872834597	12598	2653	0	0.034413082999999997
20260909	170	upward_scan	87.6813591014579	21.757907345921453	28698	5975	0	0.076771416999999995
20260909	171	uniform_accepted	30.796031247244073	-18.583949541093993	15061	3113	0	0.040782332999999997
20260909	171	upward_scan	81.199920102336236	21.934464949250721	26370	5479	0	0.075012707999999997
20260909	172	uniform_accepted	28.793150756369158	-22.283735215588639	12338	2558	0	0.031442333000000003
20260909	172	upward_scan	67.802911819895272	16.349915119471319	19663	4087	0	0.048569915999999998
20260909	173	uniform_accepted	42.766972400824599	-2.3731319170125706	15792	3306	0	0.064627833999999995
20260909	173	upward_scan	86.396211733984472	22.781527582444049	26927	5609	0	0.103046333
20260909	174	uniform_accepted	25.040602116824168	-27.310827646560366	11562	2447	0	0.038240916
20260909	174	upward_scan	74.598718001858003	12.769066755527021	21529	4483	0	0.057610042
20260909	175	uniform_accepted	33.113561693806815	-20.380572709096327	14791	3085	0	0.040433583000000002
20260909	175	upward_scan	55.567001631247116	7.8742633692616781	16799	3486	0	0.041914290999999999
20260909	176	uniform_accepted	31.715743430864897	-21.867138885960838	13505	2753	0	0.035146125
20260909	176	upward_scan	50.941020383653687	7.283779903182606	16368	3409	0	0.048824332999999998
20260909	177	uniform_accepted	37.712446160404056	-11.090356878345435	12578	2607	0	0.033606542000000003
20260909	177	upward_scan	63.234892527761822	15.187691586654136	19583	4081	0	0.053507667000000002
20260909	178	uniform_accepted	36.396518343537615	-20.128208161756952	12730	2625	0	0.032372458
20260909	178	upward_scan	63.002984857055452	14.709569027144962	19281	4025	0	0.051025833
20260909	179	uniform_accepted	33.105396217192506	-19.267522448552707	13690	2860	0	0.037834125000000003
20260909	179	upward_scan	64.456233581024406	11.825910860134165	20947	4365	0	0.054423375000000003
20260909	180	uniform_accepted	31.446238854696333	-20.93200674794414	13727	2816	0	0.036403249999999998
20260909	180	upward_scan	61.342042174676983	8.3697942142934281	18714	3897	0	0.051423749999999997
20260909	181	uniform_accepted	35.005420566802634	-26.977530457212989	14803	3073	0	0.043088416999999997
20260909	181	upward_scan	46.757795133012358	0.59755172926949718	14010	2922	0	0.037628542000000001
20260909	182	uniform_accepted	35.925175391467704	-12.583707592634054	14785	3073	0	0.043831000000000002
20260909	182	upward_scan	69.836679797967875	17.291073116597211	21381	4454	0	0.063398625
20260909	183	uniform_accepted	36.608532879735058	-20.028522889569196	15487	3157	0	0.049866708000000003
20260909	183	upward_scan	45.170913013203013	2.4347366075610162	12955	2704	0	0.036874375000000001
20260909	184	uniform_accepted	24.638440009230344	-35.419298383593357	11775	2424	0	0.032404209000000003
20260909	184	upward_scan	70.895482102727954	18.297743282902925	20828	4342	0	0.056839209000000002
20260909	185	uniform_accepted	31.945465035846215	-15.388449090081677	13784	2835	0	0.037035582999999997
20260909	185	upward_scan	74.865572909890858	15.828171267192559	23100	4805	0	0.063830082999999996
20260909	186	uniform_accepted	31.08243579741649	-11.364838537730998	12754	2632	0	0.032677708
20260909	186	upward_scan	67.689816212992085	15.364258273887229	21582	4496	0	0.0631525
20260909	187	uniform_accepted	41.481098138430021	-4.3167665650747864	14867	3078	0	0.037962542000000002
20260909	187	upward_scan	60.002706237522887	9.1693382641338452	18355	3824	0	0.048211249999999997
20260909	188	uniform_accepted	35.329620630049895	-17.148469450006331	13972	2884	0	0.035004458000000002
20260909	188	upward_scan	62.016488637984679	9.0261417982383776	19454	4042	0	0.047716000000000001
20260909	189	uniform_accepted	41.982855724720466	-18.317585398368408	12820	2685	0	0.033474375000000001
20260909	189	upward_scan	53.871774404611735	8.721103197153159	17056	3556	0	0.045812125000000002
20260909	190	uniform_accepted	26.211219107561163	-28.942322604794779	12545	2603	0	0.033483917000000002
20260909	190	upward_scan	62.92617647901033	13.097603041856587	18747	3908	0	0.049947083000000003
20260909	191	uniform_accepted	29.798489970678418	-17.746870602679227	11218	2382	0	0.031608457999999999
20260909	191	upward_scan	72.704044767674205	17.037957575524779	22786	4757	0	0.059356582999999997
20260909	192	uniform_accepted	32.411765350933003	-16.123496990981288	12333	2556	0	0.030691916
20260909	192	upward_scan	66.856611408021806	12.918699455187932	21104	4397	0	0.048773749999999998
20260909	193	uniform_accepted	36.393567044353631	-15.295015824908203	14506	2975	0	0.034104792000000002
20260909	193	upward_scan	71.078276895626914	20.475204744736736	21626	4508	0	0.057050125
20260909	194	uniform_accepted	31.128981374849502	-19.931406111802737	13608	2770	0	0.035204375000000003
20260909	194	upward_scan	55.741136617006489	7.2093283005049216	17178	3580	0	0.045489250000000002
20260909	195	uniform_accepted	23.811867099255327	-26.784917778502127	11493	2356	0	0.029098167000000001
20260909	195	upward_scan	56.868725825885527	7.9808084429286605	17910	3745	0	0.051250916000000001
20260909	196	uniform_accepted	25.005444942404171	-29.903804950875259	12100	2477	0	0.031030499999999999
20260909	196	upward_scan	85.620080066230429	28.330166366483908	27129	5643	0	0.071967749999999997
20260909	197	uniform_accepted	38.044258053486502	-13.04891460563945	14380	2954	0	0.036296415999999998
20260909	197	upward_scan	62.643249645836448	10.779925546566353	21384	4448	0	0.059668958000000001
20260909	198	uniform_accepted	34.304297259183045	-18.801967485418345	13068	2744	0	0.03405275
20260909	198	upward_scan	71.324334989316725	12.902936290230592	21556	4501	0	0.062965750000000001
20260909	199	uniform_accepted	29.216244802232072	-13.345915453812152	13397	2724	0	0.034417457999999998
20260909	199	upward_scan	63.399430277437467	13.546054485317324	17352	3621	0	0.048077624999999999
20260909	200	uniform_accepted	30.747095358920127	-24.966517481918935	13587	2812	0	0.035326375
20260909	200	upward_scan	63.832038390591116	14.052111221595961	19550	4068	0	0.055990875000000002
20260909	201	uniform_accepted	38.558192916029959	-15.542471275093281	15976	3320	0	0.048781291999999997
20260909	201	upward_scan	55.771032496816147	9.8858341840165807	16929	3545	0	0.050931999999999998
20260909	202	uniform_accepted	29.748990408417068	-17.414596726666474	13940	2855	0	0.037838458999999998
20260909	202	upward_scan	68.022266343742345	11.020364276917299	19465	4063	0	0.055979291
20260909	203	uniform_accepted	33.658149400143664	-17.975452439119781	15088	3110	0	0.043858208000000003
20260909	203	upward_scan	55.348789078659152	7.2141728885662291	16009	3343	0	0.069839125000000002
20260909	204	uniform_accepted	43.112387473487892	-16.698042413145465	14572	3035	0	0.074421957999999996
20260909	204	upward_scan	87.79490049146797	26.817543344451568	26058	5428	0	0.075986541000000005
20260909	205	uniform_accepted	37.190657262696078	-20.007254143190494	17486	3615	0	0.055189250000000002
20260909	205	upward_scan	70.280081848823286	15.558701752345481	22580	4700	0	0.062287042000000001
20260909	206	uniform_accepted	31.453074539543667	-16.91859836089402	14554	3067	0	0.039310791999999997
20260909	206	upward_scan	54.319192679634909	2.4320613285874955	16502	3446	0	0.041000707999999997
20260909	207	uniform_accepted	30.892249471008313	-21.258639496531806	12706	2572	0	0.032333041
20260909	207	upward_scan	69.861290002419338	17.16005877165011	20416	4257	0	0.05060825
20260909	208	uniform_accepted	33.152299781869758	-18.895979670995306	14531	2992	0	0.039017958999999998
20260909	208	upward_scan	58.57122033831115	10.604947848566036	18121	3780	0	0.046235540999999998
20260909	209	uniform_accepted	37.18324581546846	-10.510149775028845	13922	2885	0	0.036285917000000001
20260909	209	upward_scan	60.88305505050684	9.5244921632845472	18127	3779	0	0.046804749999999999
20260909	210	uniform_accepted	29.897904659256714	-27.453531838783618	13684	2903	0	0.038581834000000002
20260909	210	upward_scan	74.85947967828794	20.605499932070511	23454	4883	0	0.066455125000000004
20260909	211	uniform_accepted	33.98896970796212	-16.507800720817126	14551	3067	0	0.038271958000000002
20260909	211	upward_scan	67.749874312085112	17.758473927556221	20995	4360	0	0.050645083
20260909	212	uniform_accepted	29.466670825955607	-19.936107083106243	14356	2921	0	0.037897708000000002
20260909	212	upward_scan	59.681570797997601	7.9645998769626534	20274	4219	0	0.054790125000000002
20260909	213	uniform_accepted	38.088864614801764	-21.995409661115044	16955	3526	0	0.047378666999999999
20260909	213	upward_scan	48.791971387676746	5.1478711819701441	14588	3053	0	0.036436333000000001
20260909	214	uniform_accepted	42.607713603752771	-4.2315530992444996	15681	3287	0	0.039819083999999998
20260909	214	upward_scan	76.045123808790791	19.90995442796644	23671	4935	0	0.058434374999999997
20260909	215	uniform_accepted	24.833429705346827	-23.986412970037957	14389	2946	0	0.038778667000000003
20260909	215	upward_scan	49.473772629105603	3.8416821214478887	14909	3106	0	0.039305041999999998
20260909	216	uniform_accepted	29.948442826540447	-26.856322602238183	14077	2925	0	0.037797290999999997
20260909	216	upward_scan	68.603375424023412	13.776674077066241	21465	4487	0	0.053731208000000003
20260909	217	uniform_accepted	33.193984013346089	-19.722659863099572	11634	2439	0	0.031557666999999998
20260909	217	upward_scan	57.536627707121241	8.6961783149397007	18331	3842	0	0.048975125000000001
20260909	218	uniform_accepted	34.841112631804506	-14.714572210659611	12960	2718	0	0.032964582999999999
20260909	218	upward_scan	52.59353635632322	1.9509563580639835	16890	3513	0	0.047324083000000003
20260909	219	uniform_accepted	28.967110502352281	-23.636913724249283	14285	3021	0	0.039727667000000001
20260909	219	upward_scan	61.050612001885703	12.356774580239426	18729	3906	0	0.050624374999999999
20260909	220	uniform_accepted	29.009156164764601	-23.924293030626867	13901	2914	0	0.037003874999999999
20260909	220	upward_scan	55.104305593720916	6.4560454816161172	18337	3827	0	0.046893249999999997
20260909	221	uniform_accepted	37.16981465609814	-23.48818530347631	14554	2997	0	0.036418417000000002
20260909	221	upward_scan	68.446439368770854	14.908068583075146	22861	4742	0	0.065140375
20260909	222	uniform_accepted	37.13775074251506	-10.734308758920287	15093	3161	0	0.040745458999999998
20260909	222	upward_scan	64.662865639600923	10.618978888793929	22048	4597	0	0.061267500000000003
20260909	223	uniform_accepted	42.308228739707332	-9.5887323040471237	17734	3735	0	0.052186875000000001
20260909	223	upward_scan	73.236935740391374	16.869169102517684	20694	4315	0	0.056311124999999997
20260909	224	uniform_accepted	37.352759862371585	-9.7191888939813733	13267	2757	0	0.036586166000000003
20260909	224	upward_scan	78.639913375163317	18.195212789480998	24204	5028	0	0.062309457999999998
20260909	225	uniform_accepted	30.232796052303748	-17.189951000900287	15225	3097	0	0.041949417000000003
20260909	225	upward_scan	75.710012995573109	18.931880537751749	23122	4834	0	0.064538708
20260909	226	uniform_accepted	27.694378525863986	-29.316258662404394	13189	2761	0	0.038412457999999997
20260909	226	upward_scan	68.862744906981348	15.54292854905826	20447	4279	0	0.051902249999999997
20260909	227	uniform_accepted	26.728992838946247	-20.335280655827511	12251	2500	0	0.033342042000000002
20260909	227	upward_scan	55.775681096451287	5.1566740652136636	17466	3631	0	0.042307083000000002
20260909	228	uniform_accepted	35.64252364561824	-13.54911194990019	14802	3082	0	0.036119999999999999
20260909	228	upward_scan	72.054483015202251	13.757840943735182	22339	4642	0	0.066162541000000005
20260909	229	uniform_accepted	31.434117359841448	-20.662027402514699	14038	2927	0	0.037624499999999998
20260909	229	upward_scan	72.109428085473937	15.257456691436895	22577	4704	0	0.069345917000000007
20260909	230	uniform_accepted	39.270914633049031	-11.585310360278342	14760	3059	0	0.036530291999999999
20260909	230	upward_scan	75.464891177386548	19.340648332959688	23826	4954	0	0.062052208999999997
20260909	231	uniform_accepted	39.491651271118876	-8.3161640212044023	13718	2845	0	0.039845875000000003
20260909	231	upward_scan	57.265652779895163	10.779802412068962	18189	3781	0	0.047812
20260909	232	uniform_accepted	32.297817627292709	-14.420432667481451	12354	2613	0	0.032500666999999997
20260909	232	upward_scan	57.02920005480145	2.3672536335589864	17585	3684	0	0.044040084
20260909	233	uniform_accepted	37.336243318088989	-12.45846653174921	15971	3323	0	0.043877790999999999
20260909	233	upward_scan	58.939758589087788	11.060355310301572	20322	4233	0	0.053797875000000002
20260909	234	uniform_accepted	27.417378808006898	-16.521494839653073	12516	2558	0	0.031679208
20260909	234	upward_scan	70.347356500053522	17.557844747966712	20575	4291	0	0.051853375
20260909	235	uniform_accepted	32.709308277320289	-14.04846030871002	12979	2652	0	0.033055167000000003
20260909	235	upward_scan	72.228106425968207	16.439702861759091	23240	4847	0	0.064597541999999994
20260909	236	uniform_accepted	30.588967711415101	-16.595303936250687	11582	2413	0	0.028174624999999998
20260909	236	upward_scan	56.61312136996051	8.6955645905304131	17741	3701	0	0.045753542000000001
20260909	237	uniform_accepted	28.38331444404211	-20.894168070810895	12671	2610	0	0.030829333
20260909	237	upward_scan	63.609908475261008	9.5244395430372677	19339	4021	0	0.050669375000000003
20260909	238	uniform_accepted	30.271766465543145	-21.314728212323519	15163	3129	0	0.0427955
20260909	238	upward_scan	64.875643427330843	11.945631089704071	20410	4253	0	0.057071999999999998
20260909	239	uniform_accepted	25.53118486442062	-21.07066255795274	11060	2266	0	0.025288250000000002
20260909	239	upward_scan	82.890655032595689	22.030539101065195	23662	4935	0	0.060492542000000003
20260909	240	uniform_accepted	33.512484574147258	-22.820716509118604	13687	2778	0	0.035096542000000001
20260909	240	upward_scan	56.795600225517958	13.039223513494163	19020	3969	0	0.054085209000000002
20260909	241	uniform_accepted	31.922962725296138	-25.800317008560594	12445	2540	0	0.034515334000000002
20260909	241	upward_scan	82.602241130240159	22.455929358578956	25587	5340	0	0.069307832999999999
20260909	242	uniform_accepted	27.574512446491543	-26.822963948070907	12344	2620	0	0.034013083
20260909	242	upward_scan	58.725941483049752	13.121380211451443	18445	3837	0	0.049977959000000002
20260909	243	uniform_accepted	32.331073034573386	-21.940610796144622	14222	2921	0	0.036450791000000003
20260909	243	upward_scan	69.0935100309879	13.653148551798715	21561	4490	0	0.056992250000000001
20260909	244	uniform_accepted	26.163603047474247	-23.50258951863308	13669	2878	0	0.036844374999999999
20260909	244	upward_scan	58.468758388609025	7.3445816646083291	18546	3870	0	0.053352875000000001
20260909	245	uniform_accepted	24.281978986583976	-25.864734495194334	11525	2377	0	0.032456625000000003
20260909	245	upward_scan	72.683834668733709	14.352726596909001	23748	4937	0	0.065441833000000005
20260909	246	uniform_accepted	27.445587061468295	-21.925713100029093	13130	2687	0	0.036529499999999999
20260909	246	upward_scan	66.479045478606366	10.95354535974503	21354	4459	0	0.057268874999999997
20260909	247	uniform_accepted	36.610800831091368	-12.308372147621773	12981	2737	0	0.033566082999999997
20260909	247	upward_scan	78.575506331216886	23.569078031870237	22995	4799	0	0.059203125000000002
20260909	248	uniform_accepted	35.368599484119621	-14.650756275194373	14101	2921	0	0.036867958999999999
20260909	248	upward_scan	65.885080671644573	14.858744509073839	22817	4761	0	0.069600167000000004
20260909	249	uniform_accepted	31.284175953939897	-23.036929329522604	12822	2670	0	0.037342667000000003
20260909	249	upward_scan	71.926513043195982	18.869959084640811	22472	4684	0	0.062108083000000001
20260909	250	uniform_accepted	34.142172737266293	-16.792619416666554	13165	2762	0	0.035388416999999998
20260909	250	upward_scan	67.983846044598081	17.572318022006066	22478	4699	0	0.061762083000000002
20260909	251	uniform_accepted	41.768670695577633	-13.179142057040153	18185	3816	0	0.052982124999999998
20260909	251	upward_scan	72.153966156804415	18.225827231986763	24269	5049	0	0.067854958000000007
20260909	252	uniform_accepted	42.177129662635167	-3.5624411303482724	14640	3070	0	0.042661416000000001
20260909	252	upward_scan	72.80427854036121	13.248913891755942	22482	4685	0	0.059501458
20260909	253	uniform_accepted	36.544787911370271	-12.639242916274277	14203	2963	0	0.037396249999999999
20260909	253	upward_scan	71.795505107889596	19.146176559979828	20828	4351	0	0.055166208000000001
20260909	254	uniform_accepted	34.175655832261171	-17.616727437345222	15061	3179	0	0.041135499999999998
20260909	254	upward_scan	64.170574485325574	13.330566207868385	19527	4076	0	0.050623459000000003
20260909	255	uniform_accepted	34.884280742954211	-12.000712972610401	13531	2779	0	0.035435250000000001
20260909	255	upward_scan	78.594342876870101	16.823826169352383	24461	5101	0	0.061351042000000001
20260909	256	uniform_accepted	37.583380250732354	-15.410022413791747	14750	3080	0	0.038869459000000002
20260909	256	upward_scan	69.772304988002134	10.779371819604959	20483	4261	0	0.053849374999999998
20260909	257	uniform_accepted	31.647018362781736	-21.378552026979065	12197	2571	0	0.032411792000000002
20260909	257	upward_scan	62.985347565564972	13.994596648553268	17511	3667	0	0.041812792000000001
20260909	258	uniform_accepted	34.621387537089717	-18.357615482976396	13180	2756	0	0.035960333999999997
20260909	258	upward_scan	73.125302505849618	17.787295782849412	24967	5206	0	0.071848915999999999
20260909	259	uniform_accepted	32.317846414063787	-22.588183354667724	12693	2613	0	0.034713459000000002
20260909	259	upward_scan	74.338444545338902	14.921012458934523	23650	4915	0	0.065729082999999994
20260909	260	uniform_accepted	26.741672484252405	-33.216228684318189	13532	2836	0	0.037210417000000003
20260909	260	upward_scan	67.733984780429097	15.608462785745477	21947	4566	0	0.063523999999999997
20260909	261	uniform_accepted	36.413113253250785	-14.570506551493922	16228	3322	0	0.044754333
20260909	261	upward_scan	75.047746096819196	19.650722687527711	22626	4706	0	0.058282708000000003
20260909	262	uniform_accepted	34.04086775408971	-22.604639373033713	14696	2979	0	0.037694041999999997
20260909	262	upward_scan	70.893384648383318	19.568053471615769	23890	4974	0	0.068445292000000005
20260909	263	uniform_accepted	36.318790646166875	-18.013520590619379	16235	3371	0	0.045158375000000001
20260909	263	upward_scan	61.33887013284545	10.863026537626215	18540	3873	0	0.047702583999999999
20260909	264	uniform_accepted	34.61727958728661	-19.60010072460318	12614	2613	0	0.033213375000000003
20260909	264	upward_scan	62.026576660088786	13.806477848092758	19708	4106	0	0.053190208000000003
20260909	265	uniform_accepted	43.224203103669346	-10.128640831397663	15459	3238	0	0.037565459000000002
20260909	265	upward_scan	57.271457430414436	8.6637250875994241	18246	3801	0	0.0471665
20260909	266	uniform_accepted	31.774223984613904	-18.51911820916493	12623	2685	0	0.031276125000000002
20260909	266	upward_scan	60.270743197779694	10.341201088181888	17581	3654	0	0.041168292000000002
20260909	267	uniform_accepted	45.055826790953589	-3.4565807348215039	15179	3215	0	0.039691041000000003
20260909	267	upward_scan	66.628865356074087	15.176617727170424	21949	4572	0	0.061107000000000002
20260909	268	uniform_accepted	36.250396812968454	-15.481714968799336	15717	3191	0	0.040312874999999998
20260909	268	upward_scan	59.696013736071755	12.693166521011824	18811	3923	0	0.083878999999999995
20260909	269	uniform_accepted	37.718047038078609	-16.562616189345242	14725	3039	0	0.075508209000000007
20260909	269	upward_scan	60.962488115273509	11.316720729029104	18777	3910	0	0.048680792000000001
20260909	270	uniform_accepted	42.17479842084002	-12.371007239360157	17443	3571	0	0.045111499999999999
20260909	270	upward_scan	64.334201660553319	13.798846607407041	20280	4213	0	0.055444958000000003
20260909	271	uniform_accepted	31.230780593976419	-14.044099410446508	13116	2715	0	0.036830707999999997
20260909	271	upward_scan	72.522561411467294	13.983871370244628	22430	4676	0	0.060327290999999998
20260909	272	uniform_accepted	23.903652171461054	-28.202218342990076	14519	3052	0	0.042731582999999997
20260909	272	upward_scan	69.05755168349026	17.757982286075922	21389	4467	0	0.060168416000000002
20260909	273	uniform_accepted	32.582968544730065	-22.356284438704002	14729	3028	0	0.040307207999999997
20260909	273	upward_scan	62.950893599910415	10.567219427403295	18362	3827	0	0.044963875
20260909	274	uniform_accepted	31.71819322973046	-22.60910024963659	13366	2706	0	0.032681457999999997
20260909	274	upward_scan	53.494418770272389	6.9945133395396981	16172	3381	0	0.040538457999999999
20260909	275	uniform_accepted	43.955626926380354	-7.0434963432524915	15210	3172	0	0.042978875
20260909	275	upward_scan	63.756269200635579	12.229451999148365	21005	4380	0	0.056638750000000002
20260909	276	uniform_accepted	37.840683416438893	-16.63715441851539	12962	2705	0	0.031197374999999999
20260909	276	upward_scan	74.339697432091555	13.22389799104222	21583	4502	0	0.056388332999999999
20260909	277	uniform_accepted	33.95410173123085	-13.805951136899298	13892	2813	0	0.034917916
20260909	277	upward_scan	65.215116003074087	14.043630017986095	22010	4583	0	0.061905583
20260909	278	uniform_accepted	27.75316050069388	-28.387116923594103	15271	3058	0	0.038314208000000002
20260909	278	upward_scan	58.300878632057348	10.430046422519633	17568	3646	0	0.043265584000000003
20260909	279	uniform_accepted	26.057179077750444	-24.288937103092579	12654	2680	0	0.034676290999999998
20260909	279	upward_scan	64.179607025478361	14.287387406322841	19830	4128	0	0.054113458000000003
20260909	280	uniform_accepted	37.755175344317841	-10.664536442241495	12985	2690	0	0.033869375
20260909	280	upward_scan	71.254657844334716	17.559522307137492	22849	4771	0	0.059691124999999998
20260909	281	uniform_accepted	30.702662597547601	-25.048532907345788	15004	3084	0	0.043662667000000002
20260909	281	upward_scan	63.458073825959332	12.314525190667323	22090	4596	0	0.057169667
20260909	282	uniform_accepted	32.856896712539431	-27.616494976719672	14489	2994	0	0.036909333000000003
20260909	282	upward_scan	71.679094671176173	14.763900737039712	24001	5008	0	0.065427125000000003
20260909	283	uniform_accepted	34.056786816513579	-25.674163643236096	15734	3252	0	0.046182958000000003
20260909	283	upward_scan	67.506934280917775	14.760963020607845	20402	4242	0	0.055216000000000001
20260909	284	uniform_accepted	25.468837197131734	-28.570348086829664	10996	2330	0	0.029710416999999999
20260909	284	upward_scan	55.810993920055026	6.3267444120199476	17352	3608	0	0.045135000000000002
20260909	285	uniform_accepted	38.551021084843782	-11.761470927987032	15068	3184	0	0.043361457999999999
20260909	285	upward_scan	61.351757343688	11.015344620210893	19926	4151	0	0.058284374999999999
20260909	286	uniform_accepted	32.677803240969347	-24.418113023418396	11423	2401	0	0.026639916
20260909	286	upward_scan	63.385220549520028	12.873162614760972	21286	4437	0	0.057807958
20260909	287	uniform_accepted	29.579983261952957	-21.434628973276006	14100	2944	0	0.042213958000000003
20260909	287	upward_scan	50.867799255975548	1.568602744310764	14439	3004	0	0.035486792000000003
20260909	288	uniform_accepted	26.852649719668715	-25.7740294760791	11669	2413	0	0.030110542000000001
20260909	288	upward_scan	75.467574304416246	20.011108586657347	21651	4509	0	0.058925249999999998
20260909	289	uniform_accepted	31.876491342117511	-19.36028417232863	15400	3261	0	0.040848792000000002
20260909	289	upward_scan	63.752563125479057	14.829390594545561	18404	3839	0	0.045042041999999997
20260909	290	uniform_accepted	27.379851075567395	-27.270163892926753	12544	2635	0	0.031397374999999998
20260909	290	upward_scan	57.172997092326909	11.344953832081323	17538	3650	0	0.047991125000000003
20260909	291	uniform_accepted	39.862536374373391	-9.056214884763051	14072	3007	0	0.035096165999999998
20260909	291	upward_scan	74.389915045305187	19.408830412469989	23768	4948	0	0.059221583000000001
20260909	292	uniform_accepted	33.025240099193233	-20.279901275944248	13872	2848	0	0.033580541999999998
20260909	292	upward_scan	59.284264318691982	13.73234266290558	19385	4053	0	0.052925541999999999
20260909	293	uniform_accepted	43.637233796637638	-10.877266747393959	15009	3139	0	0.035491124999999998
20260909	293	upward_scan	73.084605472334616	18.127226993593638	22223	4630	0	0.058303665999999997
20260909	294	uniform_accepted	48.170627370331189	-16.345324764521962	17064	3485	0	0.0445155
20260909	294	upward_scan	70.645738893581537	14.70389406522969	23439	4892	0	0.060741957999999999
20260909	295	uniform_accepted	34.551425106392486	-11.65449301991692	15581	3200	0	0.041723292000000002
20260909	295	upward_scan	67.396995945118164	14.644923943990817	19050	3967	0	0.046346999999999999
20260909	296	uniform_accepted	40.620997154022113	-15.679365726549156	13661	2811	0	0.035197625000000003
20260909	296	upward_scan	76.162047754564853	19.024095090112468	24119	5020	0	0.059915749999999997
20260909	297	uniform_accepted	37.939651562488336	-14.042771457955771	15103	3123	0	0.041771000000000003
20260909	297	upward_scan	69.043893554444679	16.095037241813301	22092	4608	0	0.054397459000000002
20260909	298	uniform_accepted	29.53017830975849	-23.068899827292238	13472	2776	0	0.034723125000000001
20260909	298	upward_scan	66.290214343108133	15.729576048181737	21590	4504	0	0.056805750000000002
20260909	299	uniform_accepted	40.287450893168575	-10.629987499701063	14264	2944	0	0.035702458999999999
20260909	299	upward_scan	64.393889383948775	9.9539198880428295	20914	4369	0	0.057307166
20260909	300	uniform_accepted	35.948861343673713	-22.016430167294505	11046	2328	0	0.027338583
20260909	300	upward_scan	52.176595993084774	4.6147277584670094	15931	3322	0	0.036688875000000003
20260909	301	uniform_accepted	36.917527780470387	-19.363159837240865	13867	2817	0	0.032641415999999999
20260909	301	upward_scan	55.052718786037502	11.586344979688757	18470	3846	0	0.049823417000000002
20260909	302	uniform_accepted	36.715337520495908	-22.685958071952562	14361	2974	0	0.035605249999999998
20260909	302	upward_scan	61.703317409104528	11.843093017202753	17924	3732	0	0.042183917000000001
20260909	303	uniform_accepted	35.298741316433798	-15.901377870283781	18049	3742	0	0.049053624999999997
20260909	303	upward_scan	76.92891388577425	16.309961106154251	23344	4857	0	0.062385083000000001
20260909	304	uniform_accepted	36.640805761529315	-13.089751094569293	15092	3132	0	0.039922332999999997
20260909	304	upward_scan	55.754582321243277	5.7827781114713108	18972	3954	0	0.054272417000000003
20260909	305	uniform_accepted	29.133773829011233	-26.183139737322307	15713	3264	0	0.044601042
20260909	305	upward_scan	60.680718194450847	12.790237912204736	19295	4026	0	0.054151042000000003
20260909	306	uniform_accepted	42.398225490622359	-12.216982403477623	14402	3050	0	0.038215582999999997
20260909	306	upward_scan	64.686827590950472	12.349207893312816	20325	4240	0	0.053878457999999997
20260909	307	uniform_accepted	35.846796184009264	-21.97435152169551	15812	3344	0	0.042702042000000003
20260909	307	upward_scan	83.481663262670565	23.064503467675575	27477	5705	0	0.073895957999999998
20260909	308	uniform_accepted	33.533120870864259	-21.022360835337441	12827	2673	0	0.034528875000000001
20260909	308	upward_scan	57.470351828413399	7.4385752367438513	16349	3405	0	0.038804167000000001
20260909	309	uniform_accepted	32.82065482044294	-21.572207036005807	17599	3690	0	0.044447500000000001
20260909	309	upward_scan	73.246265041973288	17.39338012808863	21261	4429	0	0.054268083000000002
20260909	310	uniform_accepted	29.718849145802004	-24.563509562132719	13294	2750	0	0.035389999999999998
20260909	310	upward_scan	53.637344239915492	6.2327696786786273	15364	3204	0	0.040758875
20260909	311	uniform_accepted	44.262728721451253	-9.7369196481843083	14884	3145	0	0.040216541000000001
20260909	311	upward_scan	74.397846202569752	18.074005346117318	23712	4936	0	0.06228475
20260909	312	uniform_accepted	31.767211130054385	-20.326705094447103	12143	2559	0	0.0307435
20260909	312	upward_scan	63.674451538188251	10.810389362111804	18777	3929	0	0.047285582999999999
20260909	313	uniform_accepted	31.276368277156191	-16.20988492439194	13046	2669	0	0.033213917000000003
20260909	313	upward_scan	59.368690454772334	11.43356314231306	18246	3796	0	0.046539292000000003
20260909	314	uniform_accepted	29.255672945394458	-24.040667908987189	11124	2286	0	0.025380125
20260909	314	upward_scan	70.997179487135185	17.61739048032889	23768	4939	0	0.065151125000000004
20260909	315	uniform_accepted	28.154859672048225	-26.782040604790872	15824	3305	0	0.043239458000000001
20260909	315	upward_scan	53.769871146751072	7.7648632780026094	17616	3682	0	0.049658332999999999
20260909	316	uniform_accepted	49.841941705151207	-5.0518765970536919	16223	3325	0	0.041693666999999997
20260909	316	upward_scan	69.107476789625665	9.3265059777333708	20864	4353	0	0.053081749999999997
20260909	317	uniform_accepted	27.027348335600298	-18.341971379583491	11429	2366	0	0.0297795
20260909	317	upward_scan	64.597211335912633	12.919428556971521	19227	4007	0	0.046912833000000001
20260909	318	uniform_accepted	33.273156268639021	-17.282742597675803	12245	2601	0	0.034838500000000001
20260909	318	upward_scan	71.468930788854692	16.194915167824877	21020	4379	0	0.053121750000000002
20260909	319	uniform_accepted	31.598064674937852	-15.68839313863465	12859	2653	0	0.033443916999999997
20260909	319	upward_scan	66.547908785945609	17.717854603267078	21174	4421	0	0.054054541999999997
20260909	320	uniform_accepted	40.472268112734717	-11.32477792583019	17201	3587	0	0.045431583999999997
20260909	320	upward_scan	54.486659021487661	8.0657114073027021	17975	3750	0	0.048511667000000001
20260909	321	uniform_accepted	38.525088037447922	-13.613627314886559	14168	2896	0	0.035361042000000002
20260909	321	upward_scan	62.21607035699887	12.10501954114463	18228	3806	0	0.046843834000000001
20260909	322	uniform_accepted	23.96655653656115	-30.343276043028723	12396	2557	0	0.033088832999999998
20260909	322	upward_scan	66.884473948856538	17.426756860360438	22936	4763	0	0.061221207999999999
20260909	323	uniform_accepted	29.649018828504005	-26.975929622178942	11766	2424	0	0.031696207999999997
20260909	323	upward_scan	68.71147691909249	18.27449595836995	21114	4403	0	0.052274500000000002
20260909	324	uniform_accepted	37.127074061666107	-10.592507898054	14415	2980	0	0.036367833000000002
20260909	324	upward_scan	80.81995864539131	22.390596196768239	26328	5498	0	0.075570791999999998
20260909	325	uniform_accepted	39.315286699413484	-15.996040076962851	13480	2829	0	0.034516417000000001
20260909	325	upward_scan	71.242524496740344	13.736949437469072	20559	4287	0	0.048384541000000003
20260909	326	uniform_accepted	33.892753352766007	-15.564818421559702	12938	2679	0	0.032451333999999998
20260909	326	upward_scan	74.868666297923582	17.291241967500042	25713	5361	0	0.075108583000000007
20260909	327	uniform_accepted	29.058697305136267	-18.826756788088748	11075	2301	0	0.028362708
20260909	327	upward_scan	66.395023717666163	11.299988981849879	22802	4730	0	0.063342582999999994
20260909	328	uniform_accepted	38.611080471904813	-10.291399225419473	15754	3258	0	0.036565667000000003
20260909	328	upward_scan	56.583026568279955	11.562489356141473	16933	3536	0	0.043642167000000003
20260909	329	uniform_accepted	34.276951025818292	-19.754716158808701	16160	3341	0	0.040574249999999999
20260909	329	upward_scan	50.994229057361494	7.227942336296123	18053	3755	0	0.049305792000000001
20260909	330	uniform_accepted	32.274437599827579	-17.43164455282982	15288	3172	0	0.044085040999999998
20260909	330	upward_scan	56.583089268799959	8.3673078643451273	15767	3286	0	0.038020249999999998
20260909	331	uniform_accepted	31.302715803378213	-22.1130119542179	13170	2744	0	0.038517957999999998
20260909	331	upward_scan	68.238116236782275	17.461240522539914	22650	4702	0	0.060324291000000002
20260909	332	uniform_accepted	34.763875914777927	-19.098406107621724	12082	2577	0	0.029617416000000001
20260909	332	upward_scan	74.64583079360132	20.053245327825508	24503	5100	0	0.064151333000000005
20260909	333	uniform_accepted	37.497697575159634	-7.9166103265588106	16117	3308	0	0.039988541000000002
20260909	333	upward_scan	73.068090933533725	14.792425707130628	25655	5341	0	0.063547167000000002
20260909	334	uniform_accepted	30.57124786539255	-22.399445283462502	14533	2995	0	0.036697
20260909	334	upward_scan	72.037886059785166	20.814865755549054	23575	4909	0	0.063732417
20260909	335	uniform_accepted	31.576775620287137	-19.204513926416954	12381	2625	0	0.033008375
20260909	335	upward_scan	55.820543752494665	7.9691950506244593	15588	3243	0	0.041244042000000002
20260909	336	uniform_accepted	49.448139111533408	1.2694170895912267	18192	3735	0	0.047813916999999997
20260909	336	upward_scan	70.114246554701467	15.270659242116171	23532	4921	0	0.067869166999999994
20260909	337	uniform_accepted	45.323250981803191	-15.252259398723856	15784	3302	0	0.046303875000000001
20260909	337	upward_scan	70.150245047098963	12.241315039629576	23120	4807	0	0.064980707999999998
20260909	338	uniform_accepted	33.949959297445808	-17.120657519549432	12622	2594	0	0.032148791000000003
20260909	338	upward_scan	75.719181838022521	16.351569704670187	24054	5001	0	0.067549791999999997
20260909	339	uniform_accepted	37.581274327993903	-9.7156776572482855	13672	2839	0	0.037709541999999999
20260909	339	upward_scan	68.609390052365526	17.744346719975727	22304	4650	0	0.059876625000000003
20260909	340	uniform_accepted	40.446235320314599	-16.457750536614792	19387	3974	0	0.053157916999999999
20260909	340	upward_scan	83.431489328430203	21.470333117871732	26316	5472	0	0.064432624999999993
20260909	341	uniform_accepted	32.106187203096148	-22.173522833049681	11773	2493	0	0.027870165999999998
20260909	341	upward_scan	68.029322810983231	12.040156010555449	20508	4268	0	0.049290167000000003
20260909	342	uniform_accepted	28.156990094100671	-24.482762660894718	15106	3086	0	0.039025958999999999
20260909	342	upward_scan	76.306561883099988	15.495639648251412	23373	4857	0	0.054393166999999999
20260909	343	uniform_accepted	51.135589013920338	-2.7776262966840042	17616	3750	0	0.049874458000000003
20260909	343	upward_scan	72.376904450574855	14.714777162297802	20467	4256	0	0.053713207999999998
20260909	344	uniform_accepted	27.08851062263804	-18.423956022031877	10908	2241	0	0.026942082999999999
20260909	344	upward_scan	63.927394801690156	10.951024316434109	21282	4427	0	0.057964874999999999
20260909	345	uniform_accepted	37.431568036395198	-18.259500616391286	15788	3249	0	0.038066083000000001
20260909	345	upward_scan	75.047649721888789	17.693344141515919	23340	4869	0	0.062568541000000005
20260909	346	uniform_accepted	29.885703703637798	-18.283508908989621	13614	2744	0	0.034734124999999998
20260909	346	upward_scan	82.030640124207196	21.524312016641211	25178	5247	0	0.065281541999999998
20260909	347	uniform_accepted	35.635035292979516	-16.300915886762933	12828	2674	0	0.032420875000000002
20260909	347	upward_scan	83.477343116475723	23.405384590764811	26089	5441	0	0.085584332999999999
20260909	348	uniform_accepted	37.609848056648339	-7.3240885698939264	14998	3162	0	0.055583332999999999
20260909	348	upward_scan	60.072524590551993	8.2549887754648346	18308	3819	0	0.047524166999999999
20260909	349	uniform_accepted	36.009422924348371	-18.975712876572093	13031	2720	0	0.034267125000000002
20260909	349	upward_scan	65.566927870817551	15.233668600995129	19958	4142	0	0.049197249999999998
20260909	350	uniform_accepted	36.500754765955136	-15.140777934305753	16772	3466	0	0.047019584000000003
20260909	350	upward_scan	66.272736288566705	14.79537584027385	19894	4144	0	0.049867042
20260909	351	uniform_accepted	32.900563426584092	-18.712034150914967	15335	3134	0	0.036966208
20260909	351	upward_scan	80.484479051009359	23.991824074904475	26312	5487	0	0.069911249999999994
20260909	352	uniform_accepted	40.328766332509431	-16.521778400693208	16483	3395	0	0.041448290999999998
20260909	352	upward_scan	63.630138354387057	13.337171778866024	19904	4152	0	0.052108833
20260909	353	uniform_accepted	35.509587030397746	-16.402796938825482	14932	3139	0	0.040864999999999999
20260909	353	upward_scan	80.71501302876014	19.836445715110749	25179	5248	0	0.07104075
20260909	354	uniform_accepted	29.138120922102935	-19.426604529014597	12765	2694	0	0.034422082999999999
20260909	354	upward_scan	69.096067524784431	17.580590831606447	20820	4347	0	0.053315459000000003
20260909	355	uniform_accepted	34.930641233716109	-13.917012471703949	13946	2958	0	0.036493083000000003
20260909	355	upward_scan	67.425143805486741	13.558864638419598	19871	4145	0	0.047281083000000002
20260909	356	uniform_accepted	40.517996477895984	-9.2351688626646276	15849	3283	0	0.041979041000000002
20260909	356	upward_scan	72.433381736017381	16.679404718436686	22322	4634	0	0.059767958000000003
20260909	357	uniform_accepted	28.980965534095059	-24.75598114123434	12696	2690	0	0.034823832999999998
20260909	357	upward_scan	55.699168238133268	8.0875006097623796	16452	3424	0	0.043167958999999999
20260909	358	uniform_accepted	27.373286882014678	-22.936498851045936	11713	2509	0	0.031404957999999997
20260909	358	upward_scan	61.82534175300151	13.983397594887961	20193	4201	0	0.051345250000000002
20260909	359	uniform_accepted	39.45312012871468	-17.540233202397626	14617	3061	0	0.037596292000000003
20260909	359	upward_scan	70.151139689302482	11.750774833649228	20234	4203	0	0.050480834000000002
20260909	360	uniform_accepted	33.153407729373086	-23.584265449054222	14657	3082	0	0.038341082999999998
20260909	360	upward_scan	79.25025513647617	19.67918952981951	24074	5032	0	0.083376832999999997
20260909	361	uniform_accepted	26.233089397379469	-30.250089824185569	13413	2776	0	0.047671666000000001
20260909	361	upward_scan	51.081664565621907	8.2301552935044207	14851	3092	0	0.039584750000000002
20260909	362	uniform_accepted	37.832098944935034	-9.4778697387256621	14949	3128	0	0.042791457999999997
20260909	362	upward_scan	66.177740325442912	14.74624940328564	19926	4145	0	0.052546083
20260909	363	uniform_accepted	45.566510132759895	-3.5586718826178898	13593	2821	0	0.030833375
20260909	363	upward_scan	60.891874387686464	9.2381096781846868	18786	3925	0	0.047475334000000001
20260909	364	uniform_accepted	34.113077298120174	-17.550526690592623	11989	2495	0	0.030538915999999999
20260909	364	upward_scan	67.013120878674314	15.621478915248938	22107	4604	0	0.063910458000000003
20260909	365	uniform_accepted	28.819027924250214	-20.792648384177994	13529	2810	0	0.037365209000000003
20260909	365	upward_scan	58.386409709885015	11.919770003390324	17347	3621	0	0.048163875000000002
20260909	366	uniform_accepted	39.262116675109752	-16.299865866170624	16313	3420	0	0.040425625
20260909	366	upward_scan	57.329707002048387	8.1345007000257965	18247	3821	0	0.047416582999999998
20260909	367	uniform_accepted	27.874648382618016	-24.733395838721847	13536	2862	0	0.036139541999999997
20260909	367	upward_scan	60.910050949848141	11.339002648730467	16983	3539	0	0.041778500000000003
20260909	368	uniform_accepted	41.670294804350341	-9.5212964746659718	16567	3461	0	0.044012875
20260909	368	upward_scan	58.523246295406139	5.7217606719880285	16401	3416	0	0.036887125
20260909	369	uniform_accepted	34.366034450110028	-23.759939818529144	15650	3262	0	0.041276082999999998
20260909	369	upward_scan	82.913675661475239	23.720969332913239	26721	5560	0	0.067520374999999994
20260909	370	uniform_accepted	28.267230038447973	-27.875424583883138	12698	2662	0	0.031476457999999999
20260909	370	upward_scan	68.001427813027377	16.726253145533235	20983	4360	0	0.054783958000000001
20260909	371	uniform_accepted	26.931565525090996	-29.39661042296629	11594	2438	0	0.031139208000000002
20260909	371	upward_scan	73.354101622956946	19.264212454944719	21799	4543	0	0.051043167
20260909	372	uniform_accepted	38.761579249525987	-10.729307397662339	14926	3118	0	0.040090250000000001
20260909	372	upward_scan	61.233959634797337	12.18770208085969	17792	3733	0	0.044630042000000002
20260909	373	uniform_accepted	25.542776846803012	-22.168681812222751	11936	2514	0	0.033823417000000001
20260909	373	upward_scan	74.877748161122355	20.080515695189732	23673	4922	0	0.062421666000000001
20260909	374	uniform_accepted	27.12850657484255	-22.662874477603339	11634	2392	0	0.031099124999999998
20260909	374	upward_scan	61.308772011090497	10.283631060793569	19028	3952	0	0.049827042000000002
20260909	375	uniform_accepted	24.228606538553926	-25.534240694615718	10809	2213	0	0.030211291000000001
20260909	375	upward_scan	67.859386999953784	13.958447838547594	21671	4510	0	0.055319624999999997
20260909	376	uniform_accepted	31.697667859479672	-17.573203184432217	12585	2584	0	0.031886167
20260909	376	upward_scan	69.36431462930959	17.8207482659754	20058	4182	0	0.048054291999999998
20260909	377	uniform_accepted	38.100709322243013	-17.635524523751961	15230	3190	0	0.043235958999999997
20260909	377	upward_scan	66.877636328274079	15.879094766243441	20376	4239	0	0.054409958000000001
20260909	378	uniform_accepted	41.135579843123672	-10.145988601447483	13203	2747	0	0.034685333999999998
20260909	378	upward_scan	69.507134205131209	15.446118949407365	19533	4083	0	0.046490999999999998
20260909	379	uniform_accepted	36.483856094116049	-16.985954352354593	13509	2794	0	0.034250416999999998
20260909	379	upward_scan	75.663479923836434	20.869976063032581	24107	5018	0	0.060645625000000002
20260909	380	uniform_accepted	28.855383002001343	-26.251263239283215	13581	2879	0	0.035964834000000001
20260909	380	upward_scan	72.205054030553754	19.918293902652113	23570	4914	0	0.064219625000000002
20260909	381	uniform_accepted	35.928685284128143	-12.099109323992616	15034	3086	0	0.036860917
20260909	381	upward_scan	54.479573346718716	8.8417844156270569	16758	3480	0	0.045796666999999999
20260909	382	uniform_accepted	32.881964596763666	-16.525849474957411	12523	2547	0	0.030872084000000001
20260909	382	upward_scan	69.930406163836452	15.354543948185128	22159	4617	0	0.058595750000000002
20260909	383	uniform_accepted	45.810550797385673	-5.4112567639763043	18084	3756	0	0.049715292000000001
20260909	383	upward_scan	70.269912782640816	19.640225482664125	22077	4616	0	0.060524750000000002
20260909	384	uniform_accepted	50.616841060083182	-6.6070908390136838	15898	3367	0	0.039896874999999998
20260909	384	upward_scan	64.131610390511497	9.5633950443578275	20426	4252	0	0.054646124999999997
20260909	385	uniform_accepted	30.995244466185767	-16.504830200535707	14606	3015	0	0.041087959
20260909	385	upward_scan	73.221042273527033	18.813484974352587	22832	4761	0	0.064776249999999994
20260909	386	uniform_accepted	34.643832450208691	-17.305983148464971	12560	2644	0	0.034497750000000001
20260909	386	upward_scan	74.330638324701184	17.294787665685963	22459	4674	0	0.058586332999999997
20260909	387	uniform_accepted	38.731512209058359	-7.8385997566601322	16867	3453	0	0.044064082999999997
20260909	387	upward_scan	61.653185348387957	7.6997761144230452	20088	4188	0	0.050769833
20260909	388	uniform_accepted	28.142846477630766	-24.362177898380263	11214	2338	0	0.027913291
20260909	388	upward_scan	77.127828287372836	19.028121352970306	22996	4792	0	0.060494625000000003
20260909	389	uniform_accepted	30.682922255431443	-16.71043453919858	13083	2752	0	0.034035375
20260909	389	upward_scan	69.673598982915308	13.271143298575165	20086	4202	0	0.049010999999999999
20260909	390	uniform_accepted	28.021062157340303	-18.755062374141925	11685	2408	0	0.027898665999999999
20260909	390	upward_scan	74.83353609357718	18.639447499700164	21959	4587	0	0.050580874999999997
20260909	391	uniform_accepted	25.276304787814023	-28.749558424996721	12292	2603	0	0.033927332999999997
20260909	391	upward_scan	68.323412858661499	16.592963758956309	21099	4400	0	0.059593082999999998
20260909	392	uniform_accepted	35.3001763357762	-12.394053643513924	13007	2716	0	0.033830416000000002
20260909	392	upward_scan	84.158632901597514	17.382352845322814	27400	5710	0	0.072228333000000006
20260909	393	uniform_accepted	46.443535177587165	-9.3621681726677117	16690	3510	0	0.049360542
20260909	393	upward_scan	69.514409113336086	15.027224255213458	20641	4314	0	0.050638083
20260909	394	uniform_accepted	29.877985887493828	-17.051456581195449	14819	3099	0	0.039376624999999998
20260909	394	upward_scan	62.72603061667062	12.828458898739557	18104	3767	0	0.044558124999999997
20260909	395	uniform_accepted	45.4011546575653	-6.6760563503808079	15578	3253	0	0.035657083999999999
20260909	395	upward_scan	71.414724789736738	16.13924993168488	20213	4205	0	0.050795667000000003
20260909	396	uniform_accepted	35.50920243986635	-13.463369919790521	12532	2611	0	0.031782458999999999
20260909	396	upward_scan	87.025025739112166	17.759597574978297	29063	6057	0	0.076720750000000004
20260909	397	uniform_accepted	38.876630287250244	-12.333231306396947	15277	3191	0	0.041092333000000002
20260909	397	upward_scan	56.435087929299051	10.006147132404605	16862	3519	0	0.042110583
20260909	398	uniform_accepted	27.888047599277272	-26.308665350388235	14216	2971	0	0.038129375
20260909	398	upward_scan	81.784517182102448	24.802781642781767	22060	4586	0	0.052171374999999999
20260909	399	uniform_accepted	32.415016870152257	-19.806300123024446	12139	2465	0	0.029299834
20260909	399	upward_scan	75.964035221403307	19.949867572279562	23389	4867	0	0.064901917000000003
20260909	400	uniform_accepted	37.620233605834187	-17.94422506285008	14796	3128	0	0.036030040999999999
20260909	400	upward_scan	64.990201640937443	13.413910653050461	21730	4523	0	0.057515166999999999
20260909	401	uniform_accepted	28.175033337817172	-27.671466978251658	12246	2481	0	0.030078334000000002
20260909	401	upward_scan	84.452429340079675	21.672477201084355	28639	5970	0	0.078394832999999997
20260909	402	uniform_accepted	36.840144861250579	-20.606365895094775	14418	3053	0	0.039891541000000003
20260909	402	upward_scan	70.247299159222891	15.339768109543998	21954	4576	0	0.0594675
20260909	403	uniform_accepted	44.633372398299684	-5.8784409018243959	18171	3784	0	0.050270042000000001
20260909	403	upward_scan	70.796438192517087	16.268269503643715	22244	4637	0	0.061059833000000001
20260909	404	uniform_accepted	35.012325272061886	-14.394098327965748	16008	3295	0	0.04108125
20260909	404	upward_scan	60.1401462304893	11.181648969064323	17468	3636	0	0.042714207999999997
20260909	405	uniform_accepted	34.796708549025929	-10.675999918922082	15391	3183	0	0.039490707999999999
20260909	405	upward_scan	76.901934914865464	23.657797065317595	23253	4851	0	0.061280874999999999
20260909	406	uniform_accepted	29.360969971371542	-25.332701920044691	12582	2644	0	0.033209207999999997
20260909	406	upward_scan	64.439045297472674	12.399646206561059	19853	4137	0	0.048204749999999998
20260909	407	uniform_accepted	31.180424783138811	-15.739602115842773	13592	2813	0	0.035024458000000001
20260909	407	upward_scan	52.392673956832944	5.5685331329252428	16780	3504	0	0.042568500000000002
20260909	408	uniform_accepted	23.555454223843725	-27.733645833180315	12661	2638	0	0.033383208999999997
20260909	408	upward_scan	62.014966276287126	9.7667529050085449	19388	4039	0	0.056015791000000002
20260909	409	uniform_accepted	32.934380825622	-13.887305944620481	13622	2836	0	0.039160582999999999
20260909	409	upward_scan	61.021434384366216	6.2758625158174839	20869	4342	0	0.058779583000000003
20260909	410	uniform_accepted	33.581899015878683	-17.68525049756332	12812	2666	0	0.034035583000000001
20260909	410	upward_scan	57.65631618195593	7.1934303358963865	18044	3756	0	0.042889541000000003
20260909	411	uniform_accepted	27.048487355658605	-26.402295330593638	11159	2373	0	0.027445832999999999
20260909	411	upward_scan	81.291208771557237	16.020597446690022	23264	4856	0	0.086744333000000007
20260909	412	uniform_accepted	36.947546894082862	-17.571855584296937	15540	3277	0	0.072594207999999993
20260909	412	upward_scan	64.083323193696586	12.829968476737704	17341	3612	0	0.041236542000000001
20260909	413	uniform_accepted	39.559570567022959	-14.456824869499858	13389	2767	0	0.035274958000000002
20260909	413	upward_scan	53.987889988565271	6.4613810877551288	16631	3466	0	0.046466624999999998
20260909	414	uniform_accepted	42.888013332568995	-11.256256525576728	17031	3549	0	0.044639875000000002
20260909	414	upward_scan	67.148982096562648	11.368414133250136	19670	4108	0	0.056087458
20260909	415	uniform_accepted	37.142029395385805	-23.839889282710519	17098	3508	0	0.047131666000000003
20260909	415	upward_scan	76.808248894493332	20.15898820667072	24879	5178	0	0.067016083000000004
20260909	416	uniform_accepted	27.836548515489611	-19.585918612330342	13555	2814	0	0.034744875000000001
20260909	416	upward_scan	52.819734464599108	6.1424541079365671	17109	3570	0	0.047738792000000002
20260909	417	uniform_accepted	42.895374532061957	-22.25859650615098	16317	3395	0	0.044027666
20260909	417	upward_scan	77.186952442439093	17.23178151498557	25266	5275	0	0.071282333000000003
20260909	418	uniform_accepted	29.882740064233484	-23.296585080360519	13179	2788	0	0.033893291999999998
20260909	418	upward_scan	59.423106805016417	8.954276136292318	18569	3854	0	0.047849084
20260909	419	uniform_accepted	47.190324803617997	-6.2360859207770041	15999	3305	0	0.040339332999999998
20260909	419	upward_scan	59.399683770128576	9.7461120131497179	18461	3839	0	0.045073665999999998
20260909	420	uniform_accepted	38.621739460465363	-16.497544686051388	15895	3253	0	0.043798833000000002
20260909	420	upward_scan	63.914669800510538	16.392363656638167	18525	3869	0	0.050260625000000003
20260909	421	uniform_accepted	35.633022731121365	-18.353671963665988	14503	3041	0	0.043337417000000003
20260909	421	upward_scan	65.113472452686196	11.365179315351346	20372	4249	0	0.056142083000000002
20260909	422	uniform_accepted	30.435367563676579	-27.549624555068554	14675	3015	0	0.045276457999999999
20260909	422	upward_scan	59.3790553950179	5.662557763482285	19458	4046	0	0.051427792
20260909	423	uniform_accepted	43.764954764602798	-14.465169954969667	14923	3116	0	0.040801499999999997
20260909	423	upward_scan	70.343573729935173	16.634847307038083	22873	4765	0	0.063091624999999998
20260909	424	uniform_accepted	32.255787465110188	-11.26993440501578	13719	2774	0	0.035192709000000003
20260909	424	upward_scan	64.02272105799949	8.4264507846394174	19097	3974	0	0.049064875000000001
20260909	425	uniform_accepted	37.472268342159495	-12.833275289593329	14584	3031	0	0.035262459000000003
20260909	425	upward_scan	68.414067901408472	16.515772315190947	21775	4539	0	0.057891290999999998
20260909	426	uniform_accepted	38.641925795240127	-18.491820523460973	14630	3017	0	0.037750375000000003
20260909	426	upward_scan	67.489499741461401	16.709361219284755	20267	4233	0	0.049923708999999997
20260909	427	uniform_accepted	32.38281033102507	-19.918611162195958	14366	2944	0	0.037382332999999997
20260909	427	upward_scan	64.333434767670909	14.284406584543239	20390	4240	0	0.052855874999999997
20260909	428	uniform_accepted	41.0070309961554	-11.631369220822185	15981	3365	0	0.045294916999999997
20260909	428	upward_scan	71.159391988864471	15.130863797942935	20740	4319	0	0.045782125
20260909	429	uniform_accepted	32.374435326513556	-18.705423041660762	13930	2886	0	0.036464833000000002
20260909	429	upward_scan	66.029503836004636	13.893179346892925	20510	4276	0	0.052433667000000003
20260909	430	uniform_accepted	36.240223036971365	-21.800019326194359	13119	2737	0	0.035135
20260909	430	upward_scan	69.604263199465137	16.574762279659996	20081	4180	0	0.049464833999999999
20260909	431	uniform_accepted	35.873169860542639	-14.264244008637624	14908	3080	0	0.036873000000000003
20260909	431	upward_scan	54.52869591496983	6.0539869416890184	16299	3388	0	0.042487084000000001
20260909	432	uniform_accepted	39.391846376123716	-13.673952875177637	16855	3492	0	0.045517874999999999
20260909	432	upward_scan	56.428929113807854	5.3343944285234617	17635	3681	0	0.043946625000000003
20260909	433	uniform_accepted	33.4680775974958	-14.880301908519851	12107	2577	0	0.031184375
20260909	433	upward_scan	72.742231827813882	17.676575219669068	21192	4411	0	0.049921167000000002
20260909	434	uniform_accepted	29.270175805472423	-31.554371156433206	11262	2366	0	0.028886749999999999
20260909	434	upward_scan	67.296495065184104	15.590907878692219	20489	4281	0	0.053105417000000002
20260909	435	uniform_accepted	26.886345660063345	-22.40949842315106	13407	2760	0	0.035373333999999999
20260909	435	upward_scan	59.625113883901761	9.7490349555397735	18296	3807	0	0.044543959000000001
20260909	436	uniform_accepted	32.34847181538391	-17.14229265524046	12783	2666	0	0.034778416999999999
20260909	436	upward_scan	78.633425818393022	18.639543097644488	23604	4920	0	0.062830208999999998
20260909	437	uniform_accepted	40.24450231824148	-11.081361905718699	15312	3149	0	0.038851875000000001
20260909	437	upward_scan	65.697876963753686	11.149766247172485	19613	4088	0	0.051762083
20260909	438	uniform_accepted	39.331594130983511	-8.7969643117961596	13417	2766	0	0.032237083
20260909	438	upward_scan	51.947259971288268	7.052152020324268	17040	3539	0	0.045659999999999999
20260909	439	uniform_accepted	29.113902879051995	-17.84015388106171	11359	2345	0	0.029528499999999999
20260909	439	upward_scan	67.359312274360434	16.121282728558135	21328	4436	0	0.054217124999999998
20260909	440	uniform_accepted	34.960851958795537	-21.220841901624819	14060	2898	0	0.037338083000000001
20260909	440	upward_scan	68.922295788590461	14.331637547498337	21334	4462	0	0.057331667000000003
20260909	441	uniform_accepted	39.745501270919341	-9.1667538837827802	14985	3106	0	0.038876250000000001
20260909	441	upward_scan	80.282934168675965	24.499116324116315	25475	5303	0	0.068429708000000006
20260909	442	uniform_accepted	32.933970693792688	-20.077811227928724	12460	2558	0	0.030141000000000001
20260909	442	upward_scan	60.396465663438484	13.388747940218185	16806	3507	0	0.042251125
20260909	443	uniform_accepted	34.61948538373813	-17.342764560990663	12606	2633	0	0.031384750000000003
20260909	443	upward_scan	66.770930473273012	12.085175832504303	20862	4349	0	0.053283707999999999
20260909	444	uniform_accepted	38.799464064924905	-4.9286967040868843	17318	3551	0	0.044302459000000002
20260909	444	upward_scan	79.448067624776968	17.479826844383421	22998	4802	0	0.063069582999999999
20260909	445	uniform_accepted	32.551509006804579	-19.698190207935536	13993	2882	0	0.038730458000000002
20260909	445	upward_scan	54.724474263782966	7.4023549068691281	18980	3948	0	0.056789291999999998
20260909	446	uniform_accepted	46.201098755745299	-12.322788047201323	17518	3599	0	0.050628958000000002
20260909	446	upward_scan	71.486961576340889	16.327785299692	23422	4895	0	0.071195250000000002
20260909	447	uniform_accepted	35.658816443009727	-15.570438555834638	15796	3332	0	0.045820791999999999
20260909	447	upward_scan	79.92812548564396	24.505461085665416	25043	5223	0	0.066523666999999995
20260909	448	uniform_accepted	37.03106151300787	-14.069087770631526	16017	3334	0	0.044716875000000003
20260909	448	upward_scan	63.350876027849772	9.7002518497691348	20268	4234	0	0.057603750000000002
20260909	449	uniform_accepted	32.366003559217134	-21.912616817755545	13228	2717	0	0.036480499999999999
20260909	449	upward_scan	53.282923299320572	2.871181126538096	17904	3736	0	0.050987958999999999
20260909	450	uniform_accepted	37.659354209319474	-20.811029403478646	13277	2746	0	0.036483707999999997
20260909	450	upward_scan	65.193463938624276	11.08425107223448	18553	3884	0	0.048981749999999998
20260909	451	uniform_accepted	28.711447204391842	-28.4680115762248	13929	2925	0	0.043819333000000002
20260909	451	upward_scan	72.131285631710625	18.581429634238646	22862	4764	0	0.063405375
20260909	452	uniform_accepted	32.973461565255036	-17.326687898914653	12487	2584	0	0.035548458999999998
20260909	452	upward_scan	66.620355841889364	14.803275875147371	22309	4644	0	0.059003083999999997
20260909	453	uniform_accepted	32.762710652487996	-11.080313693598722	13264	2780	0	0.037026166999999999
20260909	453	upward_scan	74.23964818027595	19.84070187206904	21926	4570	0	0.056174124999999998
20260909	454	uniform_accepted	34.211448568224476	-21.528897699431944	12263	2548	0	0.032684708
20260909	454	upward_scan	73.258361592809706	16.686253017436798	21212	4422	0	0.054178208999999998
20260909	455	uniform_accepted	25.943989588853242	-22.307142635296124	9499	1941	0	0.022944374999999999
20260909	455	upward_scan	70.813473471925178	16.613809442053572	23085	4815	0	0.064100208000000006
20260909	456	uniform_accepted	35.44318270653843	-9.5793324597099527	15945	3349	0	0.044391958000000002
20260909	456	upward_scan	59.440640417761422	13.284925835902959	17655	3681	0	0.042064667
20260909	457	uniform_accepted	36.066991697802798	-14.99129251873571	13137	2735	0	0.033696416999999999
20260909	457	upward_scan	85.901211407809001	23.813940206514381	27020	5612	0	0.072188958999999997
20260909	458	uniform_accepted	34.266154849359118	-17.520961085403535	15316	3186	0	0.039786333
20260909	458	upward_scan	58.394722277901863	10.861473613692006	17926	3738	0	0.045773542
20260909	459	uniform_accepted	30.22174710406901	-22.675720464549922	14587	2981	0	0.038665584000000003
20260909	459	upward_scan	63.227004162934861	13.088124102871429	20491	4282	0	0.052056791999999998
20260909	460	uniform_accepted	30.350751987095627	-27.805416160274003	13176	2745	0	0.031083333000000001
20260909	460	upward_scan	57.300068051357947	7.8911849578339304	17894	3726	0	0.046296833000000003
20260909	461	uniform_accepted	28.099384811101284	-20.693578539065829	10788	2253	0	0.026837375
20260909	461	upward_scan	53.308219991988011	2.055323128240627	16057	3349	0	0.038004000000000003
20260909	462	uniform_accepted	36.523007332162358	-12.11466714534842	15531	3262	0	0.042024582999999997
20260909	462	upward_scan	64.139176959906465	14.518207006498452	21756	4531	0	0.056219584000000003
20260909	463	uniform_accepted	27.643853494328855	-18.274884348434799	13325	2787	0	0.036558417000000003
20260909	463	upward_scan	65.271162594383426	14.741778312341227	19522	4065	0	0.049917499999999997
20260909	464	uniform_accepted	33.965872081132268	-21.724556338722788	13777	2825	0	0.03544725
20260909	464	upward_scan	66.581363815929251	14.823683146006505	20728	4323	0	0.054171207999999998
20260909	465	uniform_accepted	29.750004754556436	-18.675253956175162	12155	2536	0	0.030634374999999998
20260909	465	upward_scan	56.634282605260886	9.458901785595522	19696	4080	0	0.057827292000000002
20260909	466	uniform_accepted	28.212384457570984	-28.187888887782123	12696	2684	0	0.033563583000000001
20260909	466	upward_scan	61.799568370921961	11.419126762062147	19120	3970	0	0.052561125
20260909	467	uniform_accepted	40.878207307491969	-10.187779405981985	14884	3122	0	0.036623666999999999
20260909	467	upward_scan	66.916570735421715	17.667985613145159	19572	4078	0	0.047672416000000002
20260909	468	uniform_accepted	32.182340329516975	-15.999890952376763	12944	2701	0	0.034110624999999999
20260909	468	upward_scan	59.155264114926496	11.133693417510022	18603	3879	0	0.052284749999999998
20260909	469	uniform_accepted	21.961619940379276	-31.609284308712045	10333	2101	0	0.025007583
20260909	469	upward_scan	53.327836226079768	6.3613212457816859	16161	3363	0	0.040781291999999997
20260909	470	uniform_accepted	42.444900092526623	-16.017129074351743	15265	3177	0	0.041701792000000001
20260909	470	upward_scan	60.849317003693258	12.665138032247818	19930	4153	0	0.054400041000000003
20260909	471	uniform_accepted	28.647056061461576	-27.054163729003527	13268	2734	0	0.036026584
20260909	471	upward_scan	59.227536297116018	10.534619738109287	17323	3623	0	0.042318041000000001
20260909	472	uniform_accepted	38.379158500519203	-15.519017411642675	14619	3081	0	0.039663625000000001
20260909	472	upward_scan	77.488900588070209	18.166301247520181	24932	5191	0	0.065133416999999999
20260909	473	uniform_accepted	32.177430390027041	-15.025738912205735	14390	2991	0	0.038832582999999997
20260909	473	upward_scan	70.582068511861976	15.653304993180612	20526	4268	0	0.049989040999999998
20260909	474	uniform_accepted	39.121056768070545	-17.606219702619686	16012	3334	0	0.072385749999999999
20260909	474	upward_scan	59.37350324419608	7.4563830655790815	18337	3830	0	0.090139874999999994
20260909	475	uniform_accepted	40.833327765604402	-10.18613178610974	14475	3050	0	0.052942625
20260909	475	upward_scan	84.099649850418942	22.091026510877061	27336	5697	0	0.075006875000000001
20260909	476	uniform_accepted	40.450357664834101	-5.4322936370186747	19230	3971	0	0.049394624999999998
20260909	476	upward_scan	62.103270439213532	7.1670081460915265	19623	4093	0	0.052598499999999999
20260909	477	uniform_accepted	36.159495359860998	-15.086098273263596	13556	2779	0	0.034551749999999999
20260909	477	upward_scan	73.557660712387474	17.815456614767484	23162	4827	0	0.057558333000000003
20260909	478	uniform_accepted	33.029498130213128	-22.345471397875968	12691	2682	0	0.031478625000000003
20260909	478	upward_scan	64.322076987818761	9.7467961607320159	20567	4268	0	0.0531405
20260909	479	uniform_accepted	32.311368954451851	-15.783805235716038	13188	2744	0	0.034401042
20260909	479	upward_scan	80.317394231047842	23.701686395270471	26571	5547	0	0.074248999999999996
20260909	480	uniform_accepted	50.712277739677262	-3.7100793006059223	19249	4008	0	0.050198167000000002
20260909	480	upward_scan	59.457265484303747	10.209070026269352	17222	3599	0	0.044529291999999998
20260909	481	uniform_accepted	30.8586191029034	-17.513983973764027	14350	2960	0	0.037523542
20260909	481	upward_scan	62.996691247787219	8.9357181711552975	18035	3757	0	0.042351333999999997
20260909	482	uniform_accepted	35.238009624882778	-16.727004918078354	14867	3100	0	0.039408291999999998
20260909	482	upward_scan	76.291154393635253	18.339508041907063	22781	4727	0	0.060137208999999997
20260909	483	uniform_accepted	34.028730460353657	-23.382309982850149	14754	3085	0	0.037552083999999999
20260909	483	upward_scan	65.047744247393638	13.464014917107281	20701	4319	0	0.055104291
20260909	484	uniform_accepted	33.941499702475994	-24.740189216982809	13189	2781	0	0.036912250000000001
20260909	484	upward_scan	79.520376303946477	11.938694441720687	26884	5603	0	0.082422582999999994
20260909	485	uniform_accepted	30.792792597315259	-22.7042140994383	14917	3088	0	0.037502167000000003
20260909	485	upward_scan	60.082492992352158	10.084943557962621	18654	3888	0	0.046713249999999998
20260909	486	uniform_accepted	28.931195738350631	-28.796761029802965	12510	2606	0	0.030651082999999999
20260909	486	upward_scan	71.040380692996024	12.384091122705311	22077	4598	0	0.062868624999999997
20260909	487	uniform_accepted	35.054708430081455	-13.955703202025019	11849	2493	0	0.030357665999999998
20260909	487	upward_scan	63.690914678757558	6.3967166631820565	19085	3974	0	0.045806583999999997
20260909	488	uniform_accepted	31.966269423039446	-18.725740362875314	12896	2649	0	0.030936167000000001
20260909	488	upward_scan	57.16294163035348	9.98288454808179	17090	3570	0	0.043398208000000001
20260909	489	uniform_accepted	39.136344098396727	-19.784318880374347	16217	3364	0	0.043200416999999998
20260909	489	upward_scan	65.338340518496693	11.846798792609583	20087	4168	0	0.048052167
20260909	490	uniform_accepted	35.10873506843518	-16.30968012551876	16492	3428	0	0.044521875000000002
20260909	490	upward_scan	57.512123010120192	11.55195670277794	16302	3388	0	0.039719749999999998
20260909	491	uniform_accepted	36.206462729129896	-15.47331882999398	13237	2792	0	0.034664750000000001
20260909	491	upward_scan	65.628572258955785	14.71486633357377	20822	4349	0	0.055926084000000001
20260909	492	uniform_accepted	47.731040154660342	-6.7340495149817681	15865	3277	0	0.040759125
20260909	492	upward_scan	61.554104296737997	12.795800964135248	18866	3939	0	0.050795
20260909	493	uniform_accepted	33.042605266877345	-18.470030038802374	13175	2741	0	0.033804916999999997
20260909	493	upward_scan	65.867124240647712	12.033539365197781	18815	3915	0	0.046717000000000002
20260909	494	uniform_accepted	29.709495345098027	-19.330821961548214	13962	2883	0	0.038319416000000002
20260909	494	upward_scan	77.26814781969874	18.306449901471854	26417	5503	0	0.074457667000000005
20260909	495	uniform_accepted	27.000516365705472	-22.750897000003881	13568	2762	0	0.035869959
20260909	495	upward_scan	62.852649407664579	12.282434428606493	19804	4133	0	0.049231999999999998
20260909	496	uniform_accepted	30.688933920958839	-25.864524187298979	12894	2698	0	0.031665040999999998
20260909	496	upward_scan	62.815124576786296	11.552108033598003	19142	3991	0	0.046713207999999999
20260909	497	uniform_accepted	38.20452566168116	-14.486903125579378	14905	3083	0	0.038947625
20260909	497	upward_scan	74.74545583888812	17.49115133741962	21940	4567	0	0.052093667000000003
20260909	498	uniform_accepted	28.402045723284012	-19.380754867131117	12365	2538	0	0.031640124999999998
20260909	498	upward_scan	69.230424412780877	13.780387149954459	21661	4516	0	0.058243375
20260909	499	uniform_accepted	34.162907076500261	-19.12238964879899	14452	2995	0	0.035606334000000003
20260909	499	upward_scan	68.684636568125995	12.861555518658548	21637	4509	0	0.055314874999999999
20260909	500	uniform_accepted	31.191492257836767	-31.206305781177026	13094	2726	0	0.034856958
20260909	500	upward_scan	73.037218313022436	16.270001492684731	22756	4747	0	0.063321249999999996
20260909	501	uniform_accepted	35.98985220545822	-25.16913197874123	13947	2907	0	0.037041833000000003
20260909	501	upward_scan	75.222209866820762	15.161021883586994	24923	5182	0	0.065953499999999998
20260909	502	uniform_accepted	35.265090332156902	-23.351730814859796	11105	2298	0	0.028007000000000001
20260909	502	upward_scan	56.057196853748408	5.5443270775059172	16264	3386	0	0.042693500000000002
20260909	503	uniform_accepted	31.620616906697286	-23.04311445018773	13675	2889	0	0.034863541999999997
20260909	503	upward_scan	61.564107167239833	10.469494496565513	17272	3605	0	0.043163458000000002
20260909	504	uniform_accepted	36.525403992780269	-13.489777968347726	15980	3308	0	0.045588416999999999
20260909	504	upward_scan	65.127806491706451	12.115287616021007	22224	4620	0	0.062983333000000002
20260909	505	uniform_accepted	27.021810855156385	-16.797376610423076	10642	2264	0	0.026914541
20260909	505	upward_scan	56.134781134971576	7.5447905637114738	17876	3730	0	0.044506499999999997
20260909	506	uniform_accepted	28.319393559744722	-24.565038931077428	12797	2719	0	0.035262957999999997
20260909	506	upward_scan	82.972062161412538	21.993945745605103	26291	5489	0	0.069420958000000005
20260909	507	uniform_accepted	32.69196318886712	-13.064646806060814	14064	2977	0	0.036930749999999998
20260909	507	upward_scan	71.388532583606107	15.11496204946436	21454	4475	0	0.054965915999999997
20260909	508	uniform_accepted	40.788563367432637	-8.5273403905908687	14819	3070	0	0.038838042000000003
20260909	508	upward_scan	61.852076203564337	13.466362578923993	18275	3816	0	0.04848475
20260909	509	uniform_accepted	43.27037683723195	-9.5953896126346816	16692	3470	0	0.047233791999999997
20260909	509	upward_scan	81.014581970172145	21.969291201172076	25837	5380	0	0.069542416999999995
20260909	510	uniform_accepted	32.785055208410718	-21.256285533164426	13688	2809	0	0.036742834000000002
20260909	510	upward_scan	54.919582495895519	4.1912592054139948	16262	3402	0	0.040837166000000001
20260909	511	uniform_accepted	27.575479509069709	-19.641267666636029	11606	2409	0	0.031797667000000002
20260909	511	upward_scan	53.507886361251316	8.0841497856085045	15128	3158	0	0.037101459000000003
20260909	512	uniform_accepted	30.087600827693468	-17.006320078546388	14200	2952	0	0.037757582999999997
20260909	512	upward_scan	69.852912951502802	16.430616184194385	20193	4210	0	0.049692333999999998
20260909	513	uniform_accepted	23.911656228887839	-27.721805107010521	11480	2432	0	0.030945917
20260909	513	upward_scan	63.175083524862963	10.157896650172926	19656	4113	0	0.050205708000000002
20260909	514	uniform_accepted	35.603460684968468	-12.450902110599168	16530	3397	0	0.046988665999999998
20260909	514	upward_scan	64.708536101147715	13.682962224943438	18866	3927	0	0.049453917
20260909	515	uniform_accepted	30.281363201650862	-18.696195969443885	12225	2566	0	0.031951500000000001
20260909	515	upward_scan	63.260280088797309	12.629661431136709	18914	3945	0	0.044705542000000001
20260909	516	uniform_accepted	29.924307963628003	-27.168681952527344	13009	2664	0	0.029296708000000001
20260909	516	upward_scan	74.407292608068843	18.100528920604461	23787	4957	0	0.061342124999999997
20260909	517	uniform_accepted	38.732857284694951	-14.822363575947959	15179	3145	0	0.040934208
20260909	517	upward_scan	72.255958208068606	17.210051112193369	22241	4634	0	0.058577207999999999
20260909	518	uniform_accepted	43.515497705813289	-8.1632342710896246	14711	3073	0	0.038592583999999999
20260909	518	upward_scan	69.249467403633872	17.463956098874224	21757	4541	0	0.057702375
20260909	519	uniform_accepted	39.450385540516848	-7.1074539382790958	14941	3077	0	0.038616208999999999
20260909	519	upward_scan	52.940317236585322	5.8329281284408836	16192	3388	0	0.042718082999999997
20260909	520	uniform_accepted	28.248232195892516	-25.231333765555064	12466	2583	0	0.032470291999999998
20260909	520	upward_scan	70.703722589238424	17.854212262965476	23083	4810	0	0.063683208000000005
20260909	521	uniform_accepted	29.950817507626475	-21.000967302572239	14058	2917	0	0.035521499999999998
20260909	521	upward_scan	57.891593889928487	7.3294722425053536	18611	3890	0	0.047624333999999997
20260909	522	uniform_accepted	32.333181215669647	-24.06443928397222	14338	2982	0	0.036769208999999997
20260909	522	upward_scan	80.31843458057287	18.881871527584948	26050	5421	0	0.089446833000000003
20260909	523	uniform_accepted	37.388375359382508	-19.553409437260385	13302	2750	0	0.033729457999999997
20260909	523	upward_scan	67.071051255103541	11.711464968902142	20822	4337	0	0.064732957999999993
20260909	524	uniform_accepted	24.904265992742204	-23.859736127995198	14161	2895	0	0.036056458
20260909	524	upward_scan	69.085887584823212	16.804648295678309	20111	4181	0	0.048552541999999997
20260909	525	uniform_accepted	24.451384601543477	-25.264693734703869	12142	2499	0	0.031399292000000002
20260909	525	upward_scan	72.299996986454644	14.30369887679962	22033	4573	0	0.060151375
20260909	526	uniform_accepted	26.712331384185102	-24.535263016987617	15125	3189	0	0.040050209000000003
20260909	526	upward_scan	58.431537657841247	8.3037563377661474	18124	3780	0	0.049126957999999998
20260909	527	uniform_accepted	36.206792659137683	-17.300480422317314	13651	2856	0	0.036492166999999999
20260909	527	upward_scan	69.756547223283476	13.740180250423915	20923	4369	0	0.046435416
20260909	528	uniform_accepted	38.211720259615547	-19.258098354945851	16561	3380	0	0.046237291999999999
20260909	528	upward_scan	67.267848868167434	14.320564257169494	21587	4501	0	0.058788417000000003
20260909	529	uniform_accepted	32.721832742841805	-23.341130537094443	14980	3073	0	0.038281999999999997
20260909	529	upward_scan	62.444438361049002	11.321359851061089	19141	3984	0	0.054075208
20260909	530	uniform_accepted	40.758291839649011	-18.79244203492809	12433	2625	0	0.031754499999999998
20260909	530	upward_scan	60.454935496261854	5.304865175924272	16804	3510	0	0.042203042000000003
20260909	531	uniform_accepted	35.617596380174071	-15.095212109614677	13362	2774	0	0.034477665999999997
20260909	531	upward_scan	60.867178767434908	11.72889944540516	19171	3980	0	0.052843500000000002
20260909	532	uniform_accepted	29.890054413701257	-22.312375161888021	12214	2522	0	0.030457667000000001
20260909	532	upward_scan	67.215770836060926	14.618972266885553	22419	4659	0	0.061203083999999998
20260909	533	uniform_accepted	35.877654141295153	-18.491752363390933	14935	3075	0	0.038971041999999997
20260909	533	upward_scan	56.390162083832827	10.773463561332957	17576	3655	0	0.044705500000000002
20260909	534	uniform_accepted	44.791744842473491	-2.3754648762802288	16179	3338	0	0.045057
20260909	534	upward_scan	73.065609323887799	19.97971740392763	22613	4715	0	0.055623499999999999
20260909	535	uniform_accepted	35.867554921447159	-14.590249038456218	12376	2587	0	0.031797208
20260909	535	upward_scan	79.661414274509582	18.872518290006276	23822	4979	0	0.061536708000000002
20260909	536	uniform_accepted	28.938138369854538	-23.130158924619248	13908	2884	0	0.037647917000000003
20260909	536	upward_scan	76.795014741476422	18.623742758569144	23751	4945	0	0.060011083
20260909	537	uniform_accepted	36.268815033358614	-14.685433876702838	13413	2785	0	0.034520042000000001
20260909	537	upward_scan	78.741033155562604	23.654250861403252	23938	4993	0	0.057174000000000003
20260909	538	uniform_accepted	36.336985895880176	-15.226615511961272	16079	3385	0	0.044976916999999998
20260909	538	upward_scan	58.592330896521261	8.7160386658082381	18784	3918	0	0.048291750000000001
20260909	539	uniform_accepted	35.50372385023757	-10.244540788901064	15395	3161	0	0.039902
20260909	539	upward_scan	53.716843786628885	4.1442079090765764	18653	3894	0	0.051326125
20260909	540	uniform_accepted	35.323330623169127	-11.174190424362532	14252	2966	0	0.035022416000000001
20260909	540	upward_scan	71.51801785083623	14.047450626555767	21880	4559	0	0.058218875000000003
20260909	541	uniform_accepted	34.331169541195628	-14.111760081427827	13651	2802	0	0.036074834
20260909	541	upward_scan	64.826028131757255	16.776857148579616	18170	3793	0	0.044105666000000002
20260909	542	uniform_accepted	38.719789647516251	-10.33117972563012	14956	3141	0	0.039450375000000003
20260909	542	upward_scan	54.591821270639898	7.0457633862567759	17859	3722	0	0.049081167000000002
20260909	543	uniform_accepted	31.169942122915359	-18.911458827603628	11264	2359	0	0.029909208999999999
20260909	543	upward_scan	62.394503817522846	10.667173738229263	19256	4019	0	0.051610666999999999
20260909	544	uniform_accepted	31.118023141179101	-25.984309837647924	13555	2852	0	0.034752499999999999
20260909	544	upward_scan	61.02573332000663	11.41761341202208	20486	4261	0	0.058235457999999997
20260909	545	uniform_accepted	35.539527246742516	-11.532009651765668	12984	2729	0	0.035130250000000002
20260909	545	upward_scan	62.736313046659284	9.9238849431931992	20555	4284	0	0.056043875
20260909	546	uniform_accepted	36.587407836714192	-13.650343306938762	14164	2916	0	0.035645166999999998
20260909	546	upward_scan	65.862835152328543	14.295642896580448	22795	4755	0	0.067413833000000006
20260909	547	uniform_accepted	31.279874136586919	-23.42561544543382	11104	2328	0	0.030256542000000001
20260909	547	upward_scan	63.012434434423419	13.640013169297687	19227	4000	0	0.050958165999999999
20260909	548	uniform_accepted	38.254878284582169	-8.6850531658325405	14310	3013	0	0.039836207999999998
20260909	548	upward_scan	100.11798701245012	27.830965388811766	30560	6348	0	0.079999165999999997
20260909	549	uniform_accepted	26.272945054068089	-24.719904999609213	13017	2684	0	0.034154457999999999
20260909	549	upward_scan	59.169723581020655	8.2506462085096732	19292	4030	0	0.054262416000000001
20260909	550	uniform_accepted	31.188485979517139	-22.354063592212935	11163	2292	0	0.025054083000000001
20260909	550	upward_scan	53.057384501381385	5.9923104426107567	17309	3603	0	0.047583542
20260909	551	uniform_accepted	33.601239482080466	-20.626360351068385	14197	2941	0	0.037307041999999999
20260909	551	upward_scan	59.048930616928928	8.7446072992573942	19619	4088	0	0.055523250000000003
20260909	552	uniform_accepted	52.209097026842301	-5.4481156209199444	18649	3924	0	0.051955250000000001
20260909	552	upward_scan	63.475248602903712	7.8929795558392453	20674	4304	0	0.055733291999999997
20260909	553	uniform_accepted	29.94364497475253	-20.510331582464122	14219	2957	0	0.040086125
20260909	553	upward_scan	73.088105910738562	16.748524576121447	23658	4929	0	0.062882708999999995
20260909	554	uniform_accepted	36.207687433658442	-16.434160357970622	14319	2959	0	0.039559249999999997
20260909	554	upward_scan	72.916836304792369	16.179451004455903	21998	4570	0	0.055807250000000003
20260909	555	uniform_accepted	41.476246247778498	-12.124625794645443	17328	3571	0	0.050152000000000002
20260909	555	upward_scan	79.641090842343161	22.481324323956017	24799	5166	0	0.067918292000000005
20260909	556	uniform_accepted	36.766505666494147	-7.7708188658393986	15001	3070	0	0.040402541
20260909	556	upward_scan	68.082929928163139	19.851177911539594	22202	4605	0	0.064726249999999999
20260909	557	uniform_accepted	29.669375598892099	-20.116853555507745	11741	2423	0	0.030646834000000001
20260909	557	upward_scan	72.550800641523367	17.040023425178276	24287	5051	0	0.065355125
20260909	558	uniform_accepted	29.616170684770879	-24.848379196882799	13473	2840	0	0.034210584000000002
20260909	558	upward_scan	67.392754064317629	18.212195494749942	20315	4241	0	0.054892916999999999
20260909	559	uniform_accepted	41.105915305485581	-9.4057266943992879	17586	3563	0	0.044439666000000003
20260909	559	upward_scan	55.981477799007727	7.5173343643947907	17099	3561	0	0.045311417
20260909	560	uniform_accepted	29.180394381599875	-20.575708298937396	13851	2932	0	0.036339166999999999
20260909	560	upward_scan	59.156506367278091	10.186099814625951	17589	3659	0	0.045571750000000001
20260909	561	uniform_accepted	33.418141915259547	-15.059438784609414	15296	3171	0	0.040706166000000002
20260909	561	upward_scan	69.461696306847344	11.18300436622275	19968	4171	0	0.073849834000000003
20260909	562	uniform_accepted	29.143584377809329	-24.123961629962814	13899	2838	0	0.057693416999999997
20260909	562	upward_scan	69.416618816849706	9.8983389827139465	21644	4502	0	0.073300208000000006
20260909	563	uniform_accepted	31.929142282309837	-22.871809151322765	13113	2707	0	0.049043541000000003
20260909	563	upward_scan	76.079481161730783	19.16278732760691	24943	5201	0	0.077286332999999999
20260909	564	uniform_accepted	32.95374150072908	-9.8843910614354105	14990	3078	0	0.043812834000000002
20260909	564	upward_scan	55.126319833933429	7.871447853013918	16468	3433	0	0.041152250000000001
20260909	565	uniform_accepted	30.560365561386355	-21.050360795901678	13409	2833	0	0.036976957999999997
20260909	565	upward_scan	68.688532474899262	18.177051432626605	19980	4158	0	0.051406166000000003
20260909	566	uniform_accepted	31.01493471684083	-20.352847197535684	13818	2866	0	0.039452250000000001
20260909	566	upward_scan	61.862942467111949	11.055522750299868	20347	4231	0	0.053934665999999999
20260909	567	uniform_accepted	32.534558381926161	-15.34006026795995	15484	3258	0	0.045214584000000002
20260909	567	upward_scan	65.588530527049727	13.898636441647113	21762	4531	0	0.057930792000000002
20260909	568	uniform_accepted	32.604424259690155	-19.58056442603468	12904	2641	0	0.035517458000000002
20260909	568	upward_scan	74.409515514603541	19.662193169528489	24139	5027	0	0.070156459000000004
20260909	569	uniform_accepted	25.829815222435943	-24.50758911686593	11135	2323	0	0.031090625
20260909	569	upward_scan	71.452130419017351	16.704421075413659	23357	4872	0	0.067471500000000004
20260909	570	uniform_accepted	32.307855149511688	-20.094799496271296	14530	3054	0	0.042916375
20260909	570	upward_scan	82.145436055581811	24.272917686782712	24685	5139	0	0.061599209000000002
20260909	571	uniform_accepted	23.970168679341192	-30.146760372736004	11374	2334	0	0.026860667000000001
20260909	571	upward_scan	70.208220540268826	15.217887676154058	23517	4899	0	0.065985749999999996
20260909	572	uniform_accepted	35.216813386894309	-10.126244990564421	14610	3081	0	0.041814499999999998
20260909	572	upward_scan	70.502398190382777	15.602517476397933	23593	4918	0	0.060470666999999999
20260909	573	uniform_accepted	30.615145361955641	-17.384275272625899	11657	2426	0	0.030822542000000001
20260909	573	upward_scan	70.643566857355154	15.338887624106624	21596	4504	0	0.054481083
20260909	574	uniform_accepted	38.733265390030162	-9.7860997073022418	15202	3152	0	0.041734250000000001
20260909	574	upward_scan	67.32084253885445	15.821408319569079	21528	4494	0	0.059040624999999999
20260909	575	uniform_accepted	25.645750315045053	-32.702615250163845	13065	2775	0	0.036248458999999997
20260909	575	upward_scan	56.53896761697397	9.309929281090616	18292	3813	0	0.051307290999999998
20260909	576	uniform_accepted	36.270250158885624	-7.3612349869975136	15679	3231	0	0.043347833000000002
20260909	576	upward_scan	57.411470983034015	5.4557805565716722	16226	3395	0	0.040335207999999997
20260909	577	uniform_accepted	33.797333791835484	-23.036095230711133	12291	2565	0	0.034171082999999998
20260909	577	upward_scan	63.776611523696417	14.018287982901736	21297	4430	0	0.056202250000000002
20260909	578	uniform_accepted	30.785805121943142	-20.63189496132437	12633	2672	0	0.032796375000000003
20260909	578	upward_scan	71.625152568992803	16.473485725452246	21269	4430	0	0.054448416999999999
20260909	579	uniform_accepted	27.421926326471429	-22.924745135708257	12152	2522	0	0.032904250000000003
20260909	579	upward_scan	64.555992156172536	15.879024780746684	19159	3999	0	0.050689708
20260909	580	uniform_accepted	31.595322117346715	-18.324315207672004	12622	2640	0	0.031178500000000001
20260909	580	upward_scan	71.863167159002671	14.114302425464389	21260	4429	0	0.050612166
20260909	581	uniform_accepted	28.445573632925246	-26.57515722546967	10833	2254	0	0.027376792
20260909	581	upward_scan	69.123356728370382	17.130211117844066	19964	4176	0	0.047805624999999997
20260909	582	uniform_accepted	41.456653689312432	-6.7911220428786443	15088	3134	0	0.036959125000000002
20260909	582	upward_scan	64.440838194200708	13.543982154950697	19374	4035	0	0.053524666999999998
20260909	583	uniform_accepted	27.220645245513214	-17.860974417667382	14161	2964	0	0.039978041999999998
20260909	583	upward_scan	65.673882806818938	15.807873492183823	19087	3977	0	0.047275042000000003
20260909	584	uniform_accepted	31.01958030857536	-20.610812234940823	13817	2842	0	0.033176917
20260909	584	upward_scan	65.301488186973614	11.896314434874682	19767	4130	0	0.052367249999999997
20260909	585	uniform_accepted	39.997940145279522	-15.353031308084299	14862	3061	0	0.038232459000000003
20260909	585	upward_scan	60.634982778246815	9.3155229926749623	18874	3938	0	0.044947708000000003
20260909	586	uniform_accepted	34.06018462724024	-12.910763021192359	13777	2850	0	0.036670292
20260909	586	upward_scan	71.43049685464554	15.133932514725823	23986	4999	0	0.064156624999999995
20260909	587	uniform_accepted	31.886050691156122	-22.28870676234089	14350	2944	0	0.035683832999999998
20260909	587	upward_scan	64.98326419755081	14.254157487437265	20176	4198	0	0.053884500000000002
20260909	588	uniform_accepted	28.408590311437369	-24.327718673867707	14039	2901	0	0.038613333
20260909	588	upward_scan	49.08165151495615	6.6775558680687093	13999	2919	0	0.035987916000000002
20260909	589	uniform_accepted	25.544090004612645	-29.927228876907368	12064	2476	0	0.030751000000000001
20260909	589	upward_scan	62.699826352148811	8.2075736913676547	19151	3991	0	0.049469708000000001
20260909	590	uniform_accepted	27.165279791115804	-21.45022166860338	10670	2269	0	0.02656975
20260909	590	upward_scan	72.227204040234099	12.622346085628347	21025	4392	0	0.055158040999999998
20260909	591	uniform_accepted	21.604845677068628	-33.643184937756956	12654	2644	0	0.033048500000000001
20260909	591	upward_scan	68.431161192552239	10.195144817992267	21253	4426	0	0.054852832999999997
20260909	592	uniform_accepted	29.598568137555503	-32.402775275657511	11601	2375	0	0.030333042000000001
20260909	592	upward_scan	60.51391323031288	9.8737523540015832	18354	3841	0	0.047642499999999997
20260909	593	uniform_accepted	36.941859887140524	-14.420311140487328	13915	2840	0	0.036938790999999999
20260909	593	upward_scan	67.44560767159345	16.454853543061343	20536	4285	0	0.056142040999999997
20260909	594	uniform_accepted	37.141906856935627	-8.6438969342667349	14762	3068	0	0.039659
20260909	594	upward_scan	54.268376615816805	5.7330108917765097	15662	3269	0	0.038387916000000001
20260909	595	uniform_accepted	34.472932132895565	-14.453713485314069	13777	2944	0	0.035740416999999997
20260909	595	upward_scan	58.973500873119825	5.7723934832729293	19048	3981	0	0.049849290999999997
20260909	596	uniform_accepted	41.637986821926219	-13.505984812180458	14113	2923	0	0.039285041999999999
20260909	596	upward_scan	58.431159365371073	11.888991471029435	17023	3543	0	0.042875749999999997
20260909	597	uniform_accepted	50.80475961195598	-1.932093651684144	19309	4007	0	0.051815582999999998
20260909	597	upward_scan	71.168459177587778	19.114005954849418	23460	4877	0	0.061876916999999997
20260909	598	uniform_accepted	34.866868232028629	-16.838291590538539	14392	2985	0	0.038705125
20260909	598	upward_scan	70.589272568628076	14.845007318787781	20668	4306	0	0.058058375000000002
20260909	599	uniform_accepted	34.573183636539014	-10.897326541924954	14638	3052	0	0.043079790999999999
20260909	599	upward_scan	80.163555670550721	20.6314879065078	25028	5216	0	0.061986917000000002
20260909	600	uniform_accepted	40.779950360021793	-15.189645800969222	15016	3139	0	0.040710208999999997
20260909	600	upward_scan	66.469380479596595	13.503634875934907	19709	4108	0	0.054491375000000002
20260909	601	uniform_accepted	30.273960720047011	-24.837856727321618	15430	3261	0	0.047717583000000001
20260909	601	upward_scan	61.521746715602156	10.928160400682783	20215	4208	0	0.090244041999999997
20260909	602	uniform_accepted	46.432029092579256	-5.9200965201356208	15676	3268	0	0.077174083000000004
20260909	602	upward_scan	55.838189337896473	5.2782473633397826	16863	3506	0	0.050726417000000003
20260909	603	uniform_accepted	37.201876011744261	-21.112374178091443	14084	2948	0	0.045165625000000001
20260909	603	upward_scan	58.504959084676443	6.4309668740000419	17967	3747	0	0.048446833000000002
20260909	604	uniform_accepted	41.698008569727598	-7.1305295862052498	15130	3113	0	0.037112958000000001
20260909	604	upward_scan	76.365045580142393	19.405978866879373	22666	4741	0	0.054778750000000001
20260909	605	uniform_accepted	33.591787650061981	-17.129719798612253	12839	2696	0	0.037445249999999999
20260909	605	upward_scan	63.299913277123999	10.247315967794176	20199	4203	0	0.055028166000000003
20260909	606	uniform_accepted	23.65841701406444	-27.70873901322253	12514	2572	0	0.031195166999999999
20260909	606	upward_scan	58.842995871849212	11.359472759182674	18514	3851	0	0.050114332999999997
20260909	607	uniform_accepted	31.646620974344088	-13.533284313829592	13766	2877	0	0.036357708000000002
20260909	607	upward_scan	69.345938952483195	13.458892769322071	23632	4935	0	0.07151275
20260909	608	uniform_accepted	42.526217596054586	-8.9115055268918795	16826	3460	0	0.050501083000000002
20260909	608	upward_scan	68.773581055575377	14.209395638680043	20169	4192	0	0.052664584
20260909	609	uniform_accepted	26.083837619630163	-30.987402552331581	16367	3313	0	0.045430499999999999
20260909	609	upward_scan	60.791997554876247	9.7055476838247809	17990	3747	0	0.043440459000000001
20260909	610	uniform_accepted	38.319807650159632	-14.119544549199013	16059	3327	0	0.046233416999999999
20260909	610	upward_scan	53.811590479193924	3.4940932471931059	16193	3395	0	0.043211209
20260909	611	uniform_accepted	28.525667488134602	-22.044084555648716	14166	2948	0	0.037408249999999997
20260909	611	upward_scan	78.915509713308481	23.305650695174652	26097	5436	0	0.070688000000000001
20260909	612	uniform_accepted	34.783214868273213	-18.854991458956398	14540	2998	0	0.041419125000000001
20260909	612	upward_scan	84.961703898486832	24.250769885040693	26796	5593	0	0.076501916000000003
20260909	613	uniform_accepted	41.598277297598237	-11.340303736169941	15562	3258	0	0.041050958999999998
20260909	613	upward_scan	60.248460434115501	10.212555191201883	17419	3620	0	0.046455792000000003
20260909	614	uniform_accepted	42.048647133260516	-12.627954426847685	16024	3278	0	0.041993334
20260909	614	upward_scan	51.190064175523773	1.988920893877403	15307	3200	0	0.038587584000000001
20260909	615	uniform_accepted	35.887629933166288	-28.849932508589475	12492	2630	0	0.032073292000000003
20260909	615	upward_scan	76.211288922113084	10.579904124520219	23311	4854	0	0.065191458999999993
20260909	616	uniform_accepted	34.258322243771183	-14.409263335291417	14165	2952	0	0.036169374999999997
20260909	616	upward_scan	72.401059170151498	18.049548933923006	22271	4642	0	0.058648582999999997
20260909	617	uniform_accepted	31.725423234368641	-23.812886124493943	14511	3020	0	0.041102290999999999
20260909	617	upward_scan	70.580455075237865	15.945900723251636	21190	4414	0	0.051161167
20260909	618	uniform_accepted	29.605708495796662	-18.912008828372905	11877	2420	0	0.031572875
20260909	618	upward_scan	77.217150373224854	21.527453937734666	23937	4990	0	0.064370583999999995
20260909	619	uniform_accepted	28.072548055127527	-19.092394626513919	13789	2874	0	0.041770333
20260909	619	upward_scan	70.273767246084006	18.253846713231379	21728	4531	0	0.056908500000000001
20260909	620	uniform_accepted	28.586148135662015	-25.846407293425589	11309	2370	0	0.0283845
20260909	620	upward_scan	64.467553214847584	14.848457855777058	17830	3710	0	0.042626249999999997
20260909	621	uniform_accepted	25.701701687178819	-27.699054117785547	11481	2393	0	0.033199874999999997
20260909	621	upward_scan	67.558612460136459	14.777708367889911	21287	4443	0	0.057004249999999999
20260909	622	uniform_accepted	28.824715085918754	-24.659508660515606	14724	3029	0	0.042258708999999998
20260909	622	upward_scan	65.900435012082809	12.682576449099066	20926	4361	0	0.053190500000000002
20260909	623	uniform_accepted	36.132893879101218	-12.646683055264171	14676	3060	0	0.039099834
20260909	623	upward_scan	61.355083885169329	14.508170446331247	20295	4229	0	0.053097041999999997
20260909	624	uniform_accepted	30.575505376440912	-27.989095645837931	13327	2766	0	0.034872624999999997
20260909	624	upward_scan	52.303192350007606	6.8080881178270882	16034	3355	0	0.042149167000000001
20260909	625	uniform_accepted	41.160790120171683	-14.694709723562259	14357	3016	0	0.038562958000000001
20260909	625	upward_scan	62.390860441721188	13.328529958455141	20064	4169	0	0.056915750000000001
20260909	626	uniform_accepted	37.889060353052365	-15.923351967995107	16236	3310	0	0.042556833000000002
20260909	626	upward_scan	54.100415310314077	10.197126368936837	16536	3445	0	0.043333625000000001
20260909	627	uniform_accepted	36.485045913312945	-14.003099272199055	15789	3356	0	0.042957042000000001
20260909	627	upward_scan	56.807087373230267	4.5596021547783465	18735	3902	0	0.050469959000000002
20260909	628	uniform_accepted	30.738137343898504	-21.759816823942522	13003	2646	0	0.031537500000000003
20260909	628	upward_scan	64.700512808467096	15.78823009459002	19167	3981	0	0.048836917000000001
20260909	629	uniform_accepted	45.913325899896556	-10.914203324591742	16543	3430	0	0.046622458999999998
20260909	629	upward_scan	54.654119729242836	6.3523053583092457	18554	3871	0	0.050646749999999997
20260909	630	uniform_accepted	35.917554496896187	-9.8362380847556512	14197	2955	0	0.037470958999999998
20260909	630	upward_scan	79.806304374901984	17.929420775086012	22925	4775	0	0.057734916999999997
20260909	631	uniform_accepted	43.232780230495102	-16.351444382424152	15893	3291	0	0.044859250000000003
20260909	631	upward_scan	63.744420142649794	11.727804272990348	19149	3997	0	0.049596500000000002
20260909	632	uniform_accepted	29.427149133971156	-19.208789356565919	13109	2746	0	0.035015167
20260909	632	upward_scan	71.760439698715274	17.717110679578113	21187	4434	0	0.058972792000000003
20260909	633	uniform_accepted	28.845789730709143	-32.653246444888552	13576	2811	0	0.036518083
20260909	633	upward_scan	71.335040974221243	19.207177199380453	22261	4626	0	0.055999917000000003
20260909	634	uniform_accepted	25.170889997239076	-23.194265117379359	12293	2520	0	0.033035083
20260909	634	upward_scan	65.785416432582281	12.810437966805459	18504	3861	0	0.041494125
20260909	635	uniform_accepted	37.407735126585699	-16.258990129235055	14595	2991	0	0.037821041
20260909	635	upward_scan	75.237337537564571	15.844120339532953	21544	4510	0	0.052735375000000001
20260909	636	uniform_accepted	23.428009629712232	-34.598831393920811	11985	2482	0	0.032530542000000003
20260909	636	upward_scan	92.289854813615094	21.200062741207336	25989	5404	0	0.063850875000000001
20260909	637	uniform_accepted	47.037523482038168	-1.7712832666226985	17491	3611	0	0.044358707999999997
20260909	637	upward_scan	68.977253813850837	14.43843444413897	21231	4428	0	0.059996708000000003
20260909	638	uniform_accepted	38.095925893417949	-17.456127445186411	15016	3111	0	0.03915275
20260909	638	upward_scan	58.426653126679007	12.804474932640311	18267	3811	0	0.047126874999999999
20260909	639	uniform_accepted	36.022333395123034	-10.957973234594501	17641	3639	0	0.048689916
20260909	639	upward_scan	62.621526528950994	12.340972856848516	19375	4044	0	0.047189333999999999
20260909	640	uniform_accepted	33.843800364590322	-19.195255891855712	12041	2494	0	0.034224875000000002
20260909	640	upward_scan	56.759355799870299	5.8599710760404751	17953	3750	0	0.086781207999999999
20260909	641	uniform_accepted	30.517395841207609	-16.900254298687084	13305	2788	0	0.068697624999999998
20260909	641	upward_scan	68.683768765639016	16.566243341738538	19865	4136	0	0.055141207999999997
20260909	642	uniform_accepted	36.526249039190098	-12.450606268786988	14498	3008	0	0.039959250000000002
20260909	642	upward_scan	69.089776041671541	12.681112373994283	21989	4587	0	0.061405332999999999
20260909	643	uniform_accepted	30.339897347929021	-20.058094763788631	12649	2627	0	0.035697458000000001
20260909	643	upward_scan	67.486050296427877	11.557894536549092	20762	4316	0	0.059096250000000003
20260909	644	uniform_accepted	36.51975091528616	-7.1788647159879844	14570	3035	0	0.040424333
20260909	644	upward_scan	67.291305674134477	11.090065877328239	20408	4260	0	0.057787832999999997
20260909	645	uniform_accepted	26.251738093021299	-26.985617184795071	11326	2395	0	0.033190417
20260909	645	upward_scan	68.276643271362104	12.531285084786989	20569	4279	0	0.055191834000000002
20260909	646	uniform_accepted	40.895402862450915	-13.770000042128521	17375	3597	0	0.047805041
20260909	646	upward_scan	56.738544879338946	11.708188319201222	16820	3506	0	0.043360584000000001
20260909	647	uniform_accepted	30.496329583074896	-20.812263666187473	11392	2430	0	0.028511666000000001
20260909	647	upward_scan	61.446797954760953	9.6190760852880874	20156	4200	0	0.061704874999999999
20260909	648	uniform_accepted	42.117654191889756	-8.1908943795850497	14785	3127	0	0.040623667000000002
20260909	648	upward_scan	65.004046283640733	12.81427593264149	21310	4439	0	0.058002291999999997
20260909	649	uniform_accepted	34.005567347269903	-15.269538020109483	14777	3094	0	0.043119417
20260909	649	upward_scan	58.282937888180875	9.8417202871953222	19109	3972	0	0.050960667000000001
20260909	650	uniform_accepted	36.433743993213163	-24.397930004461632	12929	2653	0	0.034457416999999997
20260909	650	upward_scan	55.700583340465727	10.632655790349016	17458	3634	0	0.046210000000000001
20260909	651	uniform_accepted	25.733626379096641	-22.994964756303194	10155	2143	0	0.024946916999999999
20260909	651	upward_scan	84.787353277282293	21.543384885337076	25928	5402	0	0.069563583999999998
20260909	652	uniform_accepted	37.871756297306902	-15.791792614102587	16479	3359	0	0.045057208000000001
20260909	652	upward_scan	73.05506126432644	21.34463079543546	21763	4525	0	0.056215958000000003
20260909	653	uniform_accepted	26.615867040540255	-21.550957213606431	12805	2670	0	0.034791042000000001
20260909	653	upward_scan	67.249145692224289	12.593328520732719	20885	4341	0	0.056010707999999999
20260909	654	uniform_accepted	37.169655761052603	-15.088103633652251	13817	2856	0	0.035547458999999997
20260909	654	upward_scan	50.699265447449967	6.9324986662097015	15909	3308	0	0.040052999999999998
20260909	655	uniform_accepted	33.114799968617618	-17.160177631079602	15276	3166	0	0.040648499999999997
20260909	655	upward_scan	51.833612654520813	7.6376912402007813	15346	3205	0	0.040342000000000003
20260909	656	uniform_accepted	26.371912083770674	-25.04704033344753	11521	2375	0	0.031564042
20260909	656	upward_scan	75.904188211615505	17.670772388117086	21311	4446	0	0.051504750000000002
20260909	657	uniform_accepted	45.456955038779093	-8.8134440500024844	18135	3698	0	0.051184915999999997
20260909	657	upward_scan	67.527099237065556	18.307276212970937	20169	4200	0	0.051014625000000001
20260909	658	uniform_accepted	32.312393294901447	-15.891243566787804	16344	3411	0	0.044980208000000001
20260909	658	upward_scan	49.364092156923547	4.0425578044392481	15637	3268	0	0.042363249999999998
20260909	659	uniform_accepted	53.312359597026123	-3.1083493212442068	16899	3517	0	0.045335208000000002
20260909	659	upward_scan	70.087440412201531	15.540589261427582	21119	4401	0	0.056582459000000002
20260909	660	uniform_accepted	46.976930729749363	-2.6589115094259483	16447	3404	0	0.041237500000000003
20260909	660	upward_scan	63.770488684645052	11.591207774890126	19372	4022	0	0.053388083000000003
20260909	661	uniform_accepted	37.845376656405648	-11.719214460678844	13760	2873	0	0.038961791000000003
20260909	661	upward_scan	55.724335604033044	7.5000774314481706	18769	3920	0	0.055526708000000001
20260909	662	uniform_accepted	38.584040430221506	-4.930340753206421	14912	3041	0	0.043159416999999999
20260909	662	upward_scan	70.12132521790916	17.64586638686373	21557	4483	0	0.054172584000000003
20260909	663	uniform_accepted	33.704842021865431	-15.639896919171685	11654	2450	0	0.031593458999999997
20260909	663	upward_scan	58.470843858010348	13.025349608886128	16747	3501	0	0.042435750000000001
20260909	664	uniform_accepted	32.34299727971473	-11.254376226376388	14347	3025	0	0.041642208999999999
20260909	664	upward_scan	72.02739961654558	16.565365261517741	20496	4264	0	0.057514915999999999
20260909	665	uniform_accepted	33.465458777902057	-15.306443820085246	17784	3642	0	0.053709125000000003
20260909	665	upward_scan	74.075767225855174	20.505055404278945	22921	4770	0	0.062710165999999998
20260909	666	uniform_accepted	26.507289799162908	-30.452068115474475	13349	2735	0	0.033739417000000001
20260909	666	upward_scan	66.141228769840097	14.328313331726637	18330	3802	0	0.047662665999999999
20260909	667	uniform_accepted	32.573394634714482	-18.143010641847045	16387	3335	0	0.044778083000000003
20260909	667	upward_scan	71.304495582226792	17.468808461712122	23588	4898	0	0.065260791999999998
20260909	668	uniform_accepted	30.916536266889018	-19.245554535540691	13351	2752	0	0.034335917000000001
20260909	668	upward_scan	56.619230011302747	7.3556035926765908	17459	3634	0	0.046901959
20260909	669	uniform_accepted	32.98562270551195	-19.713987126243623	14020	2950	0	0.040030084
20260909	669	upward_scan	61.909104305654594	12.529728937628722	18066	3758	0	0.046545083000000001
20260909	670	uniform_accepted	38.554963099973619	-16.083306284247286	14587	3085	0	0.039334959000000003
20260909	670	upward_scan	73.631093678982836	14.857270954913595	23107	4814	0	0.058870459
20260909	671	uniform_accepted	37.809904015010567	-10.861532557874764	16137	3387	0	0.045842374999999998
20260909	671	upward_scan	63.868295088052768	13.380530735163319	17937	3731	0	0.041943541000000001
20260909	672	uniform_accepted	38.244870764763711	-23.603527871136919	15348	3260	0	0.042031249999999999
20260909	672	upward_scan	72.950417898011636	17.913407709109141	22051	4585	0	0.052497250000000002
20260909	673	uniform_accepted	30.91879377442315	-24.135905471453295	13042	2677	0	0.031993832999999999
20260909	673	upward_scan	74.360964300110268	17.038353710165715	23027	4785	0	0.061120624999999998
20260909	674	uniform_accepted	35.507080082121178	-19.942667656411427	13742	2830	0	0.035275874999999998
20260909	674	upward_scan	57.497300464105571	11.018407580920471	17659	3678	0	0.049117874999999998
20260909	675	uniform_accepted	42.79772625264841	-11.371015844796004	13779	2893	0	0.035872583999999999
20260909	675	upward_scan	62.259816361357174	9.723100159681108	18561	3870	0	0.046215082999999997
20260909	676	uniform_accepted	30.507760864472555	-27.73914399575597	15125	3135	0	0.040242167000000002
20260909	676	upward_scan	64.315830764793731	12.27407720466775	19957	4160	0	0.050968916000000003
20260909	677	uniform_accepted	24.709774454255644	-23.153031457464063	11956	2470	0	0.032563874999999999
20260909	677	upward_scan	66.945357317505369	10.816757406442811	19452	4069	0	0.044791999999999998
20260909	678	uniform_accepted	30.850605139777411	-14.568206831480801	13185	2712	0	0.034003125000000002
20260909	678	upward_scan	67.350366452325403	17.78830404682439	22050	4582	0	0.058180750000000003
20260909	679	uniform_accepted	36.821639642940561	-13.741231335253206	15192	3150	0	0.042109291
20260909	679	upward_scan	71.486095003730014	15.551563046424906	22488	4675	0	0.055825541999999999
20260909	680	uniform_accepted	39.16541312897958	-7.2235830425153589	18083	3720	0	0.053057791999999999
20260909	680	upward_scan	65.828518073253449	12.844958804738315	23234	4836	0	0.064098000000000002
20260909	681	uniform_accepted	29.536402108404605	-22.749740424512499	15013	3043	0	0.037510834
20260909	681	upward_scan	54.210086663628068	9.1464112602482768	15975	3340	0	0.043817374999999999
20260909	682	uniform_accepted	37.142031584374102	-21.925849900632265	14131	2922	0	0.039374582999999998
20260909	682	upward_scan	55.585632224124197	7.2622030715501698	17299	3612	0	0.045892124999999999
20260909	683	uniform_accepted	38.062620726278276	-22.688730146718839	15311	3200	0	0.039879708
20260909	683	upward_scan	70.060955699768712	16.939818241624462	22143	4611	0	0.059495208000000001
20260909	684	uniform_accepted	37.772249640682787	-16.883590949625685	14955	3214	0	0.041025416000000002
20260909	684	upward_scan	51.363810565389493	9.5902624105160061	16325	3413	0	0.042155708
20260909	685	uniform_accepted	38.550484819111738	-14.108643530899595	15048	3158	0	0.043896541999999997
20260909	685	upward_scan	59.069580798350508	6.4213517524353279	17984	3748	0	0.049355416999999999
20260909	686	uniform_accepted	25.603575424749252	-23.798456733012507	12191	2545	0	0.031226375000000001
20260909	686	upward_scan	48.095154938192152	0.49042251128798742	16152	3366	0	0.045646917000000002
20260909	687	uniform_accepted	30.292310328830158	-18.239988148873767	11609	2457	0	0.029065875000000001
20260909	687	upward_scan	60.152567769180372	11.93937706219628	18943	3960	0	0.049740917000000003
20260909	688	uniform_accepted	35.099493435219621	-11.688795723647646	14515	3067	0	0.040425500000000003
20260909	688	upward_scan	76.003199922428223	19.452969810490536	24778	5158	0	0.066363208000000007
20260909	689	uniform_accepted	35.614850098794719	-15.840782542275244	14375	2941	0	0.038046666999999999
20260909	689	upward_scan	70.418370838473152	15.485812204207397	20833	4339	0	0.076525250000000003
20260909	690	uniform_accepted	31.603814007121212	-24.951254676238367	12902	2665	0	0.063658500000000007
20260909	690	upward_scan	70.88018945446241	18.63492840106823	21628	4503	0	0.067900457999999997
20260909	691	uniform_accepted	34.625352832305666	-26.74355192531058	12162	2545	0	0.026853584
20260909	691	upward_scan	62.513695835804505	14.424077270524482	18912	3931	0	0.047361500000000001
20260909	692	uniform_accepted	34.446360686984129	-22.598336205348854	14503	3057	0	0.040093375000000001
20260909	692	upward_scan	83.756135090994491	19.349538919767586	24578	5113	0	0.066815874999999997
20260909	693	uniform_accepted	34.727977711264074	-19.441966835387731	16562	3478	0	0.046415832999999997
20260909	693	upward_scan	80.582276250193857	15.836755652338281	25247	5258	0	0.072094667000000001
20260909	694	uniform_accepted	37.376696784214559	-12.665649298180844	13953	2886	0	0.035773417000000002
20260909	694	upward_scan	50.761488683606018	3.6095860064099092	17088	3558	0	0.049960125000000001
20260909	695	uniform_accepted	40.57182553293211	-11.870440617134342	15248	3130	0	0.041826459000000003
20260909	695	upward_scan	59.800281852883337	8.9642370736972836	18505	3852	0	0.045319875000000003
20260909	696	uniform_accepted	44.686318551963225	-3.7376397155479117	17198	3613	0	0.062605416999999997
20260909	696	upward_scan	71.372684430104286	19.808856633379108	21861	4559	0	0.074207707999999997
20260909	697	uniform_accepted	40.97573738444634	-9.083941879276475	14011	2947	0	0.040342791000000003
20260909	697	upward_scan	71.928302061700577	17.670522266699635	19233	4024	0	0.049373667000000003
20260909	698	uniform_accepted	33.938588630845246	-17.517953796766253	13708	2843	0	0.039552333000000002
20260909	698	upward_scan	69.087502748960517	18.480106407026515	21878	4563	0	0.055951500000000001
20260909	699	uniform_accepted	43.073975535855709	-7.7824938586630141	16919	3586	0	0.047121875000000001
20260909	699	upward_scan	55.876183770162598	11.087291645120063	17599	3672	0	0.049041374999999998
20260909	700	uniform_accepted	42.210542685219153	-11.100384584082716	18084	3733	0	0.047963125000000002
20260909	700	upward_scan	77.729411896647846	22.909305375353583	24907	5164	0	0.069181000000000006
20260909	701	uniform_accepted	27.05167418470014	-30.256497286120073	11950	2483	0	0.032250415999999997
20260909	701	upward_scan	73.170824191829922	16.294717566601793	22536	4689	0	0.058074583999999999
20260909	702	uniform_accepted	38.092953577339017	-16.224128026432563	12238	2560	0	0.031266500000000003
20260909	702	upward_scan	59.124578676188385	10.901804288747607	19135	3993	0	0.051282042
20260909	703	uniform_accepted	33.201015954414238	-9.616279248903961	12186	2556	0	0.030796582999999999
20260909	703	upward_scan	70.821335709039275	17.008699178059267	20608	4284	0	0.051016833999999997
20260909	704	uniform_accepted	39.513163119086258	-20.52455930133376	18386	3814	0	0.049457165999999997
20260909	704	upward_scan	73.151207044089077	15.3116159297088	25042	5205	0	0.070819833999999998
20260909	705	uniform_accepted	32.09869173204477	-21.94630509138824	12293	2575	0	0.030673374999999999
20260909	705	upward_scan	65.98626793670384	11.403227686863229	18881	3927	0	0.047279500000000002
20260909	706	uniform_accepted	35.59460219103368	-14.202524864078939	14864	3058	0	0.039390957999999997
20260909	706	upward_scan	60.826834688375627	7.8778208218900856	18161	3783	0	0.047237874999999999
20260909	707	uniform_accepted	35.492887296767364	-19.129611077009489	15251	3119	0	0.039137125000000002
20260909	707	upward_scan	61.65172858691993	9.5340564011082662	18554	3874	0	0.051449707999999997
20260909	708	uniform_accepted	36.543854719150985	-13.987523926126091	14885	3115	0	0.038660750000000001
20260909	708	upward_scan	56.324793806738981	5.6837357368398127	18063	3776	0	0.054419166999999997
20260909	709	uniform_accepted	32.701633734940586	-21.4498420132349	14170	2950	0	0.040310082999999997
20260909	709	upward_scan	57.559065322182171	12.30205710315899	17694	3673	0	0.062421083000000002
20260909	710	uniform_accepted	37.043415274210226	-14.535497725919921	15193	3196	0	0.051354499999999997
20260909	710	upward_scan	74.735357603607198	20.072062854192087	22177	4622	0	0.059043791999999998
20260909	711	uniform_accepted	26.642467534926435	-36.628983237844714	11917	2466	0	0.028343041999999999
20260909	711	upward_scan	66.319721504196593	11.709069539295847	18413	3837	0	0.044168040999999998
20260909	712	uniform_accepted	30.402641981282493	-17.193031347302743	15059	3163	0	0.043972707999999999
20260909	712	upward_scan	85.41463996370851	24.007735445646915	27801	5792	0	0.077719750000000004
20260909	713	uniform_accepted	37.873569509751846	-8.4473314394602976	15728	3288	0	0.043872833
20260909	713	upward_scan	57.131439746447711	4.144444819597334	16963	3539	0	0.042135541999999998
20260909	714	uniform_accepted	36.589172568159256	-17.110018894252718	15883	3283	0	0.041992500000000002
20260909	714	upward_scan	77.089555195672645	19.208350026763252	24121	5031	0	0.065570583000000002
20260909	715	uniform_accepted	34.985262009189988	-15.048271943663266	14191	2933	0	0.037454542
20260909	715	upward_scan	75.006016590247981	15.409377852359599	23526	4906	0	0.065345542000000006
20260909	716	uniform_accepted	28.870979795577146	-16.627785558105472	11369	2381	0	0.030826375
20260909	716	upward_scan	68.570494115578569	9.2818669695961002	22879	4767	0	0.065396124999999999
20260909	717	uniform_accepted	32.023568751938967	-14.914049889121893	14542	3002	0	0.038985041999999998
20260909	717	upward_scan	69.788142168642523	16.086878457120136	20638	4306	0	0.051591999999999999
20260909	718	uniform_accepted	24.41332429281719	-33.224423045761178	12194	2542	0	0.034598375000000001
20260909	718	upward_scan	63.571571399777831	12.810156577616	21004	4371	0	0.057437624999999999
20260909	719	uniform_accepted	32.452797961534813	-19.711862301137526	11998	2499	0	0.030213666
20260909	719	upward_scan	66.378657169174417	10.35795356419915	21051	4376	0	0.057655375000000002
20260909	720	uniform_accepted	39.26678639961164	-16.437844468272889	14516	3055	0	0.041218375000000002
20260909	720	upward_scan	68.982619051546706	12.648687523100472	21780	4532	0	0.062266624999999999
20260909	721	uniform_accepted	27.514067437729633	-18.610622526697501	12291	2619	0	0.034769583
20260909	721	upward_scan	71.552907010727125	16.587481845218171	20947	4364	0	0.054809249999999997
20260909	722	uniform_accepted	25.172238821557908	-32.471275035359952	10132	2132	0	0.026281667000000002
20260909	722	upward_scan	70.782450188284656	15.444821583513257	21128	4401	0	0.049375000000000002
20260909	723	uniform_accepted	34.503568403518521	-8.8764793452709299	15057	3069	0	0.040930458000000003
20260909	723	upward_scan	59.980680982710147	11.171382523465493	17127	3571	0	0.041763333999999999
20260909	724	uniform_accepted	33.79579237221423	-20.16290895421044	15057	3111	0	0.038898874999999999
20260909	724	upward_scan	79.985664492382426	23.142661886279111	25479	5288	0	0.066214999999999996
20260909	725	uniform_accepted	36.6813726429681	-10.55733529431382	17484	3666	0	0.048596250000000001
20260909	725	upward_scan	65.279107181419974	15.879455044389399	21399	4469	0	0.057634834000000003
20260909	726	uniform_accepted	31.44694416925239	-16.622793491852832	14988	3074	0	0.038619374999999997
20260909	726	upward_scan	57.413099948203673	10.515125117023574	16333	3427	0	0.040075791999999999
20260909	727	uniform_accepted	28.435913469599978	-32.828244091447353	12154	2509	0	0.035059332999999998
20260909	727	upward_scan	59.806646137869642	13.507977108143068	18662	3899	0	0.048729874999999999
20260909	728	uniform_accepted	29.359825262260564	-22.059294223296938	12898	2666	0	0.033212917000000002
20260909	728	upward_scan	64.2443103571525	11.572129740213761	20139	4183	0	0.052401000000000003
20260909	729	uniform_accepted	31.66540221067115	-16.714730640403268	11965	2485	0	0.029931915999999999
20260909	729	upward_scan	65.22321134200152	18.471186150521053	20046	4166	0	0.051609833000000001
20260909	730	uniform_accepted	28.513594196960064	-16.107805299044696	13648	2845	0	0.038517500000000003
20260909	730	upward_scan	65.56829946354631	16.250649226370477	21236	4431	0	0.063241500000000006
20260909	731	uniform_accepted	27.205475101102724	-17.088169037302748	14300	2994	0	0.037948374999999999
20260909	731	upward_scan	60.601739809017332	11.582229412788234	19661	4106	0	0.049678791999999999
20260909	732	uniform_accepted	28.463943269742575	-26.945692080093043	14160	2908	0	0.035873958999999997
20260909	732	upward_scan	78.886226129706372	19.730930619348175	23420	4874	0	0.096195041999999994
20260909	733	uniform_accepted	47.108862281975391	-4.529225368300394	19614	4002	0	0.085968125000000006
20260909	733	upward_scan	64.101361199477424	13.410250583950718	21649	4509	0	0.059556791999999997
20260909	734	uniform_accepted	39.472672057332794	-4.7529378350454676	13703	2854	0	0.03698825
20260909	734	upward_scan	55.93643807796586	4.7095870114837481	15596	3253	0	0.036680249999999998
20260909	735	uniform_accepted	35.072059083217958	-12.695571807567614	15538	3215	0	0.04163625
20260909	735	upward_scan	65.122250306811196	10.094617244834026	19901	4147	0	0.051021416
20260909	736	uniform_accepted	25.170689791158495	-28.406745261414809	11425	2363	0	0.028508792000000002
20260909	736	upward_scan	68.200005252947534	16.34668909049153	20780	4328	0	0.054963083000000003
20260909	737	uniform_accepted	27.814234270360135	-22.727022976736251	13872	2835	0	0.034845542
20260909	737	upward_scan	67.39381016606319	17.855310704470114	19770	4122	0	0.053542541999999999
20260909	738	uniform_accepted	41.995663829339485	-10.985123887680661	14641	3079	0	0.040187665999999997
20260909	738	upward_scan	65.106131240201023	12.899635274077307	20755	4319	0	0.058637750000000002
20260909	739	uniform_accepted	29.752634264516605	-13.629578334645364	13269	2831	0	0.035987958
20260909	739	upward_scan	57.759722232830072	13.885456977071922	18073	3769	0	0.049293457999999998
20260909	740	uniform_accepted	40.543198951654347	-16.979731538504652	17078	3477	0	0.045163791000000002
20260909	740	upward_scan	51.78350660047137	7.8122204472324253	15038	3148	0	0.038970541999999997
20260909	741	uniform_accepted	42.25385860923236	-11.267591232996599	15692	3243	0	0.041108334000000003
20260909	741	upward_scan	64.958165402852387	13.57801064724851	20739	4310	0	0.059157291000000001
20260909	742	uniform_accepted	27.684483778107786	-21.152026300748442	11950	2496	0	0.032480208000000003
20260909	742	upward_scan	65.442453284607993	14.571486636337132	22595	4700	0	0.067995290999999999
20260909	743	uniform_accepted	26.90956462321348	-27.343498845953349	10744	2270	0	0.032488042000000002
20260909	743	upward_scan	65.781434359871767	16.762678466962647	20141	4194	0	0.057520457999999997
20260909	744	uniform_accepted	32.931713970710597	-22.414846020702125	14764	3030	0	0.037982957999999997
20260909	744	upward_scan	62.316044230727982	9.7143681376065718	18525	3859	0	0.050067209000000001
20260909	745	uniform_accepted	35.429218937918812	-12.336619514227856	15815	3333	0	0.043511874999999998
20260909	745	upward_scan	54.665492675581682	11.83151075869104	17518	3662	0	0.049054542
20260909	746	uniform_accepted	36.159931096333139	-10.466738040165902	13596	2792	0	0.033564416999999999
20260909	746	upward_scan	81.149909491290089	18.920856665242269	25220	5264	0	0.064963915999999997
20260909	747	uniform_accepted	34.364154241330979	-17.204333948726557	13203	2778	0	0.033501207999999998
20260909	747	upward_scan	58.537869560648005	8.3058432483640914	18867	3935	0	0.049723792000000003
20260909	748	uniform_accepted	31.099911740064911	-20.936658637130765	13768	2857	0	0.033549000000000002
20260909	748	upward_scan	72.422755836314366	16.663476714924748	22460	4677	0	0.061278667000000002
20260909	749	uniform_accepted	29.817408675365627	-23.839473684099968	13759	2913	0	0.035840958999999999
20260909	749	upward_scan	59.029337850733235	11.3483806821357	19275	4021	0	0.054581208999999999
20260909	750	uniform_accepted	43.361123076461297	-12.047666245100926	14874	3068	0	0.03725125
20260909	750	upward_scan	58.829978219258223	9.2871658565244601	19005	3967	0	0.051412791999999999
20260909	751	uniform_accepted	34.438132112652447	-17.285439090581932	13637	2837	0	0.035943708999999997
20260909	751	upward_scan	67.223816465450994	15.460626732553601	20044	4177	0	0.051869499999999999
20260909	752	uniform_accepted	45.176692954238526	-8.4142005125214006	14284	2981	0	0.040601749999999999
20260909	752	upward_scan	63.074495101640338	13.137848359692709	18752	3903	0	0.046087666999999999
20260909	753	uniform_accepted	36.400858210028247	-15.394130680734968	12888	2704	0	0.033992208000000003
20260909	753	upward_scan	69.774771170443842	14.832067532232672	20222	4210	0	0.056700250000000001
20260909	754	uniform_accepted	40.410338529681262	-18.045010112931845	15318	3214	0	0.042527291000000002
20260909	754	upward_scan	72.32623358690455	17.523777898409769	21649	4510	0	0.055155625
20260909	755	uniform_accepted	43.273731695318084	-12.006294988275066	16601	3427	0	0.044634708000000002
20260909	755	upward_scan	59.998709509152647	12.902362030075928	18455	3833	0	0.046019040999999997
20260909	756	uniform_accepted	30.386830888446532	-19.092904928603197	14417	2973	0	0.038529582999999999
20260909	756	upward_scan	59.564578789982846	7.7362473505262503	18930	3935	0	0.053369541
20260909	757	uniform_accepted	27.901969578665796	-25.485756111948838	12867	2646	0	0.032560749999999999
20260909	757	upward_scan	61.114262771234195	12.323787062490902	18319	3817	0	0.047720208
20260909	758	uniform_accepted	41.377528614425493	-8.7847019868045368	14469	3015	0	0.034294375000000002
20260909	758	upward_scan	77.971353599122622	17.928551018633318	24189	5045	0	0.059659833000000002
20260909	759	uniform_accepted	43.570337343540039	-16.699490684565227	17988	3740	0	0.047244624999999998
20260909	759	upward_scan	52.640133408040136	6.5344016326308179	16929	3522	0	0.044375666000000001
20260909	760	uniform_accepted	24.940850699732184	-23.830704042801436	11211	2333	0	0.029496416000000001
20260909	760	upward_scan	79.875682052272879	20.407974250157977	24950	5212	0	0.069193667
20260909	761	uniform_accepted	33.984607315189933	-18.605792490835373	13208	2726	0	0.035497292
20260909	761	upward_scan	56.56324127093874	3.8296724861650286	16654	3471	0	0.042264583000000001
20260909	762	uniform_accepted	35.189025259572375	-18.602929387980637	13364	2752	0	0.034794375000000002
20260909	762	upward_scan	68.913150882872287	16.192869194716245	19708	4100	0	0.047761458999999999
20260909	763	uniform_accepted	23.538389070159383	-37.484597450907046	10615	2172	0	0.027706291000000001
20260909	763	upward_scan	69.506100733290452	18.256414576741619	22909	4779	0	0.068486667000000001
20260909	764	uniform_accepted	34.663701741908994	-15.141274059220011	16360	3405	0	0.042247709000000001
20260909	764	upward_scan	76.330748982720124	21.484593141218781	23646	4934	0	0.065428334000000005
20260909	765	uniform_accepted	29.36557940122665	-28.732370318697392	12900	2685	0	0.034512500000000002
20260909	765	upward_scan	62.456579468021509	11.374252170890822	18972	3954	0	0.054920541000000003
20260909	766	uniform_accepted	26.93936831707282	-24.17318474481208	12725	2612	0	0.030346958
20260909	766	upward_scan	55.436286532367319	10.907475481196876	17427	3633	0	0.047294708999999997
20260909	767	uniform_accepted	26.46090993895352	-23.676801866602716	13045	2665	0	0.035383916000000001
20260909	767	upward_scan	68.841513231324143	15.565628673259223	21235	4421	0	0.054448000000000003
20260909	768	uniform_accepted	36.335030543145571	-15.282335996417478	14428	2986	0	0.037570417000000002
20260909	768	upward_scan	68.890833303640164	15.779745683023254	22458	4685	0	0.064264625000000006
20260909	769	uniform_accepted	39.057720617866792	-12.320334288845496	15095	3115	0	0.040193791
20260909	769	upward_scan	73.220245552754704	13.056516995123198	21022	4367	0	0.047823749999999998
20260909	770	uniform_accepted	36.982075317192184	-9.1697019688540085	13757	2865	0	0.035430166999999999
20260909	770	upward_scan	64.622037937821659	10.593567594331732	19983	4180	0	0.053710292
20260909	771	uniform_accepted	34.549350550886146	-19.2042164605013	13765	2928	0	0.039015792000000001
20260909	771	upward_scan	65.996131769309258	14.344325249986355	21352	4465	0	0.056815166
20260909	772	uniform_accepted	35.581378587139994	-21.16479065731378	13510	2788	0	0.032085416999999998
20260909	772	upward_scan	63.088490392104084	16.214729108125532	19811	4132	0	0.051225291999999999
20260909	773	uniform_accepted	45.137324465185351	-6.935809548516648	14406	2996	0	0.034187000000000002
20260909	773	upward_scan	53.751083598864078	4.4904033001221437	15092	3149	0	0.035375583000000002
20260909	774	uniform_accepted	37.168711308400759	-15.285652653778566	12031	2518	0	0.028879417000000001
20260909	774	upward_scan	56.317892245009574	10.554899673213553	16847	3513	0	0.042783250000000002
20260909	775	uniform_accepted	33.188571982990247	-18.747936621717191	12768	2607	0	0.031301666999999998
20260909	775	upward_scan	57.264745393483324	8.6271409279797435	18820	3930	0	0.051221999999999997
20260909	776	uniform_accepted	28.51992329327253	-22.23794580730965	15773	3274	0	0.045245333999999998
20260909	776	upward_scan	64.110219258745474	11.662238305424165	20750	4340	0	0.055023207999999997
20260909	777	uniform_accepted	46.140349300078036	-13.60676797649338	15673	3254	0	0.040768499999999999
20260909	777	upward_scan	69.058873059679883	17.470380799480456	20919	4353	0	0.054553375000000001
20260909	778	uniform_accepted	26.354711053471224	-20.843572629439027	12569	2555	0	0.033293415999999999
20260909	778	upward_scan	47.98709944853001	0.42910006784337362	14869	3103	0	0.044562292000000003
20260909	779	uniform_accepted	32.516843604983912	-21.367733676063338	15515	3221	0	0.044848332999999997
20260909	779	upward_scan	74.39230951146105	19.71355174120449	23114	4810	0	0.062267292000000002
20260909	780	uniform_accepted	28.326293544881942	-27.980010307903232	12309	2565	0	0.031903750000000002
20260909	780	upward_scan	63.233075406787819	13.305468078250842	20998	4370	0	0.056450374999999997
20260909	781	uniform_accepted	28.749774435197086	-24.259783663830476	10979	2270	0	0.027774875000000001
20260909	781	upward_scan	79.66327372507908	19.440360848464532	24412	5077	0	0.064178874999999996
20260909	782	uniform_accepted	31.862440289460707	-24.146657122889575	12459	2578	0	0.030947667000000002
20260909	782	upward_scan	63.786820300673995	12.355130346639433	18150	3771	0	0.046196874999999998
20260909	783	uniform_accepted	26.702725817537239	-27.021769200939474	12244	2629	0	0.037954541000000001
20260909	783	upward_scan	59.524831882457633	12.237243020071006	18245	3803	0	0.049697208
20260909	784	uniform_accepted	39.193145804977028	-10.313912964328631	15386	3190	0	0.040698583000000003
20260909	784	upward_scan	57.158185246101212	1.1167319518093399	15546	3248	0	0.036808500000000001
20260909	785	uniform_accepted	33.497237196108145	-23.646663120585767	15329	3144	0	0.040405833000000002
20260909	785	upward_scan	55.565212751046708	8.7427063837959018	17084	3563	0	0.045541417000000001
20260909	786	uniform_accepted	38.811774874971675	-14.613904619530036	15491	3261	0	0.040670375000000002
20260909	786	upward_scan	59.376866324773538	12.425293511145631	20329	4234	0	0.058241874999999999
20260909	787	uniform_accepted	29.387577473756895	-19.924218547560326	12956	2676	0	0.035327875000000002
20260909	787	upward_scan	65.184676117922535	13.798165190736903	18974	3972	0	0.049717292000000003
20260909	788	uniform_accepted	41.086014192049731	-5.2359281023715116	17198	3582	0	0.045914207999999998
20260909	788	upward_scan	60.548419141200107	11.168097238665499	17657	3673	0	0.043904708000000001
20260909	789	uniform_accepted	39.850548308792945	-7.120334866421941	14964	3161	0	0.041465916999999998
20260909	789	upward_scan	64.639485966089509	12.734952674837826	20307	4229	0	0.058159374999999999
20260909	790	uniform_accepted	33.1662353051126	-18.715247750182577	14317	2971	0	0.039778916999999997
20260909	790	upward_scan	64.106485637819972	13.339947121248445	18773	3902	0	0.048687624999999998
20260909	791	uniform_accepted	41.276905031094984	-12.670159046317684	15958	3335	0	0.042059125000000003
20260909	791	upward_scan	64.166858832112823	11.492957830233276	19878	4135	0	0.052715916000000002
20260909	792	uniform_accepted	37.28585282146566	-14.049430309928466	13026	2751	0	0.035625292000000003
20260909	792	upward_scan	70.344649611634253	19.006375339647256	20980	4384	0	0.050107084000000003
20260909	793	uniform_accepted	43.238087445528414	-9.2575486290628568	16333	3427	0	0.042976416000000003
20260909	793	upward_scan	68.346602723623661	8.1752224333888392	21869	4548	0	0.058752208
20260909	794	uniform_accepted	36.793190928878737	-9.6434242900380092	12895	2669	0	0.035684
20260909	794	upward_scan	80.327230520651099	18.131333603752914	23829	4976	0	0.065385334000000003
20260909	795	uniform_accepted	28.182489641441766	-24.534544109730266	11825	2467	0	0.029357332999999999
20260909	795	upward_scan	59.975227019873763	9.4362237765055781	18372	3833	0	0.044356082999999998
20260909	796	uniform_accepted	30.105398563988295	-20.060528490826101	13039	2706	0	0.034059667000000002
20260909	796	upward_scan	62.986736546982442	14.560065239359291	18687	3898	0	0.049452583000000001
20260909	797	uniform_accepted	43.134768705020051	-12.286169960536697	15172	3104	0	0.04357225
20260909	797	upward_scan	79.333970198006725	22.14870215397502	24306	5065	0	0.066595333000000007
20260909	798	uniform_accepted	42.929582616221708	-6.1511694578941052	13713	2912	0	0.037938125000000003
20260909	798	upward_scan	62.146844704336161	12.013011485031852	19726	4108	0	0.052912292
20260909	799	uniform_accepted	26.476896249842259	-22.941476028391243	11160	2281	0	0.029071791999999999
20260909	799	upward_scan	59.104174110484159	11.971680857713437	18135	3777	0	0.048140583000000001
20260909	800	uniform_accepted	32.906553637450322	-20.864199508497279	13233	2749	0	0.036080959000000003
20260909	800	upward_scan	64.387341995979398	13.811484127814126	20220	4207	0	0.056474957999999999
20260909	801	uniform_accepted	27.868513787771896	-18.792673968424257	12174	2529	0	0.031434541000000003
20260909	801	upward_scan	69.586686098863765	17.153545085602268	21541	4488	0	0.058360957999999998
20260909	802	uniform_accepted	27.859390421526832	-22.069579984369412	11139	2346	0	0.028971207999999998
20260909	802	upward_scan	58.472673829507187	6.3038821868694521	20181	4214	0	0.054921042000000003
20260909	803	uniform_accepted	38.856981220239724	-10.15028792841578	14541	2989	0	0.037656333
20260909	803	upward_scan	73.049781699881692	17.954501329747419	21636	4496	0	0.055041667000000002
20260909	804	uniform_accepted	35.650368019395671	-15.66950245201064	13176	2723	0	0.032861500000000002
20260909	804	upward_scan	50.525562612702522	4.529591043783423	16573	3466	0	0.041065334000000002
20260909	805	uniform_accepted	29.871840098057255	-21.591994353995556	13372	2731	0	0.032730957999999997
20260909	805	upward_scan	74.910633429294037	19.0569440555673	23934	5001	0	0.060797292000000003
20260909	806	uniform_accepted	35.462143824224221	-12.214939910809063	15917	3272	0	0.043500749999999998
20260909	806	upward_scan	65.222458543161707	13.876359989629734	19564	4075	0	0.051128082999999998
20260909	807	uniform_accepted	33.332681289108713	-23.500872249499398	13208	2729	0	0.036964834000000002
20260909	807	upward_scan	66.578471411761569	13.014466274655287	20570	4298	0	0.056806500000000003
20260909	808	uniform_accepted	26.571641595167456	-25.21926325906939	13590	2798	0	0.040324790999999999
20260909	808	upward_scan	57.949431444336852	9.7350957694320073	20933	4365	0	0.062569250000000007
20260909	809	uniform_accepted	29.622355606863223	-23.563450660337505	13283	2680	0	0.035056917
20260909	809	upward_scan	61.727622018647089	11.764673597084418	19089	3970	0	0.050583875
20260909	810	uniform_accepted	31.836819121630718	-19.854937089978893	11628	2444	0	0.030492458
20260909	810	upward_scan	79.618815314112538	20.401418791622806	23232	4834	0	0.057899459
20260909	811	uniform_accepted	36.499863939693547	-12.266687753628132	13315	2796	0	0.036221250000000003
20260909	811	upward_scan	63.692374699726031	13.832778989118909	17322	3602	0	0.041852166000000003
20260909	812	uniform_accepted	34.526039110214356	-12.328284180925072	15001	3097	0	0.042212375000000003
20260909	812	upward_scan	62.51572695199274	13.93543902258059	20530	4275	0	0.055027540999999999
20260909	813	uniform_accepted	39.514744610480911	-24.202739103040514	12573	2619	0	0.031062208000000001
20260909	813	upward_scan	47.633267942965382	3.8888340197919629	15002	3127	0	0.040854165999999997
20260909	814	uniform_accepted	31.424489091076634	-18.410399870764667	13674	2839	0	0.042706792
20260909	814	upward_scan	54.883978921131551	8.290161508159489	17730	3688	0	0.048389082999999999
20260909	815	uniform_accepted	31.887932648732676	-21.178679472563495	14938	3026	0	0.036760792
20260909	815	upward_scan	87.320600560085438	25.713294618607804	26482	5509	0	0.070329249999999996
20260909	816	uniform_accepted	34.616684089252793	-21.640603683038524	13817	2892	0	0.037326916000000002
20260909	816	upward_scan	72.531562492042212	20.351674380354176	22997	4807	0	0.060159957999999999
20260909	817	uniform_accepted	35.342568236188242	-22.839706397844335	14791	3136	0	0.041162290999999997
20260909	817	upward_scan	64.634226965491635	9.9805233624740683	21827	4550	0	0.067762165999999999
20260909	818	uniform_accepted	25.266931772724554	-23.306806352897983	11087	2316	0	0.0278775
20260909	818	upward_scan	67.197723617088513	15.981354650518544	23338	4855	0	0.062008000000000001
20260909	819	uniform_accepted	28.272257632036801	-22.370232185457489	16138	3349	0	0.045337875
20260909	819	upward_scan	66.797991530355475	16.274058326472819	20414	4256	0	0.054776999999999999
20260909	820	uniform_accepted	30.543715918895369	-18.875687393400234	13138	2684	0	0.034776333999999999
20260909	820	upward_scan	70.711052387276823	20.254155850716209	21439	4472	0	0.058713459000000003
20260909	821	uniform_accepted	31.728285147232782	-13.419750083095456	12609	2639	0	0.034729415999999999
20260909	821	upward_scan	55.108534659383366	9.5323868905036502	17660	3677	0	0.047196000000000002
20260909	822	uniform_accepted	39.983311956518953	-4.3738441682104492	19758	4129	0	0.053093583
20260909	822	upward_scan	63.157631828486089	9.9731055452045076	20931	4361	0	0.058674125000000001
20260909	823	uniform_accepted	38.452545849519694	-24.012209222622946	13428	2757	0	0.036309209000000002
20260909	823	upward_scan	66.750096680308715	10.831520734833289	20018	4171	0	0.053749167
20260909	824	uniform_accepted	32.130996963904167	-22.356524766148912	14374	3008	0	0.041633957999999999
20260909	824	upward_scan	70.163660409953934	17.904084226567065	21896	4552	0	0.060452041999999998
20260909	825	uniform_accepted	27.211119014359042	-22.959961216157737	11671	2415	0	0.031113833
20260909	825	upward_scan	49.723758410653588	5.9012024290694081	15479	3221	0	0.043163166000000003
20260909	826	uniform_accepted	36.123336714128676	-16.746833761917038	15979	3247	0	0.044586916999999997
20260909	826	upward_scan	80.215694598213062	21.509320708623068	24693	5149	0	0.070324125000000001
20260909	827	uniform_accepted	46.70340785339868	-8.8526056880381283	17089	3538	0	0.047160542
20260909	827	upward_scan	70.209003074636399	15.509171207992697	21335	4454	0	0.055532249999999998
20260909	828	uniform_accepted	33.019621816489	-17.19728421918515	11698	2408	0	0.030345041999999999
20260909	828	upward_scan	68.704817417432068	12.181534596889858	20310	4231	0	0.056507542000000001
20260909	829	uniform_accepted	39.823400183042693	-14.009348194872816	13919	2843	0	0.039229458000000002
20260909	829	upward_scan	51.883626945535056	3.1380034821378655	16956	3524	0	0.045700916000000001
20260909	830	uniform_accepted	32.900022916327082	-12.853114787400161	12662	2603	0	0.031200833000000001
20260909	830	upward_scan	62.213496826214779	11.598732318414168	20161	4208	0	0.054171667
20260909	831	uniform_accepted	31.582001254033294	-19.356846275183333	13752	2861	0	0.036340249999999998
20260909	831	upward_scan	76.285001439885747	16.457531133779366	24894	5186	0	0.064337458
20260909	832	uniform_accepted	36.08218151379797	-16.251054294780722	13299	2778	0	0.037790375000000001
20260909	832	upward_scan	67.175711308097931	14.469504915420924	19106	3991	0	0.046339417000000001
20260909	833	uniform_accepted	32.527577098936121	-27.37285409833077	16028	3306	0	0.042462667000000003
20260909	833	upward_scan	58.697959847935955	9.6396491265903244	19592	4086	0	0.057038916000000002
20260909	834	uniform_accepted	29.0054547184568	-19.338330003053887	10576	2201	0	0.025835416
20260909	834	upward_scan	59.4977066712461	6.6460010407426182	19379	4021	0	0.049036792000000003
20260909	835	uniform_accepted	30.338105117697339	-20.142091105641086	11456	2365	0	0.027720167
20260909	835	upward_scan	72.202625853903768	18.8879395861223	20660	4317	0	0.056775458000000001
20260909	836	uniform_accepted	27.819550559254246	-28.609836264578355	12043	2495	0	0.028761999999999999
20260909	836	upward_scan	59.678784938244185	10.466669464154963	16385	3422	0	0.038520749999999999
20260909	837	uniform_accepted	40.933790433320233	-5.9872287323861748	14994	3089	0	0.039150166
20260909	837	upward_scan	76.146898497079803	19.188030903699438	24117	5020	0	0.063064416999999998
20260909	838	uniform_accepted	36.007572798959139	-12.760980845890158	17626	3710	0	0.047521374999999998
20260909	838	upward_scan	61.830805614148836	9.1640488897619647	17285	3608	0	0.040371207999999999
20260909	839	uniform_accepted	34.150125776743039	-23.153976831166705	14344	3006	0	0.039455708999999999
20260909	839	upward_scan	68.481539458391936	17.4764241782364	22211	4622	0	0.061892250000000003
20260909	840	uniform_accepted	45.693914721368451	-5.9141794745768514	17632	3704	0	0.047593834000000002
20260909	840	upward_scan	75.295274205953433	20.34477865383457	25162	5240	0	0.068589625000000001
20260909	841	uniform_accepted	35.417840939311773	-10.901301400734264	14262	2984	0	0.037555666000000001
20260909	841	upward_scan	68.808015306978902	16.523490168163285	20937	4358	0	0.055701542
20260909	842	uniform_accepted	36.283372848938036	-18.419079723690459	14745	3084	0	0.040211249999999997
20260909	842	upward_scan	63.1146628059482	12.668536611042946	19210	4000	0	0.047346540999999999
20260909	843	uniform_accepted	41.026367827142799	-12.976486547026653	12564	2586	0	0.030072958
20260909	843	upward_scan	61.503187211267843	13.074330021207686	19764	4114	0	0.070440541999999995
20260909	844	uniform_accepted	35.868549912197231	-10.54010983731891	13268	2777	0	0.033768917000000002
20260909	844	upward_scan	61.559912447563754	9.4115424745694032	20143	4190	0	0.068544790999999994
20260909	845	uniform_accepted	31.448018366703312	-19.365460404605884	13272	2767	0	0.036663042
20260909	845	upward_scan	70.998061975347042	15.849252287449506	21394	4465	0	0.053582708999999999
20260909	846	uniform_accepted	32.81811456929038	-21.786296093827655	13697	2809	0	0.035219582999999999
20260909	846	upward_scan	59.446946393887202	11.030264782139456	17975	3745	0	0.043350791999999999
20260909	847	uniform_accepted	40.799720904534865	-19.041624539780706	13449	2804	0	0.036482582999999999
20260909	847	upward_scan	74.763279992776148	19.5593844279603	24454	5093	0	0.066115875000000005
20260909	848	uniform_accepted	46.660739799675504	-1.6102135375745286	15410	3201	0	0.040664832999999997
20260909	848	upward_scan	64.188471139536247	10.26981039953321	20256	4227	0	0.052355959000000001
20260909	849	uniform_accepted	35.298530965175004	-17.73709847858143	12260	2592	0	0.033475083000000003
20260909	849	upward_scan	53.152836252548887	1.6899292687941199	15249	3177	0	0.038726666
20260909	850	uniform_accepted	41.630294154166663	-11.916620876594658	14519	2987	0	0.037037624999999998
20260909	850	upward_scan	62.95517409322035	12.934420050363636	21432	4462	0	0.061696624999999998
20260909	851	uniform_accepted	33.02176220992947	-13.855533856381346	13941	2940	0	0.040067417000000001
20260909	851	upward_scan	87.655017785887893	24.366674685201737	29006	6022	0	0.084103874999999995
20260909	852	uniform_accepted	30.817271482576899	-20.946021425783453	12811	2739	0	0.036427250000000001
20260909	852	upward_scan	61.434122337757074	7.0429419889649916	19745	4104	0	0.049187333999999999
20260909	853	uniform_accepted	37.775785803519298	-15.374118425467186	13646	2813	0	0.034876292000000003
20260909	853	upward_scan	51.421856551254429	4.7070327711993336	14950	3120	0	0.037501959000000001
20260909	854	uniform_accepted	36.879283279785597	-17.749758171847553	13913	2909	0	0.040160416999999997
20260909	854	upward_scan	45.127804552921972	2.7664975922559529	13577	2829	0	0.037913542000000001
20260909	855	uniform_accepted	37.198031709079302	-14.122302886985855	14777	3092	0	0.039483207999999999
20260909	855	upward_scan	68.941598046794113	14.167925280734343	21263	4443	0	0.055860541999999999
20260909	856	uniform_accepted	40.764473653289123	-5.9273518687832736	14431	2959	0	0.039926416999999999
20260909	856	upward_scan	60.341701950762015	9.4981753216764808	17507	3655	0	0.045414415999999999
20260909	857	uniform_accepted	22.587461998759856	-31.070331071004247	13814	2909	0	0.0394445
20260909	857	upward_scan	56.251145561789102	10.055806392979093	16762	3504	0	0.041825958000000003
20260909	858	uniform_accepted	38.257477549419619	-12.126037674872411	16881	3468	0	0.043935292000000001
20260909	858	upward_scan	68.135688675661015	14.228103151156201	18294	3810	0	0.046091500000000001
20260909	859	uniform_accepted	38.731965203330326	-10.432655371249275	16540	3400	0	0.041228624999999998
20260909	859	upward_scan	66.138937326209543	13.179944981900364	20211	4209	0	0.054326958000000002
20260909	860	uniform_accepted	32.462223960047929	-24.158734450184397	15604	3303	0	0.049436916999999997
20260909	860	upward_scan	47.301772267262422	-0.019918504551400318	14822	3087	0	0.037421125
20260909	861	uniform_accepted	35.090899482344739	-24.468102495291905	15602	3261	0	0.044847417000000001
20260909	861	upward_scan	60.665194830690147	14.294319639507949	17867	3730	0	0.046576832999999998
20260909	862	uniform_accepted	40.048222845183602	-11.458241173709837	15738	3254	0	0.044246792
20260909	862	upward_scan	75.048647479291674	19.818240746696336	22907	4775	0	0.061691041000000002
20260909	863	uniform_accepted	31.505036367804934	-15.383284414812634	13523	2787	0	0.037878124999999999
20260909	863	upward_scan	65.355584073608384	14.175073696951639	19411	4040	0	0.050103291000000001
20260909	864	uniform_accepted	38.069715576489372	-13.461476509378533	14593	3038	0	0.036615083
20260909	864	upward_scan	69.055384448205544	12.532725142840379	22825	4753	0	0.064194249999999994
20260909	865	uniform_accepted	41.991409959969111	-1.7732452698571799	14804	3080	0	0.035761750000000002
20260909	865	upward_scan	76.545567525706019	19.809973597519182	22819	4752	0	0.060837000000000002
20260909	866	uniform_accepted	35.786432174109372	-13.75360243313551	15107	3124	0	0.040758333000000001
20260909	866	upward_scan	69.851973810072607	14.037296572915205	22708	4737	0	0.058755707999999997
20260909	867	uniform_accepted	38.845556563143802	-13.664131500757152	15592	3236	0	0.039077958000000003
20260909	867	upward_scan	86.618917824113566	24.648769080297058	24712	5165	0	0.064888040999999994
20260909	868	uniform_accepted	26.964738388743907	-28.105714712242484	10840	2264	0	0.027565124999999999
20260909	868	upward_scan	71.712042654847352	16.104972335663238	21995	4578	0	0.055726458999999999
20260909	869	uniform_accepted	33.176152401206757	-21.678181728479331	14311	2993	0	0.035804083
20260909	869	upward_scan	66.265144504263418	12.13831974745656	20362	4245	0	0.048748791
20260909	870	uniform_accepted	29.057934117338963	-22.123650504315545	14246	2929	0	0.036484750000000003
20260909	870	upward_scan	64.569131829885478	12.393024287543764	20004	4179	0	0.052058832999999999
20260909	871	uniform_accepted	38.188104262409283	-10.396346400906735	14803	3109	0	0.039815707999999998
20260909	871	upward_scan	68.674358623439502	14.397562353866693	21484	4473	0	0.056343499999999998
20260909	872	uniform_accepted	30.599223102170601	-23.57241113643337	12897	2755	0	0.034572166000000001
20260909	872	upward_scan	66.923227986945761	13.492504771917609	19343	4028	0	0.047428499999999998
20260909	873	uniform_accepted	27.048949008517781	-21.330838900651376	13258	2737	0	0.036134624999999997
20260909	873	upward_scan	70.213124035019405	17.366201212394149	22005	4590	0	0.053199375
20260909	874	uniform_accepted	36.828113107005585	-17.49776573922955	13704	2922	0	0.036633332999999997
20260909	874	upward_scan	71.880053947600885	14.606291747913943	24694	5137	0	0.066869625000000002
20260909	875	uniform_accepted	40.223711191124941	-6.5573492251477683	12581	2606	0	0.031055625
20260909	875	upward_scan	60.239323107501335	6.6611185804714026	20060	4176	0	0.055224124999999999
20260909	876	uniform_accepted	40.26104766124449	-11.750995058176699	14613	2991	0	0.035653957999999999
20260909	876	upward_scan	62.904496397205911	8.9077249973269321	20331	4217	0	0.052069417
20260909	877	uniform_accepted	36.989740148236201	-11.287160834252804	14356	2954	0	0.039453083
20260909	877	upward_scan	66.669547096659286	16.408137959811931	19483	4083	0	0.052650291000000002
20260909	878	uniform_accepted	33.25382513741571	-14.779066191774493	14044	2964	0	0.038493874999999997
20260909	878	upward_scan	51.155448695264809	3.6655568433720789	16084	3360	0	0.042499207999999997
20260909	879	uniform_accepted	41.58396109769977	-7.0112327787839757	14416	3011	0	0.038769083000000003
20260909	879	upward_scan	73.028854167032492	17.484465293737898	24476	5101	0	0.067143750000000002
20260909	880	uniform_accepted	39.994826079737408	-16.891392906296417	16295	3322	0	0.044020875000000001
20260909	880	upward_scan	68.209138326761362	17.360170716240233	19746	4112	0	0.049005
20260909	881	uniform_accepted	35.977250367858872	-18.276844270881817	14706	3077	0	0.039547875000000003
20260909	881	upward_scan	65.639897743681686	10.506589211484252	19398	4053	0	0.054389
20260909	882	uniform_accepted	28.822939054486852	-31.196989366916846	15083	3090	0	0.040819415999999997
20260909	882	upward_scan	75.597181863488885	18.547769292226629	22088	4618	0	0.056132250000000002
20260909	883	uniform_accepted	43.529362853195344	-7.6871699686134907	17177	3570	0	0.044295958000000003
20260909	883	upward_scan	61.004330991442799	11.31949028389808	18693	3921	0	0.045992125000000002
20260909	884	uniform_accepted	29.767101654567732	-29.993916645504804	13871	2853	0	0.037935625000000001
20260909	884	upward_scan	62.405944495983988	11.969439291696064	19662	4093	0	0.053701416000000002
20260909	885	uniform_accepted	39.161471878464681	-14.344642572846359	15367	3196	0	0.042572875000000003
20260909	885	upward_scan	62.897951514488959	11.420805646804652	17665	3679	0	0.0449325
20260909	886	uniform_accepted	24.835485465929786	-32.369027543682613	13056	2718	0	0.034519583
20260909	886	upward_scan	69.987477215529509	11.950426968790406	21956	4583	0	0.061176666999999997
20260909	887	uniform_accepted	38.319022371219411	-10.28129652559304	14011	2848	0	0.033624292
20260909	887	upward_scan	50.679475536539165	3.3765033649562946	14347	3011	0	0.034606375000000002
20260909	888	uniform_accepted	32.86679482200811	-18.108468191689258	13236	2737	0	0.032068291999999998
20260909	888	upward_scan	63.274663846992553	8.8208940116249543	19776	4122	0	0.056786916
20260909	889	uniform_accepted	29.552504959634881	-24.662449015896939	11799	2464	0	0.030739875
20260909	889	upward_scan	72.118153971648098	15.867805968010464	21235	4428	0	0.055024165999999999
20260909	890	uniform_accepted	33.700073280322044	-16.008220903282677	14249	2977	0	0.038458583999999997
20260909	890	upward_scan	61.409968416677948	9.0510722597693878	19870	4139	0	0.055567208
20260909	891	uniform_accepted	30.635979229440057	-19.776702952579587	13605	2867	0	0.037663750000000003
20260909	891	upward_scan	67.706246075683168	17.330955583766507	22290	4659	0	0.063932957999999998
20260909	892	uniform_accepted	30.462274511211945	-26.034743781432049	16564	3391	0	0.045865499999999997
20260909	892	upward_scan	60.212596529963264	14.234482440882871	20225	4222	0	0.0568595
20260909	893	uniform_accepted	41.004187249805113	-11.917882134902797	13655	2831	0	0.035216875000000002
20260909	893	upward_scan	74.41004014115488	20.16380316943491	23861	4971	0	0.062909166000000002
20260909	894	uniform_accepted	37.331796560473286	-18.448361297363988	16102	3378	0	0.044938084000000003
20260909	894	upward_scan	64.690726886178439	14.516502737125148	20085	4198	0	0.050603541000000002
20260909	895	uniform_accepted	30.784214345839299	-20.855723933564754	12772	2638	0	0.029250249999999998
20260909	895	upward_scan	53.406772466117005	3.7971189949540127	15329	3197	0	0.039192417
20260909	896	uniform_accepted	42.149001348380523	-11.956506864783735	15748	3277	0	0.041004332999999997
20260909	896	upward_scan	60.012534650804412	11.066313853664141	17881	3715	0	0.050371332999999997
20260909	897	uniform_accepted	27.206207283341453	-35.354344017059667	11726	2431	0	0.031605874999999999
20260909	897	upward_scan	68.953802490382884	14.350741416830376	21868	4555	0	0.058444083000000001
20260909	898	uniform_accepted	44.34998325035987	-15.001542995861456	15880	3324	0	0.042077292000000002
20260909	898	upward_scan	64.010061410210398	12.344210175891938	22572	4708	0	0.067916875000000002
20260909	899	uniform_accepted	28.203637488848027	-23.390990298927509	12274	2566	0	0.032696416999999998
20260909	899	upward_scan	64.636650281237991	9.9207114904740177	20449	4265	0	0.056428791999999998
20260909	900	uniform_accepted	38.837056751457055	-14.72182886223804	18338	3757	0	0.056385249999999998
20260909	900	upward_scan	69.008284380330721	15.666883618735261	20216	4196	0	0.050893124999999997
20260909	901	uniform_accepted	41.769117842971418	-4.262024829441164	17396	3628	0	0.049374624999999998
20260909	901	upward_scan	69.077297910590218	15.659760153843687	22364	4662	0	0.056269082999999998
20260909	902	uniform_accepted	31.859920410947307	-19.47142082104126	13984	2867	0	0.039572542000000002
20260909	902	upward_scan	64.990026294066766	17.957499615835633	21059	4398	0	0.054185792000000003
20260909	903	uniform_accepted	36.166805679581593	-13.710633116604427	15741	3252	0	0.044691374999999998
20260909	903	upward_scan	48.528877128070221	3.9452614636352763	14136	2953	0	0.037544916999999997
20260909	904	uniform_accepted	30.137270819339577	-27.625670710241341	12745	2677	0	0.035714957999999998
20260909	904	upward_scan	72.234814761304889	17.330767701937798	22732	4731	0	0.063778082999999999
20260909	905	uniform_accepted	28.191305351179331	-29.556571928622038	11386	2411	0	0.032602291999999998
20260909	905	upward_scan	60.014983746565825	7.2636766316041781	19606	4090	0	0.054121000000000002
20260909	906	uniform_accepted	37.768161257164962	-17.609950005381691	13437	2801	0	0.037391332999999999
20260909	906	upward_scan	62.060489332411983	9.0374221697619852	20483	4271	0	0.059062542000000003
20260909	907	uniform_accepted	30.281779762393409	-18.778640738032699	13112	2704	0	0.037754208999999997
20260909	907	upward_scan	73.089519196759724	19.154097320036282	22489	4697	0	0.061516124999999998
20260909	908	uniform_accepted	32.614648185118043	-15.670470759716583	16118	3315	0	0.042457124999999998
20260909	908	upward_scan	77.675311032764924	20.133046601322349	23619	4922	0	0.057593041999999997
20260909	909	uniform_accepted	30.739160374831901	-14.638923678660824	13015	2728	0	0.034500875
20260909	909	upward_scan	61.795759966542491	12.445830901718141	18383	3826	0	0.050888166999999998
20260909	910	uniform_accepted	44.73528291879866	-10.661793457463036	17563	3631	0	0.047320959000000003
20260909	910	upward_scan	74.29492030622427	15.960982148463021	22308	4640	0	0.057694624999999999
20260909	911	uniform_accepted	36.374199820587954	-11.282474313773335	13953	2934	0	0.038878416999999998
20260909	911	upward_scan	85.803892945841952	21.96611019370258	25134	5245	0	0.066048833000000001
20260909	912	uniform_accepted	31.61071535602364	-19.570211676224861	14310	2978	0	0.037418709000000001
20260909	912	upward_scan	74.203969616723398	18.852712436733146	24198	5035	0	0.060594291000000002
20260909	913	uniform_accepted	29.412169889747574	-22.060459569548364	14210	3003	0	0.039234417000000001
20260909	913	upward_scan	56.154563878994637	9.4754326740147263	18018	3756	0	0.050380166999999997
20260909	914	uniform_accepted	45.169868605444506	-1.826232423375854	15111	3206	0	0.041219582999999997
20260909	914	upward_scan	61.716800685266094	9.315891615750008	19824	4135	0	0.050393833999999998
20260909	915	uniform_accepted	39.32568798214659	-6.4590146244419122	13301	2816	0	0.031426500000000003
20260909	915	upward_scan	77.735913117195679	14.648690720222287	25362	5287	0	0.070005583999999996
20260909	916	uniform_accepted	29.018890100444089	-25.517650854297209	13040	2712	0	0.033833791000000002
20260909	916	upward_scan	65.20046436394729	13.400420492414147	21117	4394	0	0.059427750000000001
20260909	917	uniform_accepted	28.913705936851049	-29.932354831473223	14598	2998	0	0.035893833999999999
20260909	917	upward_scan	76.484263332130638	19.929029879202609	21953	4565	0	0.054308665999999998
20260909	918	uniform_accepted	42.24099826625271	-7.4796127751837584	15241	3154	0	0.043088416999999997
20260909	918	upward_scan	62.10405910943706	10.502356628716742	18343	3816	0	0.044589249999999997
20260909	919	uniform_accepted	33.930545743486761	-23.142081880987025	13848	2903	0	0.038513041999999997
20260909	919	upward_scan	61.33851470838453	9.5562604536916513	18207	3803	0	0.043523541999999998
20260909	920	uniform_accepted	32.493207395376125	-22.833804840928472	14376	3025	0	0.039220625000000002
20260909	920	upward_scan	94.056463826917764	26.997174490713007	28949	6016	0	0.080773542000000004
20260909	921	uniform_accepted	34.110614859876357	-14.399835644350091	16065	3318	0	0.045634583999999999
20260909	921	upward_scan	70.45907187881005	15.825644254866965	22000	4588	0	0.058009416000000001
20260909	922	uniform_accepted	22.348919458757113	-27.446999250090371	11401	2375	0	0.031711333000000001
20260909	922	upward_scan	68.525414319254665	16.918233289553228	22612	4718	0	0.063799999999999996
20260909	923	uniform_accepted	26.325250762775671	-26.256484432598434	14771	3070	0	0.040830832999999997
20260909	923	upward_scan	52.21733890263468	4.9766604933644132	17426	3619	0	0.047796417000000001
20260909	924	uniform_accepted	31.0813133954445	-16.7407497318545	12293	2570	0	0.032549874999999999
20260909	924	upward_scan	59.09475040677858	12.862738148029518	17880	3728	0	0.043960375000000003
20260909	925	uniform_accepted	40.736040265233797	-8.2759474540695681	15999	3321	0	0.043043207999999999
20260909	925	upward_scan	65.864305136740839	8.3214445935934442	19643	4084	0	0.053424417000000002
20260909	926	uniform_accepted	27.536831626262405	-23.796045189768893	11355	2299	0	0.030090875
20260909	926	upward_scan	64.158634842779364	14.973904480839348	20848	4339	0	0.059606667000000002
20260909	927	uniform_accepted	29.403655880357963	-23.679996565800923	13775	2894	0	0.038096958
20260909	927	upward_scan	76.033055990653736	13.497039036199755	24919	5201	0	0.065936999999999996
20260909	928	uniform_accepted	34.852236239627139	-21.091567435240258	11914	2463	0	0.0301295
20260909	928	upward_scan	68.398824432621325	14.060685162952339	21491	4467	0	0.053164041000000002
20260909	929	uniform_accepted	38.950404051575056	-11.862650580628703	14864	3130	0	0.039207417000000001
20260909	929	upward_scan	69.610100037730589	16.348507893457594	21410	4466	0	0.054715208000000001
20260909	930	uniform_accepted	35.722652878223855	-11.905182895947334	15800	3238	0	0.040343916
20260909	930	upward_scan	78.092492012365639	19.728101678406908	25470	5319	0	0.070523083
20260909	931	uniform_accepted	34.065256259375353	-16.165397256850156	13772	2842	0	0.037401125
20260909	931	upward_scan	81.114207386993485	19.736458883495558	26216	5453	0	0.076438167000000001
20260909	932	uniform_accepted	27.267684043731837	-26.493330142306437	11358	2396	0	0.030224500000000001
20260909	932	upward_scan	80.336068257681873	20.706484863702833	24932	5180	0	0.064204125000000001
20260909	933	uniform_accepted	29.320208899978187	-14.329147648361994	12913	2745	0	0.035102374999999998
20260909	933	upward_scan	56.453655951985795	13.03187721432195	17547	3662	0	0.049683458
20260909	934	uniform_accepted	38.70027259177823	-13.417289338768351	15374	3205	0	0.04040175
20260909	934	upward_scan	50.794010188619758	3.897038214212412	14321	2983	0	0.034794459
20260909	935	uniform_accepted	28.171954731307846	-22.739322774437863	12832	2676	0	0.035247291
20260909	935	upward_scan	62.758210332812212	16.736540636838054	20184	4209	0	0.051888416
20260909	936	uniform_accepted	37.765966535489639	-22.690502932169764	12977	2720	0	0.030800125000000001
20260909	936	upward_scan	56.216560865773687	6.9946502052859429	18573	3868	0	0.052416333000000002
20260909	937	uniform_accepted	30.747631903181592	-20.272812806843756	14245	2916	0	0.038163625
20260909	937	upward_scan	61.132003718505892	13.318481093896608	19206	3994	0	0.049809791999999999
20260909	938	uniform_accepted	23.524797547812959	-29.806702522361647	12000	2506	0	0.032733333000000003
20260909	938	upward_scan	69.918606543766899	18.547910095170266	22042	4603	0	0.056968125000000001
20260909	939	uniform_accepted	44.436189474585838	-9.4267609538273405	14758	3018	0	0.035804833000000001
20260909	939	upward_scan	49.265824186158838	6.6325354626441726	14636	3065	0	0.035752540999999999
20260909	940	uniform_accepted	26.812311141610749	-23.196375504784783	9981	2071	0	0.024503708999999999
20260909	940	upward_scan	67.705418275879026	16.632480489595828	21953	4584	0	0.057507165999999998
20260909	941	uniform_accepted	34.745257675538149	-24.634254049006969	15849	3321	0	0.043200665999999999
20260909	941	upward_scan	60.42389416139968	8.3505289209489195	19528	4089	0	0.047085874999999999
20260909	942	uniform_accepted	30.206830187680385	-20.479423767457657	15034	3073	0	0.040895874999999998
20260909	942	upward_scan	66.261605677019844	8.6073641651942978	18845	3939	0	0.047920125000000001
20260909	943	uniform_accepted	25.345511664741295	-22.573288666029029	12390	2545	0	0.032147000000000002
20260909	943	upward_scan	87.4157942555169	18.503663095506752	25498	5318	0	0.068205916000000005
20260909	944	uniform_accepted	33.843840471400021	-17.233545714052134	15869	3249	0	0.045715708000000001
20260909	944	upward_scan	86.537206244337639	25.746432765606599	27042	5643	0	0.068807666000000003
20260909	945	uniform_accepted	34.550539734299583	-11.702457929826327	13627	2825	0	0.035340249999999997
20260909	945	upward_scan	99.730851047574561	26.623716675273595	30606	6381	0	0.079638583999999998
20260909	946	uniform_accepted	30.788258500477152	-18.587250413231569	13907	2950	0	0.036489958000000003
20260909	946	upward_scan	58.336729665604487	12.792618205329672	16091	3367	0	0.040456082999999997
20260909	947	uniform_accepted	36.958536455035535	-15.674698759039854	14654	3005	0	0.037304208999999998
20260909	947	upward_scan	84.189593626607376	22.137487840144185	26548	5532	0	0.074774916999999996
20260909	948	uniform_accepted	28.576202505838719	-25.412356427856132	13670	2775	0	0.039610167000000002
20260909	948	upward_scan	65.382094568348563	15.73740719768697	19960	4153	0	0.051975
20260909	949	uniform_accepted	35.959670987554063	-20.653156943055727	15723	3209	0	0.042658583999999999
20260909	949	upward_scan	73.323054579716228	11.988744680108024	24387	5074	0	0.066940874999999997
20260909	950	uniform_accepted	34.519071205631761	-14.281796503569169	13838	2843	0	0.036261333999999999
20260909	950	upward_scan	80.085525143030765	17.481061936670262	24563	5121	0	0.064271958000000004
20260909	951	uniform_accepted	28.637862872890317	-17.935900747991266	11581	2359	0	0.027448291
20260909	951	upward_scan	61.41023203139067	12.592968027391612	19141	3996	0	0.049109582999999998
20260909	952	uniform_accepted	32.882533703792831	-15.102560638605803	11648	2409	0	0.028709583
20260909	952	upward_scan	77.715247608322954	17.203389008863098	23979	4996	0	0.063902708000000003
20260909	953	uniform_accepted	20.891952528698628	-30.962123817662302	10368	2184	0	0.027357042000000002
20260909	953	upward_scan	54.902231378435069	8.3627277781786056	17308	3615	0	0.043893541000000001
20260909	954	uniform_accepted	34.929288716957771	-19.761296179758922	13737	2883	0	0.039833417000000003
20260909	954	upward_scan	66.658908969409921	16.056923027989285	20419	4272	0	0.056982291999999997
20260909	955	uniform_accepted	22.93121222962375	-28.227271689724169	9644	2018	0	0.023554624999999999
20260909	955	upward_scan	61.937088880277372	10.671748269729115	19497	4061	0	0.052471166
20260909	956	uniform_accepted	40.83462598765513	-6.5410000371288506	15698	3301	0	0.044477334
20260909	956	upward_scan	60.868390724688517	11.061258343037441	17949	3744	0	0.047920416
20260909	957	uniform_accepted	39.090100645070365	-10.951203739677307	16609	3460	0	0.043547333000000001
20260909	957	upward_scan	49.760323929394026	6.0299029836476166	14890	3114	0	0.042259749999999999
20260909	958	uniform_accepted	33.913694390482426	-12.942513758042487	12425	2580	0	0.033275125000000003
20260909	958	upward_scan	75.634510832636181	16.620010173098013	23186	4826	0	0.068915749999999998
20260909	959	uniform_accepted	48.597150857588197	-2.9129840763597921	17053	3534	0	0.046186917000000001
20260909	959	upward_scan	61.401499316842148	14.144122739273064	19071	3986	0	0.050424375
20260909	960	uniform_accepted	35.8124487288121	-10.933743751025188	15468	3133	0	0.045190458000000003
20260909	960	upward_scan	67.44012793414511	14.431241104548258	21974	4588	0	0.087040583000000005
20260909	961	uniform_accepted	28.598562947553081	-23.002615400975202	10578	2229	0	0.034687333000000001
20260909	961	upward_scan	68.834315169693411	12.275643698856408	20824	4336	0	0.098594416000000004
20260909	962	uniform_accepted	35.379737326786213	-14.583495470626387	14456	2999	0	0.085345083000000002
20260909	962	upward_scan	73.81401841673329	19.954743683480263	22351	4648	0	0.097569916000000007
20260909	963	uniform_accepted	34.360125104299989	-10.11918971526225	14627	3078	0	0.063146916999999997
20260909	963	upward_scan	64.671387990538477	15.573984494265517	19717	4105	0	0.057503875000000003
20260909	964	uniform_accepted	33.631943996722882	-16.647096601619783	15454	3219	0	0.045210750000000001
20260909	964	upward_scan	80.099207031815595	20.809576307759347	24420	5090	0	0.068771916000000002
20260909	965	uniform_accepted	37.713414711845772	-7.4380157463953109	15973	3393	0	0.047383415999999998
20260909	965	upward_scan	89.216074115416987	24.891032810829586	27754	5792	0	0.081120582999999996
20260909	966	uniform_accepted	35.026197743516093	-13.195647494696024	17873	3633	0	0.049982917000000002
20260909	966	upward_scan	70.390973956208839	17.068143224589122	23092	4811	0	0.067268707999999997
20260909	967	uniform_accepted	39.347549333325944	-10.393795105157714	14433	3008	0	0.042688583000000002
20260909	967	upward_scan	76.337674176188074	18.150921230455726	25730	5356	0	0.070862333
20260909	968	uniform_accepted	40.361849925465499	-12.328159816630624	15429	3187	0	0.043627333999999997
20260909	968	upward_scan	57.523440918397725	7.6756244223553241	17507	3644	0	0.049641666000000001
20260909	969	uniform_accepted	40.209724764660216	-6.3721361063803252	15884	3326	0	0.046876165999999997
20260909	969	upward_scan	60.065297747741525	13.261561858176638	17303	3595	0	0.048994542000000002
20260909	970	uniform_accepted	36.126874308123334	-15.968921573092432	15707	3258	0	0.049301791999999997
20260909	970	upward_scan	70.496267227148365	17.781630083500719	21979	4581	0	0.057769208000000002
20260909	971	uniform_accepted	33.919110042396596	-18.261865854427434	14312	2917	0	0.044525374999999999
20260909	971	upward_scan	54.483517020967625	8.0060530558000487	17526	3645	0	0.052246292
20260909	972	uniform_accepted	39.379755405518047	-19.19543346626628	16310	3394	0	0.049437709000000003
20260909	972	upward_scan	55.677551992902181	9.7257781040566513	17908	3732	0	0.051009375000000003
20260909	973	uniform_accepted	34.815045555512668	-23.641723119827262	12649	2655	0	0.040441291999999997
20260909	973	upward_scan	68.457809957827479	12.279237573786626	19932	4157	0	0.053779250000000001
20260909	974	uniform_accepted	41.598913123967733	-12.677875513798934	15890	3323	0	0.044103625
20260909	974	upward_scan	71.385070776414949	17.027247789186681	20843	4348	0	0.056039417000000001
20260909	975	uniform_accepted	25.853506210543877	-31.421647436788295	12294	2510	0	0.034830458000000002
20260909	975	upward_scan	60.583004462276996	7.956176950252857	18631	3883	0	0.056569583
20260909	976	uniform_accepted	39.004745154654941	-7.9247685420602556	12556	2611	0	0.035007917
20260909	976	upward_scan	57.964662580504218	10.36994788055552	17173	3568	0	0.04969175
20260909	977	uniform_accepted	26.190869671367889	-29.258363745081969	11166	2283	0	0.029837540999999999
20260909	977	upward_scan	60.052791332294149	7.8937621756040466	18074	3769	0	0.049840833000000001
20260909	978	uniform_accepted	36.789503042280025	-15.734169436735236	14032	2911	0	0.039273833000000001
20260909	978	upward_scan	68.345289314798265	16.625026805472718	21547	4475	0	0.060065541
20260909	979	uniform_accepted	29.62124418678091	-20.891554928951027	12643	2674	0	0.036911917000000002
20260909	979	upward_scan	68.586099246760526	13.180487113659312	20453	4260	0	0.05767825
20260909	980	uniform_accepted	29.034749046756662	-16.097244849231441	12746	2627	0	0.035515249999999998
20260909	980	upward_scan	79.333094968504597	23.483781110494846	23961	4989	0	0.068573707999999997
20260909	981	uniform_accepted	33.932459361541355	-16.045722097950776	13765	2861	0	0.038019416
20260909	981	upward_scan	70.377849502674138	16.817872066866514	22054	4590	0	0.066982
20260909	982	uniform_accepted	38.946615380683596	-13.110985768010657	17780	3676	0	0.052290207999999998
20260909	982	upward_scan	61.060354586134309	11.528835704091659	19490	4060	0	0.060241625
20260909	983	uniform_accepted	35.542923552477447	-8.8125808781796611	15017	3118	0	0.044486499999999998
20260909	983	upward_scan	57.488816139845056	12.645339803814936	18229	3801	0	0.047876457999999997
20260909	984	uniform_accepted	29.897184201109908	-20.883756556381989	15036	3162	0	0.041908709000000002
20260909	984	upward_scan	54.147617488770571	6.259320431950365	16560	3457	0	0.046751916999999997
20260909	985	uniform_accepted	39.971049723096613	-18.691566422153674	15418	3253	0	0.043758832999999997
20260909	985	upward_scan	57.147673133399785	5.0459143788350804	16757	3503	0	0.047676749999999997
20260909	986	uniform_accepted	35.036374021848985	-15.757778175714543	12877	2698	0	0.040144417000000002
20260909	986	upward_scan	72.956557270760044	14.003580387253002	21009	4381	0	0.061057959000000002
20260909	987	uniform_accepted	31.085363182817058	-21.463158817062947	14321	2935	0	0.040153750000000002
20260909	987	upward_scan	74.756884087477587	15.927855758875454	23487	4894	0	0.062327458000000002
20260909	988	uniform_accepted	31.335047377853609	-24.852853043414765	14061	2952	0	0.036269084
20260909	988	upward_scan	69.944309144403135	19.375097387869218	22383	4664	0	0.064363124999999993
20260909	989	uniform_accepted	29.248404936449226	-25.152139946035245	11113	2295	0	0.031898915999999999
20260909	989	upward_scan	59.366939601953305	8.7167393033385743	18002	3763	0	0.051683708000000002
20260909	990	uniform_accepted	33.378912665379218	-16.169777521124104	12057	2451	0	0.032783874999999997
20260909	990	upward_scan	65.299423472532382	7.9484914507621722	20753	4328	0	0.059975167000000003
20260909	991	uniform_accepted	33.030455293867824	-23.172166004477482	11870	2497	0	0.028816833
20260909	991	upward_scan	52.617090179734468	3.1883486732643362	15369	3208	0	0.043129666999999997
20260909	992	uniform_accepted	36.919784344468177	-12.131911333591995	14394	2946	0	0.039074541999999997
20260909	992	upward_scan	72.41512410872653	16.062646432072388	23521	4921	0	0.071344416999999993
20260909	993	uniform_accepted	32.961792063094542	-19.398276590533204	11866	2465	0	0.033039249999999999
20260909	993	upward_scan	57.297215880319435	7.5199906431758707	15943	3315	0	0.039171333000000003
20260909	994	uniform_accepted	35.237871226026293	-24.766741899828503	16399	3387	0	0.047851125000000001
20260909	994	upward_scan	70.458681106912067	18.088551539298876	20796	4329	0	0.060585874999999997
20260909	995	uniform_accepted	40.246719816825447	-18.650677778394559	15886	3293	0	0.044185791000000002
20260909	995	upward_scan	64.109514771401976	4.6496233631157597	20156	4193	0	0.056991208000000002
20260909	996	uniform_accepted	33.115809612344528	-22.294768438994005	13663	2922	0	0.043727250000000002
20260909	996	upward_scan	73.104289748848345	15.847225008786552	21593	4499	0	0.059991707999999998
20260909	997	uniform_accepted	23.923252188459241	-23.976897363238987	11417	2383	0	0.031360166000000002
20260909	997	upward_scan	68.316611068523542	17.058089560956855	21733	4523	0	0.066471041999999994
20260909	998	uniform_accepted	30.870556950422053	-21.904064035080733	12811	2703	0	0.037680790999999998
20260909	998	upward_scan	71.570980968791503	17.445610401659962	21425	4456	0	0.058385416000000002
20260909	999	uniform_accepted	38.531310315570707	-16.394453506250045	16152	3323	0	0.046604667000000002
20260909	999	upward_scan	69.97668464828304	17.935308819887659	21691	4524	0	0.058126292000000003
20260909	1000	uniform_accepted	27.300106393072024	-25.101951889507408	11187	2305	0	0.032927666000000001
20260909	1000	upward_scan	69.79135290921532	15.711845248558721	21245	4438	0	0.062479832999999999
20260909	1001	uniform_accepted	33.825978843191329	-17.881531169071753	11690	2446	0	0.032143999999999999
20260909	1001	upward_scan	74.943130702786135	16.844896344318258	23200	4823	0	0.066125000000000003
20260909	1002	uniform_accepted	25.520237757962821	-33.905596996131386	10637	2236	0	0.028347250000000001
20260909	1002	upward_scan	51.465923693849433	5.0958907828864506	16317	3412	0	0.048526958000000002
20260909	1003	uniform_accepted	41.583268794675135	-7.6864958507128289	17383	3548	0	0.048172917000000003
20260909	1003	upward_scan	67.86874260816208	12.349883893769038	20324	4244	0	0.055400166000000001
20260909	1004	uniform_accepted	24.048973699952267	-30.299104061267926	11770	2431	0	0.034818333
20260909	1004	upward_scan	61.013071408386338	9.6441053640069434	18722	3892	0	0.055779542000000001
20260909	1005	uniform_accepted	33.881453395669922	-25.30380392043693	12527	2597	0	0.036975416999999997
20260909	1005	upward_scan	65.615926793931862	16.112005848157093	19471	4053	0	0.054720458
20260909	1006	uniform_accepted	41.264710588312695	-14.761284664693703	14528	2976	0	0.042857125000000003
20260909	1006	upward_scan	51.791014203335735	1.1601188028111598	15570	3244	0	0.0448765
20260909	1007	uniform_accepted	26.549076762662544	-30.424061053103159	12341	2587	0	0.037772041999999999
20260909	1007	upward_scan	75.538553725412271	18.954757579290543	22207	4643	0	0.069116667000000007
20260909	1008	uniform_accepted	30.68379672293058	-16.962408332250082	14279	2961	0	0.042985542000000002
20260909	1008	upward_scan	63.867042875804742	16.195145810961044	20933	4362	0	0.072199749999999993
20260909	1009	uniform_accepted	41.067544787004842	-8.5316907117522156	13819	2889	0	0.039006875000000003
20260909	1009	upward_scan	60.886055194032849	12.470609413473348	18167	3789	0	0.048467916999999999
20260909	1010	uniform_accepted	36.049640064405892	-17.233375738782637	13819	2860	0	0.038149041000000002
20260909	1010	upward_scan	63.474777566220133	10.375355788604233	19767	4115	0	0.061734207999999999
20260909	1011	uniform_accepted	29.716879126586093	-27.449514861383758	13238	2796	0	0.039724750000000003
20260909	1011	upward_scan	65.531032936146019	14.353034945361818	20114	4175	0	0.060517792000000001
20260909	1012	uniform_accepted	36.860238136338133	-19.036636114486203	16370	3415	0	0.047068125000000002
20260909	1012	upward_scan	75.661776743976162	20.647152138349114	22009	4588	0	0.065891875000000003
20260909	1013	uniform_accepted	38.02333083654586	-14.565141179715594	16938	3538	0	0.046614500000000003
20260909	1013	upward_scan	64.67948996259662	6.118573309683466	21187	4410	0	0.078005167
20260909	1014	uniform_accepted	32.378690803811715	-24.366221317713681	14524	3022	0	0.054229874999999997
20260909	1014	upward_scan	71.761555005410713	13.397269879004478	21941	4574	0	0.066882667000000007
20260909	1015	uniform_accepted	34.711297010696931	-11.043113620336237	16295	3347	0	0.0455845
20260909	1015	upward_scan	76.612997894381351	19.692576295159956	22502	4686	0	0.0616675
20260909	1016	uniform_accepted	33.9044225357081	-15.067282363734455	14544	3013	0	0.040955208
20260909	1016	upward_scan	63.522393717215763	15.799962583893249	20289	4225	0	0.061112832999999998
20260909	1017	uniform_accepted	28.531436715850653	-23.160041618523831	13019	2693	0	0.037381708
20260909	1017	upward_scan	63.02635509656583	15.264616687103974	18546	3870	0	0.051470250000000002
20260909	1018	uniform_accepted	34.551773311399579	-12.38976305549453	13808	2886	0	0.039607292000000002
20260909	1018	upward_scan	78.88055860707388	18.508556961009589	23327	4859	0	0.062888042000000005
20260909	1019	uniform_accepted	39.945395189502662	-7.097131282591663	17982	3740	0	0.056803417000000002
20260909	1019	upward_scan	84.323231986368057	15.917942932345984	28354	5903	0	0.084253041000000001
20260909	1020	uniform_accepted	27.620633029023537	-31.061479387758762	11818	2480	0	0.031335000000000002
20260909	1020	upward_scan	61.099738760948092	11.511415604334669	19777	4131	0	0.057486583000000001
20260909	1021	uniform_accepted	46.172866407803383	-6.0070910072547949	15827	3315	0	0.042533000000000001
20260909	1021	upward_scan	67.673996845769395	12.826850879112552	21872	4555	0	0.065513749999999996
20260909	1022	uniform_accepted	37.435613627577673	-15.951709065200404	14728	3082	0	0.040307999999999997
20260909	1022	upward_scan	57.740737862121435	9.3455310401837668	18862	3947	0	0.052009666000000003
20260909	1023	uniform_accepted	36.515507566531014	-12.324617355095839	13259	2770	0	0.036935750000000003
20260909	1023	upward_scan	75.490664630924442	17.948434563435367	22300	4644	0	0.065498249999999994
20260909	1024	uniform_accepted	31.082616537556984	-15.437261844756796	12058	2504	0	0.032493916999999997
20260909	1024	upward_scan	81.348787053098988	20.735291386813113	24088	5008	0	0.067324584000000007
20260909	1025	uniform_accepted	36.64922631802304	-20.113603238687247	16220	3363	0	0.051966709
20260909	1025	upward_scan	69.245872524101017	10.091195994822341	21608	4513	0	0.078936791000000006
20260909	1026	uniform_accepted	26.20190466940803	-24.046112716190244	12181	2537	0	0.046803917
20260909	1026	upward_scan	67.069844207596091	17.544223207528649	20046	4178	0	0.055365875000000002
20260909	1027	uniform_accepted	25.292694877587252	-24.756762332943602	12415	2546	0	0.039037000000000002
20260909	1027	upward_scan	65.481365918462174	13.832544096909988	20273	4235	0	0.059682917000000002
20260909	1028	uniform_accepted	30.715966213142067	-18.055464223285806	13559	2824	0	0.036363040999999999
20260909	1028	upward_scan	78.360275249858077	18.693475064964268	22354	4653	0	0.057590416999999998
20260909	1029	uniform_accepted	31.919242033771852	-19.923257989456882	13627	2844	0	0.040361374999999998
20260909	1029	upward_scan	58.272137606665076	10.188310446406678	16842	3507	0	0.045537542
20260909	1030	uniform_accepted	38.695262111230711	-20.094371803670683	15918	3249	0	0.042943292000000001
20260909	1030	upward_scan	61.704699223682624	14.44401767548227	19037	3976	0	0.055047125000000002
20260909	1031	uniform_accepted	31.641543668112693	-20.201067990733119	11664	2458	0	0.036614415999999997
20260909	1031	upward_scan	73.741474879459517	17.505047129756566	23660	4932	0	0.069833292000000005
20260909	1032	uniform_accepted	26.576464547547687	-25.806698796819418	10958	2290	0	0.034287499999999999
20260909	1032	upward_scan	69.053686771105902	15.990722574375123	21151	4411	0	0.059042167
20260909	1033	uniform_accepted	34.532155341108187	-20.722394850398103	13046	2726	0	0.036591458
20260909	1033	upward_scan	65.618807090071897	14.531968007734401	21889	4561	0	0.066303749999999995
20260909	1034	uniform_accepted	22.702345938851344	-32.703588732466699	12695	2627	0	0.040543500000000003
20260909	1034	upward_scan	69.239999963678216	14.703460890705218	20188	4204	0	0.052255166999999998
20260909	1035	uniform_accepted	35.810952374408075	-17.929334028419781	15995	3324	0	0.051685666999999998
20260909	1035	upward_scan	67.44313092154465	15.876479942070661	19431	4035	0	0.053191291000000002
20260909	1036	uniform_accepted	35.189088409015525	-13.371055836343603	17752	3701	0	0.056426583000000002
20260909	1036	upward_scan	71.43886414572998	18.345178277790655	22871	4772	0	0.070906083999999994
20260909	1037	uniform_accepted	35.436387955430888	-18.412782348994895	13604	2863	0	0.036279208
20260909	1037	upward_scan	71.90661858592685	18.491426375056157	22119	4613	0	0.062192290999999997
20260909	1038	uniform_accepted	30.869416889953502	-27.276796811255661	12428	2596	0	0.036715958999999999
20260909	1038	upward_scan	62.836982278956711	13.962930145599588	18551	3867	0	0.053706749999999998
20260909	1039	uniform_accepted	32.690545333134693	-13.794712925898695	13178	2768	0	0.039985041999999998
20260909	1039	upward_scan	72.719106540638791	19.012401530976188	22208	4627	0	0.067594792000000001
20260909	1040	uniform_accepted	43.556270635410357	-2.781908489503242	14636	3022	0	0.042472958999999998
20260909	1040	upward_scan	66.885899118817719	14.001025345146521	18960	3938	0	0.051158165999999998
20260909	1041	uniform_accepted	31.981933205182358	-12.270774085514011	12015	2503	0	0.038173541999999998
20260909	1041	upward_scan	77.323244688541223	15.167258202438331	24772	5157	0	0.077784624999999996
20260909	1042	uniform_accepted	32.42009356761799	-20.193350397590709	13413	2861	0	0.039437167000000002
20260909	1042	upward_scan	65.834655492386148	8.421479197897078	19336	4020	0	0.055521959000000003
20260909	1043	uniform_accepted	32.771509701040856	-21.388305484180229	14317	2947	0	0.042792583000000002
20260909	1043	upward_scan	70.407340373370786	14.522554924577706	20039	4175	0	0.0602245
20260909	1044	uniform_accepted	34.606348725862148	-17.454296488953716	11695	2442	0	0.030175583999999998
20260909	1044	upward_scan	71.182646224823188	15.732106225663372	21875	4565	0	0.066862709000000006
20260909	1045	uniform_accepted	35.003230632443739	-18.255213793356305	13885	2786	0	0.038651041999999997
20260909	1045	upward_scan	80.94409422211794	24.667065123769625	22639	4728	0	0.065665583
20260909	1046	uniform_accepted	33.009910209033528	-24.351433740471112	12577	2688	0	0.039913875000000001
20260909	1046	upward_scan	75.385749882255013	18.192627721803571	21770	4538	0	0.061857457999999997
20260909	1047	uniform_accepted	35.989704346718973	-20.240963695664725	14710	3100	0	0.042170583999999997
20260909	1047	upward_scan	65.817129548085234	13.76091306682854	21461	4487	0	0.070464750000000007
20260909	1048	uniform_accepted	35.339432994733798	-18.98779497401657	13099	2723	0	0.036502541999999999
20260909	1048	upward_scan	65.611433704161215	13.734411317023898	20017	4180	0	0.091670040999999994
20260909	1049	uniform_accepted	32.248389721009097	-11.81430316292227	11456	2367	0	0.067669000000000007
20260909	1049	upward_scan	76.639109664449379	20.117376044208847	26947	5613	0	0.087863458000000005
20260909	1050	uniform_accepted	32.51124969229199	-16.956249736577313	14181	3001	0	0.046366458999999999
20260909	1050	upward_scan	66.778183374706742	15.296964060740509	20237	4228	0	0.061045792000000001
20260909	1051	uniform_accepted	38.737310138954726	-6.8648458476583381	16480	3446	0	0.048165209
20260909	1051	upward_scan	71.517751849143409	17.708387816991348	22199	4610	0	0.067867250000000004
20260909	1052	uniform_accepted	35.127243271182778	-12.592069227261756	13999	2866	0	0.040399791999999997
20260909	1052	upward_scan	63.213671101012139	12.236978696061373	18962	3955	0	0.051626416000000001
20260909	1053	uniform_accepted	31.505902405203965	-14.202470589452513	13252	2777	0	0.042007166999999998
20260909	1053	upward_scan	62.340402697725438	8.4634010496109031	18898	3941	0	0.05031675
20260909	1054	uniform_accepted	32.272911859052257	-17.389740490575189	14306	2991	0	0.040986374999999999
20260909	1054	upward_scan	64.044190197499589	12.106075172174327	23298	4864	0	0.076507000000000006
20260909	1055	uniform_accepted	30.648757930721263	-24.347843806894794	14451	2998	0	0.040213208
20260909	1055	upward_scan	71.90185665217183	17.876446153225135	23588	4923	0	0.072760415999999994
20260909	1056	uniform_accepted	34.446017688361486	-21.689607884805	13408	2745	0	0.037970875000000001
20260909	1056	upward_scan	74.452457233406136	20.764811615327108	26094	5434	0	0.078863708000000005
20260909	1057	uniform_accepted	33.735922023994256	-13.644393894898538	13734	2858	0	0.040884833000000002
20260909	1057	upward_scan	67.228362131958662	13.503474177535512	20672	4309	0	0.060139917000000001
20260909	1058	uniform_accepted	39.170941628424622	-12.939621070470945	15150	3186	0	0.046236167000000002
20260909	1058	upward_scan	69.100331586054295	13.538088505900825	22886	4761	0	0.071669499999999997
20260909	1059	uniform_accepted	21.582611832186991	-37.706273223362984	9038	1825	0	0.029038708
20260909	1059	upward_scan	66.090365429716101	15.823933503830618	20441	4260	0	0.061918124999999997
20260909	1060	uniform_accepted	32.782807395886486	-12.498552374712668	13191	2720	0	0.036193000000000003
20260909	1060	upward_scan	68.847738938454413	14.277175634491659	23196	4821	0	0.073452832999999995
20260909	1061	uniform_accepted	40.610292521217886	-16.328412781519432	16215	3375	0	0.050589915999999999
20260909	1061	upward_scan	67.765344603437725	15.609715703706218	19909	4135	0	0.061406292000000001
20260909	1062	uniform_accepted	32.663300719320276	-20.420306858961567	13524	2763	0	0.043947750000000001
20260909	1062	upward_scan	63.684337339040006	12.013695655467101	18879	3946	0	0.063476124999999994
20260909	1063	uniform_accepted	37.590001094911521	-20.025606484494297	13243	2752	0	0.03581525
20260909	1063	upward_scan	54.864939801632765	4.1662510367544225	18030	3750	0	0.055484291999999998
20260909	1064	uniform_accepted	33.969607829637489	-14.570968466830088	12924	2725	0	0.036866541000000003
20260909	1064	upward_scan	72.296133475036513	19.254222959171116	23366	4856	0	0.067226375000000005
20260909	1065	uniform_accepted	42.15364643218458	-13.398747940914935	19024	3964	0	0.055778042
20260909	1065	upward_scan	69.293185195638173	12.048397471245451	21646	4518	0	0.062175708000000003
20260909	1066	uniform_accepted	25.088915342132783	-29.20113890146563	14004	2904	0	0.040836290999999997
20260909	1066	upward_scan	70.659788139548056	13.723983457507037	22125	4612	0	0.064031958
20260909	1067	uniform_accepted	26.187150917605567	-23.123662214492992	12094	2501	0	0.035091999999999998
20260909	1067	upward_scan	79.866806432085809	17.678922162604582	24515	5091	0	0.071825208000000001
20260909	1068	uniform_accepted	27.624338009492067	-22.279515559251568	13860	2890	0	0.043373000000000002
20260909	1068	upward_scan	73.009092474028506	15.891882025995866	20950	4377	0	0.057154249999999997
20260909	1069	uniform_accepted	33.654338251252483	-21.753593799077169	13965	2924	0	0.038785708000000002
20260909	1069	upward_scan	59.215823431180993	5.8306524934208497	16453	3426	0	0.043081792000000001
20260909	1070	uniform_accepted	41.325596438810315	-13.261803009143556	16656	3439	0	0.048808958
20260909	1070	upward_scan	67.25288817957302	16.14644667093873	21935	4568	0	0.065499625000000006
20260909	1071	uniform_accepted	33.306444569618215	-12.805166953508323	15011	3148	0	0.0423515
20260909	1071	upward_scan	63.633167728399371	12.816592115981875	19031	3973	0	0.052217916000000003
20260909	1072	uniform_accepted	32.470876230925342	-19.290145005507366	14276	2974	0	0.043720874999999999
20260909	1072	upward_scan	73.697204390154369	16.251171205265571	23869	4959	0	0.072407917000000002
20260909	1073	uniform_accepted	40.609195596894075	-4.7124614073316948	14374	3018	0	0.043095166999999997
20260909	1073	upward_scan	58.837879352562254	6.3907849979816094	17294	3596	0	0.049922208000000003
20260909	1074	uniform_accepted	34.153848272996271	-21.9499510611079	14141	2973	0	0.038392541000000002
20260909	1074	upward_scan	84.757133442895608	25.62228063213465	25237	5247	0	0.071524415999999993
20260909	1075	uniform_accepted	36.775637928425759	-14.072439955615616	15577	3290	0	0.049435167000000002
20260909	1075	upward_scan	66.655528149214703	15.032773109217947	19676	4095	0	0.052556875000000003
20260909	1076	uniform_accepted	29.117798908920431	-22.516525069640362	11770	2475	0	0.037189666000000003
20260909	1076	upward_scan	68.463418658212419	17.025747173141259	20275	4222	0	0.058830959000000002
20260909	1077	uniform_accepted	37.163796302678584	-13.406110875009599	13091	2750	0	0.038575291999999997
20260909	1077	upward_scan	66.374487162854194	16.14581368467427	22565	4698	0	0.072924500000000003
20260909	1078	uniform_accepted	30.93205384286864	-20.43961735673517	12953	2677	0	0.040996249999999998
20260909	1078	upward_scan	64.681226170325758	15.737744545830399	20881	4346	0	0.058336417000000002
20260909	1079	uniform_accepted	29.034935761403169	-27.425649449935253	16385	3374	0	0.048182000000000003
20260909	1079	upward_scan	67.885661181933372	10.491485218310595	22249	4620	0	0.069210832999999999
20260909	1080	uniform_accepted	28.608678671924039	-24.522297750574868	12405	2618	0	0.034842584000000003
20260909	1080	upward_scan	76.256944749554989	20.827757881610967	23856	4972	0	0.072548125000000005
20260909	1081	uniform_accepted	28.821494800255255	-21.695154547456401	12507	2625	0	0.036657207999999997
20260909	1081	upward_scan	56.130439496249323	10.413814354905355	17971	3747	0	0.055776625000000003
20260909	1082	uniform_accepted	32.47811974804749	-30.688382550508663	14632	3021	0	0.053793124999999997
20260909	1082	upward_scan	73.005765253722203	15.765793160967066	22816	4759	0	0.071456416999999994
20260909	1083	uniform_accepted	32.385331718780662	-16.329802834229419	11937	2490	0	0.036275166999999997
20260909	1083	upward_scan	50.096544838711296	4.898364855709751	17018	3561	0	0.053475208000000003
20260909	1084	uniform_accepted	30.163669560595419	-19.901541132757345	13091	2784	0	0.041248833999999998
20260909	1084	upward_scan	68.375301100436388	12.788103382633981	20698	4302	0	0.064060207999999993
20260909	1085	uniform_accepted	36.511097174212289	-13.641376317959033	14597	3070	0	0.040726125000000002
20260909	1085	upward_scan	73.475189056622909	17.207585500962395	23312	4850	0	0.069509417000000004
20260909	1086	uniform_accepted	45.549176769107952	-8.7956025169760981	15427	3216	0	0.045056875000000003
20260909	1086	upward_scan	82.683061586283046	21.569740207269525	25779	5373	0	0.075068750000000004
20260909	1087	uniform_accepted	36.566423046838551	-11.975142090760013	14524	3016	0	0.046202500000000001
20260909	1087	upward_scan	79.551349048757118	18.107811971576631	22732	4731	0	0.064667958999999997
20260909	1088	uniform_accepted	33.64249133163181	-20.219531773819433	14808	3085	0	0.042514792000000003
20260909	1088	upward_scan	74.342269458621033	20.738521394152677	23891	4970	0	0.070684874999999994
20260909	1089	uniform_accepted	36.250820682236004	-14.799740153514488	13511	2861	0	0.039156083000000001
20260909	1089	upward_scan	80.460087754877833	19.333509981071188	23664	4932	0	0.074691707999999996
20260909	1090	uniform_accepted	37.104792997161724	-21.019566829675	14123	2892	0	0.041336540999999997
20260909	1090	upward_scan	72.764234165160858	15.423172141132433	23076	4814	0	0.066013875
20260909	1091	uniform_accepted	20.603010893910785	-37.45363702527208	9402	1955	0	0.029025417000000001
20260909	1091	upward_scan	68.323285433046678	13.574251099616795	23388	4889	0	0.075129249999999995
20260909	1092	uniform_accepted	34.020819726692061	-19.425940057196481	13748	2835	0	0.043643791000000001
20260909	1092	upward_scan	55.360211385158017	8.1727187300226536	17961	3757	0	0.059647040999999998
20260909	1093	uniform_accepted	30.844404564021325	-17.916733008520605	10625	2187	0	0.034291957999999997
20260909	1093	upward_scan	62.120857571108679	13.355783331112239	19571	4074	0	0.065844082999999998
20260909	1094	uniform_accepted	39.320461494189125	-17.922339277275142	15293	3200	0	0.045774541000000002
20260909	1094	upward_scan	73.876662493675667	20.073261257964607	23327	4864	0	0.063654875
20260909	1095	uniform_accepted	35.98776749334661	-12.800788438680863	14481	3064	0	0.044165207999999997
20260909	1095	upward_scan	60.825756884780169	12.16958462889397	19396	4059	0	0.062736083999999998
20260909	1096	uniform_accepted	41.592943026460802	-13.707332028071267	16467	3418	0	0.051667958999999999
20260909	1096	upward_scan	78.462065096061295	20.126824513103369	22838	4770	0	0.064847000000000002
20260909	1097	uniform_accepted	55.381760977626037	-2.9368077432050708	18664	3876	0	0.059921874999999999
20260909	1097	upward_scan	72.153236112388285	16.059520225380702	20713	4320	0	0.057970167000000003
20260909	1098	uniform_accepted	39.011835785955178	-4.2378384431887444	15494	3262	0	0.044263207999999998
20260909	1098	upward_scan	54.464703125133809	6.823774696999326	17236	3593	0	0.045846875000000002
20260909	1099	uniform_accepted	30.784055661340343	-25.46977440887839	11808	2473	0	0.032923542
20260909	1099	upward_scan	70.342354658856223	15.951383829016665	23027	4802	0	0.063422500000000007
20260909	1100	uniform_accepted	30.929972282622479	-19.735715363319933	14767	3105	0	0.047301875
20260909	1100	upward_scan	59.685305224743921	11.623497967091376	17497	3647	0	0.050155208999999999
20260909	1101	uniform_accepted	34.926883683034866	-17.867118774678421	16693	3397	0	0.050803582999999999
20260909	1101	upward_scan	58.383621388616255	10.474860108362304	18868	3928	0	0.053430041999999997
20260909	1102	uniform_accepted	27.585075934322585	-18.531264524034341	11993	2507	0	0.033850791999999998
20260909	1102	upward_scan	61.944158572439783	11.099494653433824	20314	4237	0	0.063751540999999995
20260909	1103	uniform_accepted	38.413393165266683	-15.770616086468255	13819	2839	0	0.041394832999999999
20260909	1103	upward_scan	70.221285800399912	14.617067030636544	21978	4589	0	0.065545208999999993
20260909	1104	uniform_accepted	31.653548396298177	-21.804262317704136	12878	2687	0	0.036992333000000002
20260909	1104	upward_scan	83.259412165221875	22.447455302234815	25534	5331	0	0.076752416000000004
20260909	1105	uniform_accepted	28.415500517508168	-22.417964862430143	14856	3118	0	0.046741541999999997
20260909	1105	upward_scan	72.667858220825224	13.207198430262746	22009	4577	0	0.073198166999999995
20260909	1106	uniform_accepted	31.279911350808948	-20.396273545532814	13288	2765	0	0.042657
20260909	1106	upward_scan	51.85069512641077	6.8935194628865482	16515	3451	0	0.054399708999999997
20260909	1107	uniform_accepted	40.205528290323045	-6.9272714481954525	14679	3002	0	0.041732708
20260909	1107	upward_scan	68.68962243513819	14.008102085422186	21450	4477	0	0.063534124999999997
20260909	1108	uniform_accepted	42.824637194468345	-16.030767778091015	13887	2852	0	0.036564041999999998
20260909	1108	upward_scan	63.891835742903375	15.134519055992181	18494	3846	0	0.055485208000000001
20260909	1109	uniform_accepted	31.175497882164329	-22.852931204646101	11850	2453	0	0.038617667000000001
20260909	1109	upward_scan	55.837996042597993	10.527421779340193	17654	3675	0	0.055082416000000002
20260909	1110	uniform_accepted	32.039063330447291	-24.182157026813481	11935	2434	0	0.037736917000000002
20260909	1110	upward_scan	59.815791293028035	6.4920335454712443	17639	3680	0	0.057276124999999997
20260909	1111	uniform_accepted	41.781380574874362	-9.5065738855784776	16269	3357	0	0.051043084000000002
20260909	1111	upward_scan	55.472109231980745	10.665793483953594	15930	3333	0	0.050403999999999997
20260909	1112	uniform_accepted	33.970686736011835	-14.76088267717315	12430	2586	0	0.040558166999999999
20260909	1112	upward_scan	60.500592000941417	10.14282157659966	17896	3727	0	0.055878375000000001
20260909	1113	uniform_accepted	35.004969337337613	-11.478635526681618	18518	3853	0	0.061562167000000001
20260909	1113	upward_scan	59.679282435201849	9.0071625616692188	20891	4358	0	0.066562999999999997
20260909	1114	uniform_accepted	28.134168650176775	-20.652884847150737	11202	2265	0	0.035563375000000001
20260909	1114	upward_scan	56.3820051719633	6.8554611179816618	17286	3593	0	0.049989209
20260909	1115	uniform_accepted	31.6174610566502	-28.208666336162779	14550	3035	0	0.040665040999999999
20260909	1115	upward_scan	62.857139437154466	11.696751938423695	20451	4260	0	0.057496667000000001
20260909	1116	uniform_accepted	33.575564102810482	-22.276994183826243	13656	2870	0	0.037336208000000003
20260909	1116	upward_scan	73.057086172959188	17.96140003685974	21968	4574	0	0.068154708999999994
20260909	1117	uniform_accepted	54.194301013563788	-2.8263230413725764	20145	4149	0	0.059454583999999998
20260909	1117	upward_scan	56.675944848346504	9.4659034996575464	16663	3470	0	0.051783415999999999
20260909	1118	uniform_accepted	35.049820700921479	-19.6967805335902	14277	2938	0	0.040855707999999998
20260909	1118	upward_scan	68.387833611660454	16.184260094706712	21159	4406	0	0.063530875000000001
20260909	1119	uniform_accepted	31.552252494024195	-17.651124283132965	14672	2990	0	0.043960417000000002
20260909	1119	upward_scan	75.253453580371627	20.595000810110296	22934	4777	0	0.062339249999999999
20260909	1120	uniform_accepted	35.474438702142294	-12.407226875840131	16174	3293	0	0.045588541000000003
20260909	1120	upward_scan	83.831029979466948	23.065823444464137	26501	5514	0	0.079230542000000001
20260909	1121	uniform_accepted	29.322818854837418	-21.725136596561942	12594	2680	0	0.039075290999999998
20260909	1121	upward_scan	72.059157970616852	13.423935323251504	20557	4267	0	0.060379416999999998
20260909	1122	uniform_accepted	37.08456454174717	-12.511044292806467	13564	2858	0	0.042053417000000003
20260909	1122	upward_scan	74.790968275460756	14.454176946906234	22306	4645	0	0.064655540999999997
20260909	1123	uniform_accepted	32.633707211207607	-12.277292049506059	13127	2717	0	0.040400582999999997
20260909	1123	upward_scan	61.75794860539775	11.560089759461471	18984	3951	0	0.055964874999999997
20260909	1124	uniform_accepted	26.653393438577375	-27.239788417174012	11113	2297	0	0.034355790999999997
20260909	1124	upward_scan	65.536297030068667	10.437976275982949	18598	3885	0	0.055662083000000001
20260909	1125	uniform_accepted	40.744375675201724	-13.088933934049541	15553	3267	0	0.050788832999999999
20260909	1125	upward_scan	66.834615975929566	9.2505347322574867	21400	4459	0	0.063339875000000004
20260909	1126	uniform_accepted	29.714896982934977	-16.337643640708336	12157	2547	0	0.037158334000000001
20260909	1126	upward_scan	79.492629102793302	20.574032409489639	24266	5041	0	0.069128499999999996
20260909	1127	uniform_accepted	36.583429036960084	-16.268980236766254	14151	2937	0	0.03956175
20260909	1127	upward_scan	76.768296471654182	21.188724010598001	25193	5255	0	0.076546749999999997
20260909	1128	uniform_accepted	46.535536861374347	-8.0691011274443181	18131	3803	0	0.057547250000000001
20260909	1128	upward_scan	72.436146837875967	18.617384619253897	23810	4956	0	0.088553707999999995
20260909	1129	uniform_accepted	33.914188425531727	-14.405400178094109	16059	3333	0	0.067618750000000005
20260909	1129	upward_scan	76.898889171031556	19.326325931037264	24295	5061	0	0.080167374999999999
20260909	1130	uniform_accepted	27.90295757362874	-25.986185487689443	11645	2380	0	0.040079166999999999
20260909	1130	upward_scan	63.594734135439687	12.354526556645082	21198	4416	0	0.069035083999999997
20260909	1131	uniform_accepted	43.574123504066101	-11.939613077006104	15232	3141	0	0.045197624999999998
20260909	1131	upward_scan	58.519053535241291	12.233017759698566	18478	3855	0	0.054933166999999998
20260909	1132	uniform_accepted	29.449694013665734	-19.287668384438849	12586	2593	0	0.035607125000000003
20260909	1132	upward_scan	76.86649177912885	16.359322212953721	21821	4548	0	0.058631124999999999
20260909	1133	uniform_accepted	35.473564946905974	-17.008318041156919	14558	3036	0	0.039808042000000002
20260909	1133	upward_scan	68.962172094333596	12.31242507428238	22514	4692	0	0.066397207999999999
20260909	1134	uniform_accepted	52.655529998249555	-10.885394182295782	18758	3824	0	0.054028833999999998
20260909	1134	upward_scan	76.234560164487121	18.746632043165974	22408	4665	0	0.073409334000000007
20260909	1135	uniform_accepted	18.719655198773804	-31.015885175447842	11787	2431	0	0.036348625000000002
20260909	1135	upward_scan	53.816201818211049	8.6855474747017851	15502	3223	0	0.045267750000000002
20260909	1136	uniform_accepted	32.896069939190795	-17.875581231852472	14679	3008	0	0.044544166000000003
20260909	1136	upward_scan	56.088236767015196	8.5258227886273943	17654	3686	0	0.053844665999999999
20260909	1137	uniform_accepted	35.017925056279566	-16.798541387676039	13192	2711	0	0.036781083999999999
20260909	1137	upward_scan	63.896156684653562	7.7905690948580171	19661	4106	0	0.061885957999999998
20260909	1138	uniform_accepted	29.575404326558619	-27.660867570343335	11849	2472	0	0.032058833000000002
20260909	1138	upward_scan	61.11586048478037	9.6774943802244096	19285	4021	0	0.056199417000000002
20260909	1139	uniform_accepted	29.555046460528459	-18.558621867552613	12718	2619	0	0.039121000000000003
20260909	1139	upward_scan	79.523058247511003	21.716239548970307	23480	4888	0	0.063492792000000006
20260909	1140	uniform_accepted	43.149982033870764	-9.0266361981626808	12829	2691	0	0.037124457999999999
20260909	1140	upward_scan	68.158745713870545	12.540761916194835	21657	4520	0	0.072302832999999997
20260909	1141	uniform_accepted	33.262080344457459	-14.309254084786966	16003	3378	0	0.056570583000000001
20260909	1141	upward_scan	65.610356531519116	15.402638967844414	21186	4413	0	0.064282624999999996
20260909	1142	uniform_accepted	29.65708633984794	-20.02813315375413	13428	2778	0	0.039865333000000003
20260909	1142	upward_scan	64.912348250376724	13.049615392374342	21057	4385	0	0.064919749999999998
20260909	1143	uniform_accepted	30.179767224336675	-20.47807061049971	13895	2915	0	0.039606374999999999
20260909	1143	upward_scan	68.740507039674071	13.371889664932201	20891	4361	0	0.059739750000000001
20260909	1144	uniform_accepted	36.328378817988273	-17.205921713656799	14615	2964	0	0.039842833000000001
20260909	1144	upward_scan	64.309493761118901	16.87017997522474	20218	4215	0	0.062658291000000005
20260909	1145	uniform_accepted	33.317248707367817	-16.430406747199921	11883	2510	0	0.033854500000000003
20260909	1145	upward_scan	67.418025217663228	14.982619177822301	20560	4296	0	0.064394041999999999
20260909	1146	uniform_accepted	29.719792249482417	-21.848581131102808	11464	2394	0	0.036248291000000002
20260909	1146	upward_scan	63.993840508167679	15.349829121363358	18639	3883	0	0.053562125000000002
20260909	1147	uniform_accepted	34.981670505395002	-16.178097002408311	13476	2765	0	0.039637791999999998
20260909	1147	upward_scan	75.019786996264926	15.89280801047653	23014	4797	0	0.070730083999999999
20260909	1148	uniform_accepted	45.023523807794817	-9.5504058512415764	15156	3137	0	0.041683541999999997
20260909	1148	upward_scan	72.793406684640601	16.209219053588672	21254	4422	0	0.064246917000000001
20260909	1149	uniform_accepted	29.438557943147	-22.581201601532758	11326	2378	0	0.033911457999999998
20260909	1149	upward_scan	67.745760894623373	12.179808998572705	21230	4425	0	0.062840790999999993
20260909	1150	uniform_accepted	29.641523292721317	-19.351521779298714	11593	2439	0	0.033938625
20260909	1150	upward_scan	72.479370721073025	17.764618606811847	20030	4171	0	0.053782957999999999
20260909	1151	uniform_accepted	21.162518532815731	-39.032440943637411	13076	2720	0	0.037965708000000001
20260909	1151	upward_scan	58.444421943247107	5.2985551029871374	15560	3242	0	0.042784166999999998
20260909	1152	uniform_accepted	29.760831638041136	-23.745629210214549	15192	3165	0	0.046610749999999999
20260909	1152	upward_scan	71.246644951253558	16.699022318507417	22571	4705	0	0.067176625000000004
20260909	1153	uniform_accepted	36.761768501829494	-20.443622173152217	15776	3319	0	0.049190290999999997
20260909	1153	upward_scan	65.710641515612892	12.098408737554919	21543	4485	0	0.067886832999999994
20260909	1154	uniform_accepted	24.500422039273708	-31.064173017245238	10766	2242	0	0.033570375
20260909	1154	upward_scan	67.68380939786978	15.220774948555466	19343	4026	0	0.059948333999999999
20260909	1155	uniform_accepted	23.588947458914706	-25.937258488721405	12750	2633	0	0.037641333999999999
20260909	1155	upward_scan	64.573548394831974	16.583692525921382	18691	3898	0	0.056847584
20260909	1156	uniform_accepted	28.359063524587057	-22.337904913928952	11279	2347	0	0.031908291999999998
20260909	1156	upward_scan	64.750537116803031	12.608748825900031	20408	4247	0	0.058117166999999997
20260909	1157	uniform_accepted	43.512072300741252	-17.547867034691532	16317	3420	0	0.050221000000000002
20260909	1157	upward_scan	63.065160047393633	13.993089096969022	18901	3946	0	0.052103499999999997
20260909	1158	uniform_accepted	33.88637478551103	-21.050891384688168	14750	3121	0	0.044919292
20260909	1158	upward_scan	61.549799769891955	12.29412007082944	18415	3827	0	0.053864542000000001
20260909	1159	uniform_accepted	29.940931884659392	-19.904103946702794	13689	2841	0	0.037829624999999999
20260909	1159	upward_scan	69.395776497527748	14.288760058279427	19703	4116	0	0.058801249999999999
20260909	1160	uniform_accepted	30.852940811780567	-26.842255190103362	12999	2678	0	0.039422291999999998
20260909	1160	upward_scan	54.330558885713458	3.9520578289149348	16260	3388	0	0.049293249999999997
20260909	1161	uniform_accepted	36.305771879331004	-10.736654607188424	16477	3382	0	0.053196
20260909	1161	upward_scan	54.717741075323119	7.3257992435809181	17159	3565	0	0.048878084000000002
20260909	1162	uniform_accepted	32.985695740969042	-19.418566008088323	13399	2813	0	0.038731957999999997
20260909	1162	upward_scan	72.267328502596186	15.756212163037224	23815	4970	0	0.074858999999999995
20260909	1163	uniform_accepted	29.773970462056074	-15.836160415326679	12532	2619	0	0.037704957999999997
20260909	1163	upward_scan	59.720180941057237	11.283856591450986	18300	3818	0	0.053445291999999998
20260909	1164	uniform_accepted	33.208420592447851	-14.370835338122923	15085	3055	0	0.042353584
20260909	1164	upward_scan	63.735367519092307	11.050466896217541	20343	4246	0	0.060003709000000002
20260909	1165	uniform_accepted	40.132496623869095	-5.364295864376019	15935	3305	0	0.049472665999999998
20260909	1165	upward_scan	67.781930252637835	19.125611890307443	23378	4867	0	0.075170292
20260909	1166	uniform_accepted	40.395875956221538	-12.730167230779571	16661	3448	0	0.055281999999999998
20260909	1166	upward_scan	56.573720709656492	6.7306590365326784	18077	3796	0	0.051616000000000002
20260909	1167	uniform_accepted	25.578018460414732	-26.505556368955258	12018	2433	0	0.035239667000000002
20260909	1167	upward_scan	68.743063949034678	14.168309096262037	20793	4331	0	0.054396832999999999
20260909	1168	uniform_accepted	37.033699656890185	-12.628956813950014	14382	2981	0	0.041437874999999999
20260909	1168	upward_scan	65.047548594328646	12.208773071148139	21996	4594	0	0.070729166999999996
20260909	1169	uniform_accepted	33.470840528767148	-11.234433261784746	14188	2981	0	0.045289792000000002
20260909	1169	upward_scan	71.473130467614652	16.835269745916928	23489	4886	0	0.073463209000000002
20260909	1170	uniform_accepted	30.466673275740909	-22.524117837182434	13822	2896	0	0.041295833999999997
20260909	1170	upward_scan	58.659176638946207	9.0690466949703605	18802	3940	0	0.058425875000000002
20260909	1171	uniform_accepted	41.884468151513602	-5.941972827675996	15084	3109	0	0.044990374999999999
20260909	1171	upward_scan	82.653399165207844	23.516189299284033	26808	5587	0	0.078257583000000006
20260909	1172	uniform_accepted	39.408338932930278	-9.9661354290703361	15456	3246	0	0.048176333000000002
20260909	1172	upward_scan	68.699479218712455	14.532298357142265	19392	4043	0	0.052254042000000001
20260909	1173	uniform_accepted	33.954065219194476	-17.168967518955807	14169	2943	0	0.039309416999999999
20260909	1173	upward_scan	78.807210983070831	17.811966899097879	24033	5007	0	0.075265457999999993
20260909	1174	uniform_accepted	28.347585067441269	-19.414055625744012	10854	2270	0	0.033047667000000003
20260909	1174	upward_scan	79.15897494716431	23.252905950119263	23740	4952	0	0.068944124999999995
20260909	1175	uniform_accepted	34.555459736410675	-15.377643869376421	13445	2790	0	0.041597000000000002
20260909	1175	upward_scan	71.71546740469806	16.441590935768247	22935	4783	0	0.068139458999999999
20260909	1176	uniform_accepted	32.231060646761932	-19.051073024946714	13188	2782	0	0.040494792000000002
20260909	1176	upward_scan	70.10481933704763	12.118634071780098	20605	4292	0	0.061805582999999997
20260909	1177	uniform_accepted	32.856496467449325	-18.887733364532043	11538	2379	0	0.033270541000000001
20260909	1177	upward_scan	61.42738612816926	13.105320236902903	20032	4179	0	0.064426374999999994
20260909	1178	uniform_accepted	37.773900328708244	-11.439599174270054	16651	3329	0	0.048211333000000002
20260909	1178	upward_scan	53.299230164335917	9.8304065571600177	16990	3549	0	0.05085025
20260909	1179	uniform_accepted	33.896236453126441	-20.271072918064956	15417	3298	0	0.050362292000000003
20260909	1179	upward_scan	72.628553122180904	16.495675439319808	20275	4222	0	0.056323499999999999
20260909	1180	uniform_accepted	37.273220891116253	-20.260874641845263	15390	3208	0	0.048529999999999997
20260909	1180	upward_scan	67.703831941429058	14.970593732251153	20521	4280	0	0.057899416000000002
20260909	1181	uniform_accepted	33.436493255469188	-18.954949538994246	14625	3010	0	0.041560583999999998
20260909	1181	upward_scan	63.202966729450353	13.942400707267899	18444	3832	0	0.055301792000000002
20260909	1182	uniform_accepted	29.906987147174632	-33.921239173831893	12774	2686	0	0.037283416999999999
20260909	1182	upward_scan	63.188844036369666	9.5644383512247817	19619	4084	0	0.050936500000000003
20260909	1183	uniform_accepted	29.369583160059662	-30.732412597109434	11724	2471	0	0.030179207999999999
20260909	1183	upward_scan	62.568712184105728	10.755427777121637	19880	4133	0	0.065385750000000006
20260909	1184	uniform_accepted	30.613153683481126	-20.263212199622984	15370	3211	0	0.046081667
20260909	1184	upward_scan	57.70770521130688	9.3443013650405096	18674	3913	0	0.058169540999999998
20260909	1185	uniform_accepted	33.950445745885816	-21.349642298418299	12875	2659	0	0.040184292000000003
20260909	1185	upward_scan	72.684475723191568	16.998754404457245	21242	4431	0	0.067220165999999998
20260909	1186	uniform_accepted	45.426484300061475	-15.664540395437452	18222	3769	0	0.055816666000000001
20260909	1186	upward_scan	63.001284790082195	15.242179034285822	20585	4282	0	0.064934209000000007
20260909	1187	uniform_accepted	26.273206998368227	-25.463804017262824	11667	2427	0	0.034934041999999998
20260909	1187	upward_scan	75.021425780674321	19.504392075054	24320	5070	0	0.071280916
20260909	1188	uniform_accepted	29.290870862350722	-24.215003128960106	14755	3096	0	0.044416542000000003
20260909	1188	upward_scan	71.387541224290359	15.257139293115964	20120	4183	0	0.051990333
20260909	1189	uniform_accepted	30.05557564288274	-27.262708204541127	14484	3015	0	0.044851416999999998
20260909	1189	upward_scan	79.675281822054032	16.678508732430327	24618	5126	0	0.071261958
20260909	1190	uniform_accepted	32.176044540842526	-15.84914900743224	12568	2590	0	0.040396291000000001
20260909	1190	upward_scan	57.924711015691294	14.579762112836917	17996	3751	0	0.053168959000000002
20260909	1191	uniform_accepted	32.068417122930107	-42.904633603627218	13856	2843	0	0.040558249999999997
20260909	1191	upward_scan	73.393374629004981	16.222946978649695	21838	4547	0	0.066508999999999999
20260909	1192	uniform_accepted	34.461886504223202	-15.167616413372496	14472	3038	0	0.046362
20260909	1192	upward_scan	67.434796616700126	13.653951361591819	20747	4324	0	0.060120874999999997
20260909	1193	uniform_accepted	36.783537635857606	-23.014345598182878	13718	2861	0	0.039918916999999998
20260909	1193	upward_scan	56.114306185615497	5.5994217403770739	17927	3742	0	0.054964208000000001
20260909	1194	uniform_accepted	40.670325394938189	-5.6450405986324057	14587	3067	0	0.043676041999999998
20260909	1194	upward_scan	76.299430155987352	21.729668234706821	23619	4925	0	0.068552958999999997
20260909	1195	uniform_accepted	26.576651511918417	-28.722073213317419	12906	2622	0	0.040672750000000001
20260909	1195	upward_scan	63.958546999343703	11.881859908497555	21151	4403	0	0.067030959000000001
20260909	1196	uniform_accepted	35.747118163526892	-14.799227897687624	15827	3309	0	0.049189916
20260909	1196	upward_scan	63.284787416668109	14.058215157690809	20474	4265	0	0.062897707999999997
20260909	1197	uniform_accepted	40.21282427530079	-17.758619035886575	17093	3531	0	0.050561208000000003
20260909	1197	upward_scan	68.108999843558436	16.192870755041334	20400	4257	0	0.062029209000000002
20260909	1198	uniform_accepted	28.861053961237722	-26.314455050940147	14243	2961	0	0.049621041999999997
20260909	1198	upward_scan	77.815922032074099	19.207902866879124	25155	5234	0	0.073076083999999999
20260909	1199	uniform_accepted	39.678764173510004	-10.177404956237886	14694	3011	0	0.043418791999999998
20260909	1199	upward_scan	59.061053736582259	11.239265624831052	18815	3928	0	0.057449666000000003
20260909	1200	uniform_accepted	31.533992783062708	-22.497064144895397	13807	2929	0	0.043119207999999999
20260909	1200	upward_scan	70.666847230356083	14.462039802151756	21321	4451	0	0.058254792
20260909	1201	uniform_accepted	38.768605572130944	-16.366415697719091	16675	3451	0	0.052068708999999998
20260909	1201	upward_scan	75.252460782563602	16.647175404000858	23079	4813	0	0.068196207999999994
20260909	1202	uniform_accepted	39.256584112502829	-12.195671374682602	17514	3649	0	0.055869042000000001
20260909	1202	upward_scan	76.89789241584549	16.143954313534064	22426	4696	0	0.064390208000000004
20260909	1203	uniform_accepted	26.697085890651611	-17.122910705204241	11825	2511	0	0.034625625
20260909	1203	upward_scan	70.714886643853006	17.655445668399249	20388	4258	0	0.059815332999999998
20260909	1204	uniform_accepted	34.038619280245939	-18.605655311817689	13393	2788	0	0.040515166999999998
20260909	1204	upward_scan	77.705470327170843	19.558855824061926	24793	5160	0	0.075462500000000002
20260909	1205	uniform_accepted	39.041531312330783	-17.165840142716377	16485	3414	0	0.052905832999999999
20260909	1205	upward_scan	72.517300250835419	15.288270709892933	20789	4343	0	0.060125917000000001
20260909	1206	uniform_accepted	35.831262163372571	-9.9262231869320239	13129	2736	0	0.041958041000000001
20260909	1206	upward_scan	63.636896425351956	9.1708498398052285	19423	4035	0	0.054826208000000001
20260909	1207	uniform_accepted	30.194544588807933	-22.854091473590533	12476	2654	0	0.035862917000000001
20260909	1207	upward_scan	79.808096103666585	19.205793724783057	25749	5360	0	0.078635290999999996
20260909	1208	uniform_accepted	32.365962483610026	-22.371790954105229	14937	3078	0	0.047795917
20260909	1208	upward_scan	61.254601256195201	9.5059546218332311	20196	4213	0	0.061477749999999998
20260909	1209	uniform_accepted	44.655788423913073	-16.412759948869471	13951	2914	0	0.037958125000000002
20260909	1209	upward_scan	57.63657593679379	10.104327186048238	19258	4014	0	0.058346291000000002
20260909	1210	uniform_accepted	35.741932290194832	-12.426603326403178	15926	3300	0	0.054757917000000003
20260909	1210	upward_scan	67.940392664865939	14.208736687811257	21984	4575	0	0.070498167
20260909	1211	uniform_accepted	29.381103517727674	-23.699919141561224	15171	3150	0	0.048774333000000003
20260909	1211	upward_scan	57.968689433707269	5.4619742509903713	18029	3753	0	0.054239915999999999
20260909	1212	uniform_accepted	40.070724178350908	-7.3533120939291274	15590	3283	0	0.048609375000000003
20260909	1212	upward_scan	61.838550963623071	11.93819669353493	19182	3994	0	0.060227250000000003
20260909	1213	uniform_accepted	38.083787824813086	-14.052328628125085	14815	3072	0	0.045580583000000001
20260909	1213	upward_scan	61.490146868220577	11.371982777590711	18524	3860	0	0.059467332999999997
20260909	1214	uniform_accepted	28.995504054872164	-30.789820705016698	13281	2766	0	0.042270124999999999
20260909	1214	upward_scan	65.741027304733691	10.411800591359317	21394	4477	0	0.064834249999999996
20260909	1215	uniform_accepted	30.300337104824031	-17.57840437639199	15456	3267	0	0.046880709
20260909	1215	upward_scan	64.3718115453173	10.954334525183674	21384	4461	0	0.069698042000000002
20260909	1216	uniform_accepted	37.49857312573976	-10.391054652695754	15305	3127	0	0.046606833
20260909	1216	upward_scan	70.036452976511455	15.166181816160799	23231	4849	0	0.072651667000000003
20260909	1217	uniform_accepted	30.421181053262274	-20.122282626272455	12074	2547	0	0.037372500000000003
20260909	1217	upward_scan	67.862705536787828	12.871332393533921	22724	4730	0	0.074629457999999996
20260909	1218	uniform_accepted	27.193461682283257	-23.43264301538612	11037	2311	0	0.029939125
20260909	1218	upward_scan	71.181156388120499	14.795521576766681	20581	4273	0	0.061693999999999999
20260909	1219	uniform_accepted	40.425793431831302	-7.7024741438980842	15952	3365	0	0.051910249999999998
20260909	1219	upward_scan	61.756371455611983	16.253949491506884	19826	4118	0	0.067368750000000005
20260909	1220	uniform_accepted	36.531087311278526	-8.2315720298678929	13653	2848	0	0.043197458000000001
20260909	1220	upward_scan	70.588127577971562	5.5801716703212216	21319	4427	0	0.074131583000000001
20260909	1221	uniform_accepted	33.951022669182208	-16.608356647432068	17358	3606	0	0.059520292000000002
20260909	1221	upward_scan	67.820062062709866	12.921714529125897	21359	4449	0	0.072999999999999995
20260909	1222	uniform_accepted	39.693742136383023	-7.0487711801007018	15535	3222	0	0.051492415999999999
20260909	1222	upward_scan	65.841116063398317	13.999449615687954	18574	3869	0	0.053348582999999998
20260909	1223	uniform_accepted	24.760197519833074	-28.710823146635089	12734	2655	0	0.043303874999999999
20260909	1223	upward_scan	65.411785449116294	10.354157572596325	20914	4356	0	0.062944291999999999
20260909	1224	uniform_accepted	27.940354992707832	-31.801077042736711	14071	2963	0	0.047861208000000002
20260909	1224	upward_scan	71.397777842101888	19.334987031031957	21471	4475	0	0.063145000000000007
20260909	1225	uniform_accepted	26.93269488914919	-22.199163059947473	15846	3239	0	0.049401082999999998
20260909	1225	upward_scan	58.930983740760801	10.567865320617596	18963	3957	0	0.055615667000000001
20260909	1226	uniform_accepted	30.422999719374651	-23.100478647706314	12318	2609	0	0.035469208000000002
20260909	1226	upward_scan	72.152767021812309	14.498478586240322	22341	4649	0	0.069284833000000004
20260909	1227	uniform_accepted	31.06230607397443	-24.135256870649751	13151	2698	0	0.036689833999999998
20260909	1227	upward_scan	83.371522790082807	22.053275516485773	25914	5400	0	0.078197041999999994
20260909	1228	uniform_accepted	36.847176507198078	-15.28695830097762	15668	3298	0	0.050497750000000001
20260909	1228	upward_scan	59.072281756466907	11.483871702358703	18681	3898	0	0.056280999999999998
20260909	1229	uniform_accepted	24.093523614411218	-34.314297439274533	11129	2304	0	0.029909874999999999
20260909	1229	upward_scan	61.750762259809662	13.200473224501946	18473	3851	0	0.056541124999999998
20260909	1230	uniform_accepted	30.24764196352756	-18.391077761799458	13407	2760	0	0.042150915999999997
20260909	1230	upward_scan	61.623889089020899	11.5937216365505	19795	4135	0	0.060659249999999998
20260909	1231	uniform_accepted	39.713220726022612	-16.434198002386392	13921	2889	0	0.039856915999999999
20260909	1231	upward_scan	65.482619334812412	13.584682739622027	22152	4619	0	0.070978417000000002
20260909	1232	uniform_accepted	37.437346857069898	-10.175768302383799	12709	2707	0	0.038272291
20260909	1232	upward_scan	85.045508838730555	23.738814986986277	29846	6196	0	0.098082957999999998
20260909	1233	uniform_accepted	41.861637916604039	-9.388666315135227	15059	3098	0	0.045386542000000002
20260909	1233	upward_scan	70.679439956120916	13.556506748210426	22933	4778	0	0.070144125000000002
20260909	1234	uniform_accepted	41.63005329264977	-6.9679809063606548	16970	3468	0	0.054412083
20260909	1234	upward_scan	59.289033860010107	9.6027331355391787	17518	3626	0	0.055592250000000003
20260909	1235	uniform_accepted	34.313912092040148	-16.083602752554459	12812	2646	0	0.034225666000000002
20260909	1235	upward_scan	70.174293338199362	16.580167806264317	21864	4548	0	0.065053791999999999
20260909	1236	uniform_accepted	36.555848769120892	-14.341982015695493	13737	2866	0	0.040099250000000003
20260909	1236	upward_scan	65.321001534900205	16.696137164103334	20532	4287	0	0.061431624999999997
20260909	1237	uniform_accepted	36.369496867453535	-18.740870928449649	13043	2726	0	0.035638292000000002
20260909	1237	upward_scan	67.327517262192316	17.951020982979703	21742	4529	0	0.068305500000000005
20260909	1238	uniform_accepted	33.528286817110754	-17.77880646211598	15041	3068	0	0.043574415999999998
20260909	1238	upward_scan	60.506386621652467	11.056421106269104	18855	3929	0	0.059562249999999997
20260909	1239	uniform_accepted	39.963389213510318	-9.3061387642751647	15021	3145	0	0.046000459
20260909	1239	upward_scan	64.954214987992131	16.511654284176412	20933	4371	0	0.062352749999999998
20260909	1240	uniform_accepted	33.660516180961196	-12.073468636320335	13495	2789	0	0.037929375000000001
20260909	1240	upward_scan	75.220387973028878	17.878358611029245	26347	5484	0	0.087691124999999995
20260909	1241	uniform_accepted	52.088248339875292	-6.7967596598964821	17604	3698	0	0.054977417000000001
20260909	1241	upward_scan	75.780287934627466	13.395836446974151	24353	5078	0	0.068396457999999993
20260909	1242	uniform_accepted	33.91960528745652	-16.293976506727866	14042	2954	0	0.041026416000000003
20260909	1242	upward_scan	59.351745101032932	11.674093906170551	16679	3487	0	0.052015625000000003
20260909	1243	uniform_accepted	30.024732340317566	-17.634544601199373	11679	2428	0	0.034819165999999999
20260909	1243	upward_scan	61.132378204079053	8.622351233712191	21039	4384	0	0.067457125000000007
20260909	1244	uniform_accepted	37.693925014636719	-14.435053486574814	14384	3004	0	0.043198458000000002
20260909	1244	upward_scan	65.775403157412512	14.077045368350769	23300	4857	0	0.077366375000000001
20260909	1245	uniform_accepted	31.569709539974941	-15.226645346200451	14497	2939	0	0.043211832999999998
20260909	1245	upward_scan	68.173669997884517	14.292317069654079	20853	4351	0	0.069992125000000002
20260909	1246	uniform_accepted	27.094024370992514	-23.178968516792636	10943	2264	0	0.032292124999999998
20260909	1246	upward_scan	68.627794998204337	15.856571295274815	20757	4329	0	0.066349084000000003
20260909	1247	uniform_accepted	37.370714541503943	-16.403189235388062	12780	2663	0	0.036992041000000003
20260909	1247	upward_scan	79.940883096564733	17.799900440798879	23537	4904	0	0.062306541999999999
20260909	1248	uniform_accepted	32.647381937764607	-13.604785282883828	14197	2960	0	0.043673165999999999
20260909	1248	upward_scan	64.617110537016615	13.510538479163133	21682	4511	0	0.068266999999999994
20260909	1249	uniform_accepted	30.835530185505426	-23.661962799736987	13861	2905	0	0.041383166999999998
20260909	1249	upward_scan	68.387508837216842	14.862797434597804	21329	4466	0	0.063470625000000003
20260909	1250	uniform_accepted	23.151221197478023	-32.415444815661516	11983	2524	0	0.035914458000000003
20260909	1250	upward_scan	74.238784539370698	18.027542683672468	22021	4585	0	0.06417225
20260909	1251	uniform_accepted	39.302622297114524	-13.346388775520051	14278	2964	0	0.040220790999999999
20260909	1251	upward_scan	62.361735205436972	8.4897347380341692	19134	3974	0	0.054841791000000001
20260909	1252	uniform_accepted	27.232729048529858	-30.240576103196084	15788	3247	0	0.041693666999999997
20260909	1252	upward_scan	71.983394759768444	19.622260993524538	21424	4465	0	0.062520415999999995
20260909	1253	uniform_accepted	26.007053603294647	-33.704224417602688	11216	2341	0	0.035261292
20260909	1253	upward_scan	78.520277455311771	18.377063528914825	27805	5782	0	0.09797525
20260909	1254	uniform_accepted	32.287397359572843	-14.172360951918906	13940	2873	0	0.04300325
20260909	1254	upward_scan	62.375246230670598	8.6194686479758253	21039	4383	0	0.064494959000000004
20260909	1255	uniform_accepted	39.250354933241624	-9.9321456532382175	15065	3110	0	0.046743709000000001
20260909	1255	upward_scan	77.102550003967465	17.634487962195248	24994	5205	0	0.079920332999999996
20260909	1256	uniform_accepted	28.177716068816036	-18.29996931446103	12155	2537	0	0.034504541999999999
20260909	1256	upward_scan	58.600456320658182	11.204916940300306	17846	3720	0	0.054265083999999998
20260909	1257	uniform_accepted	40.123375189118079	-9.1396048118484714	15375	3177	0	0.045874832999999997
20260909	1257	upward_scan	77.681548443955279	22.44583646697658	24153	5038	0	0.067586332999999998
20260909	1258	uniform_accepted	35.022377399415532	-24.125261653180424	13932	2890	0	0.043759583999999997
20260909	1258	upward_scan	65.155601642912643	16.85716371022782	21891	4558	0	0.070612290999999994
20260909	1259	uniform_accepted	36.729579429967721	-16.153947848810535	13777	2903	0	0.042933167000000001
20260909	1259	upward_scan	63.061531121138074	12.1591961879069	19427	4047	0	0.060216167000000001
20260909	1260	uniform_accepted	35.919216524781923	-15.570147347555549	14807	3078	0	0.042612499999999998
20260909	1260	upward_scan	61.460271894750647	13.783814033969563	18146	3781	0	0.050696499999999999
20260909	1261	uniform_accepted	37.915058306199462	-9.8720157084874636	13530	2755	0	0.039314916999999998
20260909	1261	upward_scan	48.623877021548644	0.29318972175793084	15003	3128	0	0.044026957999999998
20260909	1262	uniform_accepted	41.958333913046388	-11.406329825438391	16533	3486	0	0.047870666999999999
20260909	1262	upward_scan	57.699105473768704	8.2622289987304125	18853	3928	0	0.061887292000000003
20260909	1263	uniform_accepted	35.115096880739301	-12.472322410378627	13735	2868	0	0.041482417000000001
20260909	1263	upward_scan	68.253521517744574	16.831431938947119	20051	4179	0	0.061430916000000002
20260909	1264	uniform_accepted	29.845428555398325	-17.677616218433492	14422	2943	0	0.045653874999999997
20260909	1264	upward_scan	52.955670702688408	8.1333958139170068	15951	3325	0	0.050249624999999999
20260909	1265	uniform_accepted	40.97870525577811	-9.3268746298040135	15000	3087	0	0.049600167000000001
20260909	1265	upward_scan	81.195777759334064	19.025446885105552	26291	5473	0	0.082424791999999997
20260909	1266	uniform_accepted	36.12111002172	-15.062014230760703	13377	2695	0	0.038277040999999998
20260909	1266	upward_scan	59.748921168581361	11.101310335436329	19288	4012	0	0.059868417
20260909	1267	uniform_accepted	37.336584755236608	-12.487854798749048	13138	2725	0	0.037148
20260909	1267	upward_scan	67.832319857069692	13.13507008042288	24064	5029	0	0.078366291000000005
20260909	1268	uniform_accepted	28.352031936033498	-21.620444944914336	12803	2652	0	0.039196624999999999
20260909	1268	upward_scan	63.385363670030266	9.9290948246530739	18857	3936	0	0.057990958000000002
20260909	1269	uniform_accepted	28.097620133906723	-25.189110196516076	12557	2623	0	0.034756750000000003
20260909	1269	upward_scan	45.225558219375117	1.2170717984835664	13594	2842	0	0.042144415999999997
20260909	1270	uniform_accepted	23.883535898318556	-32.41795031125536	12338	2603	0	0.039824166000000001
20260909	1270	upward_scan	57.082134553683424	6.2341569367424388	16392	3410	0	0.047055375000000003
20260909	1271	uniform_accepted	40.976105219698191	-10.460525794428941	16236	3433	0	0.049183249999999998
20260909	1271	upward_scan	76.172606603609552	16.529596850280566	25440	5317	0	0.087040916999999995
20260909	1272	uniform_accepted	33.233158822353083	-16.347326172169396	13186	2794	0	0.041347791000000002
20260909	1272	upward_scan	60.776689861602968	11.810708217253779	18479	3853	0	0.059198791000000001
20260909	1273	uniform_accepted	33.396757406862733	-13.8283844243003	14783	3078	0	0.045627000000000001
20260909	1273	upward_scan	63.189205580666233	12.087588532421449	19172	3996	0	0.057941541999999999
20260909	1274	uniform_accepted	29.254101447956373	-19.208870993136614	12095	2491	0	0.035950834000000001
20260909	1274	upward_scan	68.37165733108796	12.756453156861873	22603	4710	0	0.071434082999999995
20260909	1275	uniform_accepted	30.816857113748032	-14.99852963768825	12990	2698	0	0.040549166999999997
20260909	1275	upward_scan	68.915704249016542	12.766209959743977	19893	4152	0	0.059072
20260909	1276	uniform_accepted	34.571814981854331	-15.124122886160002	14188	2985	0	0.046575790999999998
20260909	1276	upward_scan	80.429888010179127	20.845277091101117	22349	4660	0	0.066955457999999995
20260909	1277	uniform_accepted	28.719470927670404	-21.866405561788191	12740	2672	0	0.037406874999999999
20260909	1277	upward_scan	57.725733644913319	9.9304465782907414	16925	3529	0	0.049193874999999998
20260909	1278	uniform_accepted	33.640447031770215	-11.461532509091148	12754	2622	0	0.038451708000000001
20260909	1278	upward_scan	77.315591581785299	18.865601931587239	21539	4488	0	0.059715833000000003
20260909	1279	uniform_accepted	41.157853923873077	-8.9858620924628276	15526	3222	0	0.041045749999999999
20260909	1279	upward_scan	55.07156500577922	6.5910774880707788	17259	3611	0	0.050826458999999997
20260909	1280	uniform_accepted	38.684777936812758	-20.194568725224659	16115	3356	0	0.050183458
20260909	1280	upward_scan	76.282788704583197	15.752652161694586	22736	4754	0	0.072527290999999994
20260909	1281	uniform_accepted	39.122339183932269	-22.113658885587363	13236	2790	0	0.039782207999999999
20260909	1281	upward_scan	66.106836441886159	10.907374464991621	22143	4613	0	0.071580000000000005
20260909	1282	uniform_accepted	32.992943001045312	-16.170588782476607	13627	2795	0	0.043072209
20260909	1282	upward_scan	79.031442290679195	20.948735845791116	22528	4691	0	0.078485374999999996
20260909	1283	uniform_accepted	27.722128405982989	-22.496822011954208	12864	2724	0	0.047412334
20260909	1283	upward_scan	57.311977283438772	10.227164617485981	17026	3548	0	0.050297915999999998
20260909	1284	uniform_accepted	40.442325035108354	-14.20975496341871	15478	3175	0	0.046668292
20260909	1284	upward_scan	74.212313990308971	17.301756384944401	25059	5223	0	0.074702041999999996
20260909	1285	uniform_accepted	37.599768607017495	-20.380538805464798	13851	2867	0	0.038917
20260909	1285	upward_scan	63.691291184867609	8.4705328351779023	22322	4654	0	0.067608417000000004
20260909	1286	uniform_accepted	41.131617721181776	-7.9001833456902588	15499	3220	0	0.044686166999999999
20260909	1286	upward_scan	70.786005498448162	19.142691112863822	21396	4455	0	0.065214042
20260909	1287	uniform_accepted	32.715720064199935	-16.661099308159873	13527	2848	0	0.043787167000000002
20260909	1287	upward_scan	69.09808121526244	15.577938692221711	21043	4371	0	0.057644000000000001
20260909	1288	uniform_accepted	29.053687910175388	-20.670603514913001	13248	2789	0	0.038693499999999999
20260909	1288	upward_scan	68.344326755341285	11.574169896190678	20344	4239	0	0.058552374999999997
20260909	1289	uniform_accepted	33.348665852798632	-14.347950602828282	13693	2882	0	0.039580458999999998
20260909	1289	upward_scan	70.304870664065902	14.675989678104758	18954	3950	0	0.05230775
20260909	1290	uniform_accepted	26.492129823561147	-23.222400009417036	11015	2261	0	0.032475999999999998
20260909	1290	upward_scan	62.894710033650398	12.057788479791339	19504	4057	0	0.059771708
20260909	1291	uniform_accepted	38.832939128719339	-7.8339865603907848	17598	3585	0	0.061107624999999999
20260909	1291	upward_scan	64.08321393307881	12.613333311023016	20030	4177	0	0.061020458
20260909	1292	uniform_accepted	34.638795925214694	-11.851599553067899	14954	3065	0	0.041089374999999997
20260909	1292	upward_scan	70.535990611488089	15.784965913572524	20807	4344	0	0.058693042000000001
20260909	1293	uniform_accepted	35.781426200477014	-16.072852005588345	13221	2760	0	0.038951375000000003
20260909	1293	upward_scan	68.981683616528528	17.226262713736336	21206	4417	0	0.062499375000000003
20260909	1294	uniform_accepted	31.549263245413968	-18.362790768752671	15322	3206	0	0.045296708999999998
20260909	1294	upward_scan	72.24178083617916	17.026346021578942	20517	4258	0	0.077298624999999996
20260909	1295	uniform_accepted	33.455194738099216	-17.429254523655519	13474	2788	0	0.051282542
20260909	1295	upward_scan	58.253811321213625	11.769611059459953	18388	3834	0	0.060672583000000002
20260909	1296	uniform_accepted	33.667994160923911	-14.683237132395529	14710	3101	0	0.043314666000000002
20260909	1296	upward_scan	72.867174096574274	16.792077249879782	24023	4987	0	0.072058667000000007
20260909	1297	uniform_accepted	39.138714780119244	-9.1702906199024188	14486	3014	0	0.045713541000000003
20260909	1297	upward_scan	72.012278981611161	13.173382482218679	21609	4485	0	0.064355208999999997
20260909	1298	uniform_accepted	36.963101756873328	-17.792117385725511	16346	3417	0	0.052222249999999998
20260909	1298	upward_scan	73.783568017759862	19.764559957871359	24038	4996	0	0.069746125000000006
20260909	1299	uniform_accepted	38.147328655538686	-9.7435348185049175	15158	3141	0	0.048495125
20260909	1299	upward_scan	54.862604238941415	7.8946238245667937	18452	3845	0	0.057590165999999998
20260909	1300	uniform_accepted	39.519983142718203	-18.661279607439496	14256	3016	0	0.042296874999999998
20260909	1300	upward_scan	62.550217012411252	9.537200574737545	19713	4101	0	0.059340207999999998
20260909	1301	uniform_accepted	33.834346550024307	-14.507179277621326	12072	2500	0	0.034148958
20260909	1301	upward_scan	68.095234745056089	15.236704334480422	20388	4245	0	0.059920082999999999
20260909	1302	uniform_accepted	25.799565568385916	-25.786070722285476	13604	2879	0	0.043758208
20260909	1302	upward_scan	61.728751368337853	9.325440249472285	18600	3869	0	0.055726333000000003
20260909	1303	uniform_accepted	30.275803353910689	-23.434538136746482	14936	3102	0	0.047208040999999999
20260909	1303	upward_scan	63.428868534810356	10.224526722542484	21129	4401	0	0.073373124999999997
20260909	1304	uniform_accepted	30.05150572425848	-23.173541725024091	15005	3135	0	0.047938250000000002
20260909	1304	upward_scan	74.324909212103165	15.790979291996141	22893	4770	0	0.076068207999999998
20260909	1305	uniform_accepted	37.947749212333484	-16.376460416364083	14113	2957	0	0.044154582999999997
20260909	1305	upward_scan	57.425200518788223	12.058925021756306	17710	3693	0	0.057778457999999998
20260909	1306	uniform_accepted	44.721805300446917	-10.625684195774332	16493	3438	0	0.051609666999999998
20260909	1306	upward_scan	83.662001716978651	20.860355786252221	27390	5699	0	0.081705749999999994
20260909	1307	uniform_accepted	33.399048960778167	-17.404289538540496	14682	3037	0	0.040537625000000001
20260909	1307	upward_scan	68.112239651323989	13.876557884776485	19320	4018	0	0.058937542000000002
20260909	1308	uniform_accepted	18.865408497079983	-39.178743957441455	10895	2244	0	0.036391209000000001
20260909	1308	upward_scan	59.831805776534239	10.765228865049659	19006	3964	0	0.057272291000000003
20260909	1309	uniform_accepted	40.099322956859183	-10.925038668839319	13904	2857	0	0.041796917000000003
20260909	1309	upward_scan	58.469980687344865	10.893518586474542	17081	3548	0	0.047035832999999999
20260909	1310	uniform_accepted	22.454375378619552	-26.801090708956945	10812	2299	0	0.030410084
20260909	1310	upward_scan	63.863082527869132	13.839052703162849	20036	4170	0	0.062339749999999999
20260909	1311	uniform_accepted	30.408736854371639	-23.2136646854409	15640	3225	0	0.048906499999999999
20260909	1311	upward_scan	59.277561431700832	10.103022109000555	17871	3728	0	0.053104791999999998
20260909	1312	uniform_accepted	33.399814169729794	-23.808550278887132	13250	2775	0	0.040390124999999999
20260909	1312	upward_scan	71.195798228804378	15.105978327900765	20911	4373	0	0.064861958999999997
20260909	1313	uniform_accepted	30.451801440402896	-25.831278659061709	16365	3403	0	0.056794125000000001
20260909	1313	upward_scan	55.336387641489338	6.9226473011963918	17650	3682	0	0.057835791999999997
20260909	1314	uniform_accepted	29.487168825658053	-19.775170829621576	13017	2680	0	0.040558458999999998
20260909	1314	upward_scan	80.199881332511026	21.702072835719996	24695	5143	0	0.069970000000000004
20260909	1315	uniform_accepted	42.122872496172384	-8.1147452641923881	15476	3214	0	0.050038333999999997
20260909	1315	upward_scan	68.247912013309062	12.697578572457399	21615	4491	0	0.072568791999999993
20260909	1316	uniform_accepted	32.942541265437413	-15.563870601578691	15616	3209	0	0.045330957999999998
20260909	1316	upward_scan	85.620646135958538	22.127219385884153	26001	5432	0	0.078871707999999999
20260909	1317	uniform_accepted	29.481816996601488	-25.45612243623227	12349	2617	0	0.039906707999999999
20260909	1317	upward_scan	60.016804723597261	12.419508424728345	19812	4118	0	0.065899250000000006
20260909	1318	uniform_accepted	42.376645904967532	-8.6038693017725159	13887	2956	0	0.040915041999999999
20260909	1318	upward_scan	68.488105348334159	16.447787912282024	20134	4206	0	0.062031749999999997
20260909	1319	uniform_accepted	40.977264787492786	-11.015525770527175	16161	3371	0	0.048649999999999999
20260909	1319	upward_scan	69.938903162399939	16.677380417561555	20931	4364	0	0.060750083000000003
20260909	1320	uniform_accepted	35.783476964278407	-18.9785862375827	17473	3537	0	0.050099958
20260909	1320	upward_scan	78.447159981012589	17.838291779124742	24981	5208	0	0.074135666000000003
20260909	1321	uniform_accepted	30.538328724678649	-17.689209766869123	13136	2772	0	0.041072375000000001
20260909	1321	upward_scan	60.818160434666524	11.413127426496727	18486	3867	0	0.052769666999999999
20260909	1322	uniform_accepted	25.979952377734826	-22.956228560687443	13618	2819	0	0.039855665999999998
20260909	1322	upward_scan	68.399130383818544	14.156273980696625	21082	4400	0	0.064815374999999995
20260909	1323	uniform_accepted	29.806622092706181	-27.011317384804659	13229	2780	0	0.04479375
20260909	1323	upward_scan	63.413108518707048	12.464587848511748	19411	4050	0	0.063121416999999999
20260909	1324	uniform_accepted	29.708542817458842	-16.183007319530365	11341	2398	0	0.034672583
20260909	1324	upward_scan	57.464911623204962	5.6499649534868581	18064	3771	0	0.057450333999999999
20260909	1325	uniform_accepted	25.395273186287078	-23.919296744351712	11812	2453	0	0.033987125
20260909	1325	upward_scan	80.323094925041914	20.783520547011907	27726	5782	0	0.090894417000000005
20260909	1326	uniform_accepted	30.57073794473499	-20.225963270349933	16205	3314	0	0.047687041999999999
20260909	1326	upward_scan	69.0253770868446	16.039739088429158	20886	4351	0	0.062693625000000003
20260909	1327	uniform_accepted	44.995593361725142	-12.075561010381282	17423	3638	0	0.055418542000000001
20260909	1327	upward_scan	86.835725708324617	21.566284471721481	26246	5471	0	0.08037975
20260909	1328	uniform_accepted	28.77541808802701	-26.654652931283412	12317	2564	0	0.038267666999999998
20260909	1328	upward_scan	73.398573106167703	17.937217194573979	23555	4916	0	0.072113750000000004
20260909	1329	uniform_accepted	35.881011488775755	-10.80246849028423	16896	3420	0	0.053233834000000001
20260909	1329	upward_scan	54.248658194359983	4.6294401997306105	18375	3836	0	0.085997957999999999
20260909	1330	uniform_accepted	45.088087201066941	-8.6507931342088362	15867	3286	0	0.074481958000000001
20260909	1330	upward_scan	69.688098423645712	17.989287798076901	22001	4591	0	0.065313959000000005
20260909	1331	uniform_accepted	30.423065112011553	-15.421969630276635	13621	2789	0	0.041818124999999998
20260909	1331	upward_scan	66.83226022974543	15.173635107901832	21044	4368	0	0.065396542000000002
20260909	1332	uniform_accepted	35.680374262186959	-12.067963793432993	15787	3272	0	0.052321916000000003
20260909	1332	upward_scan	55.10599039528077	9.9294629322990051	16156	3356	0	0.046607124999999999
20260909	1333	uniform_accepted	42.458720426493009	-5.1851917179490776	16035	3343	0	0.052437416000000001
20260909	1333	upward_scan	72.516541437071979	16.220069980416	24323	5073	0	0.075824708000000005
20260909	1334	uniform_accepted	45.975439217594769	-10.401452651335147	17462	3612	0	0.050984415999999998
20260909	1334	upward_scan	55.825807873350087	4.2688804694042339	17068	3552	0	0.051852833000000001
20260909	1335	uniform_accepted	27.02329717801441	-29.659949966288149	11031	2330	0	0.031116250000000002
20260909	1335	upward_scan	70.650407406539969	18.638715641323174	21047	4384	0	0.060578541999999999
20260909	1336	uniform_accepted	30.950068877184275	-25.16676227312492	13093	2719	0	0.04419
20260909	1336	upward_scan	55.519340402749947	9.8322682450030747	17546	3659	0	0.069454749999999996
20260909	1337	uniform_accepted	30.9631699988335	-19.206925338272992	12105	2542	0	0.040763542
20260909	1337	upward_scan	75.942993993206699	16.503608231828824	21496	4488	0	0.10876175
20260909	1338	uniform_accepted	29.778141491551921	-20.065566111775485	11762	2401	0	0.052804625000000001
20260909	1338	upward_scan	64.291751599250674	11.788911858871046	18772	3918	0	0.066898541000000006
20260909	1339	uniform_accepted	38.668288135937132	-16.722593401306735	15045	3127	0	0.045332542000000003
20260909	1339	upward_scan	64.172973577005948	12.191814706338494	21481	4481	0	0.068990834000000001
20260909	1340	uniform_accepted	24.298733921113069	-33.204173571476723	12472	2590	0	0.037724874999999998
20260909	1340	upward_scan	59.849187188695431	11.97939934601135	19063	3976	0	0.065431665999999999
20260909	1341	uniform_accepted	32.131449542912605	-23.615945063013374	15156	3118	0	0.054375917000000003
20260909	1341	upward_scan	68.149308856684911	18.930248572505885	20667	4295	0	0.064026749999999993
20260909	1342	uniform_accepted	45.715368820820473	-3.3180936589170313	16653	3469	0	0.056553875000000003
20260909	1342	upward_scan	65.370590102569977	15.352094250501828	20557	4280	0	0.063797833999999998
20260909	1343	uniform_accepted	29.561516750811755	-24.715473021878761	13416	2832	0	0.042245417
20260909	1343	upward_scan	66.49585384724584	12.804825919260931	20054	4189	0	0.058421542
20260909	1344	uniform_accepted	29.809299850982416	-16.361089879937058	14476	2954	0	0.044397375000000003
20260909	1344	upward_scan	65.235025024763118	12.314399425395466	20037	4174	0	0.060815750000000002
20260909	1345	uniform_accepted	37.590958575509148	-12.191054597524809	14833	3122	0	0.046096791999999998
20260909	1345	upward_scan	63.895304093314849	10.643592055971286	20180	4197	0	0.065816749999999993
20260909	1346	uniform_accepted	29.02111966177878	-21.581727479698639	11301	2385	0	0.036267374999999998
20260909	1346	upward_scan	65.146681884028638	11.657601945438689	18296	3808	0	0.055570915999999998
20260909	1347	uniform_accepted	33.471212546347495	-10.33402055875754	14793	3078	0	0.046663125
20260909	1347	upward_scan	66.821095198229031	17.891343479965407	19898	4145	0	0.058347792000000002
20260909	1348	uniform_accepted	35.31397516592348	-9.76735672664962	14391	3024	0	0.046389417000000002
20260909	1348	upward_scan	77.739670294375259	21.802592945945342	25666	5353	0	0.089209333000000002
20260909	1349	uniform_accepted	35.742896769313667	-9.7837760527935309	14052	2980	0	0.043471292000000002
20260909	1349	upward_scan	58.92633852622324	7.7241355158290403	18556	3862	0	0.056822499999999998
20260909	1350	uniform_accepted	29.099416298898269	-23.119019793252455	10810	2256	0	0.034480833000000002
20260909	1350	upward_scan	65.231836273803466	13.670642049625608	20239	4229	0	0.063426542000000002
20260909	1351	uniform_accepted	29.563968291223389	-20.230365781214456	15750	3281	0	0.054926207999999997
20260909	1351	upward_scan	71.38287590698144	16.279954546071991	21995	4583	0	0.069446290999999993
20260909	1352	uniform_accepted	35.76376288533487	-12.36524791029551	12909	2708	0	0.042209542000000003
20260909	1352	upward_scan	77.823109927289863	20.310188933869753	23430	4869	0	0.064624249999999994
20260909	1353	uniform_accepted	41.67375859033659	-5.1348013279544347	15433	3159	0	0.045051791000000001
20260909	1353	upward_scan	61.203230908511003	10.89933623819277	20287	4233	0	0.062738625000000006
20260909	1354	uniform_accepted	29.839652992624707	-15.06086320650482	16542	3387	0	0.048284291999999999
20260909	1354	upward_scan	64.259266273292027	16.285539431673563	21848	4553	0	0.074591208000000006
20260909	1355	uniform_accepted	29.756340812956715	-21.404538645796546	14281	2951	0	0.048518458
20260909	1355	upward_scan	52.192087186278243	4.5963628202619216	16193	3386	0	0.049698458000000001
20260909	1356	uniform_accepted	32.087764158727992	-21.271101526848728	13715	2843	0	0.043018874999999998
20260909	1356	upward_scan	80.508784914868059	16.767674014313215	25849	5379	0	0.081294375000000002
20260909	1357	uniform_accepted	38.161875429737819	-11.08987150006686	13765	2874	0	0.038214125000000002
20260909	1357	upward_scan	64.537751000268457	8.8196174458200627	21007	4381	0	0.066842374999999996
20260909	1358	uniform_accepted	27.505891706110798	-22.466326857348374	11145	2327	0	0.031469542000000003
20260909	1358	upward_scan	67.678900767157486	15.391173445268743	22511	4691	0	0.076715916999999995
20260909	1359	uniform_accepted	39.216718191412518	-19.52947792001412	18454	3833	0	0.059282082999999999
20260909	1359	upward_scan	52.748709979293544	5.7755853009717129	17097	3583	0	0.055019417000000001
20260909	1360	uniform_accepted	33.329354552266317	-14.478996459366567	14505	3060	0	0.04366975
20260909	1360	upward_scan	74.323602100734192	15.402452506812663	23588	4922	0	0.075725958999999995
20260909	1361	uniform_accepted	39.135087172745116	-13.053219567302506	14300	2956	0	0.041220082999999998
20260909	1361	upward_scan	53.085539759836628	6.526602842714774	16909	3531	0	0.055013167000000002
20260909	1362	uniform_accepted	30.036176592634128	-18.154175775294345	14016	2811	0	0.041358875000000003
20260909	1362	upward_scan	68.035847567127007	15.701769708885932	23195	4827	0	0.082507499999999998
20260909	1363	uniform_accepted	39.389579361514869	-12.136864474434661	15034	3119	0	0.047042791
20260909	1363	upward_scan	67.467736019459409	16.414143107227858	20998	4375	0	0.068063709
20260909	1364	uniform_accepted	47.914370938049636	1.4812474008390804	17187	3551	0	0.047352749999999999
20260909	1364	upward_scan	47.946232104249255	-3.0090809794496063	14953	3129	0	0.046049040999999999
20260909	1365	uniform_accepted	31.061209516856803	-25.883960631981772	14378	3002	0	0.046198957999999998
20260909	1365	upward_scan	57.181683938084312	12.842986128347214	17459	3645	0	0.051217958000000001
20260909	1366	uniform_accepted	30.7362227174089	-14.263680082592956	13157	2734	0	0.039910459000000002
20260909	1366	upward_scan	66.759578453897248	13.557822321157499	21382	4456	0	0.064063791999999994
20260909	1367	uniform_accepted	31.601449416357635	-16.012917687589098	16575	3381	0	0.049925542000000003
20260909	1367	upward_scan	59.056457445259745	6.4712372186025746	18305	3830	0	0.055538207999999999
20260909	1368	uniform_accepted	25.608727537748521	-26.79581768126868	10985	2312	0	0.033106917
20260909	1368	upward_scan	79.424142575210439	17.947766820514403	25808	5377	0	0.077126291999999999
20260909	1369	uniform_accepted	36.850451809962735	-17.750249694525024	13187	2697	0	0.034907874999999998
20260909	1369	upward_scan	81.121221344311266	18.551210447695581	25038	5217	0	0.076823833999999994
20260909	1370	uniform_accepted	35.139435887206247	-9.000761405778487	13941	2900	0	0.042819125
20260909	1370	upward_scan	63.204506850039756	14.470551705529704	18920	3944	0	0.054240125
20260909	1371	uniform_accepted	22.494139226885636	-35.167726775586267	9873	2072	0	0.031706208999999999
20260909	1371	upward_scan	63.942669253392459	12.824861385497103	21394	4446	0	0.071933416999999999
20260909	1372	uniform_accepted	34.015499157858471	-13.121389021200986	14054	2934	0	0.042251749999999998
20260909	1372	upward_scan	66.491760260697944	13.694260805040214	22040	4573	0	0.070468917000000006
20260909	1373	uniform_accepted	28.950545441863181	-19.282005773854987	10837	2248	0	0.031372083000000002
20260909	1373	upward_scan	58.147486258298045	8.919407698133492	19633	4092	0	0.065658999999999995
20260909	1374	uniform_accepted	25.829043582033464	-23.889243395172631	11444	2357	0	0.037710708000000003
20260909	1374	upward_scan	65.020781149373491	7.9319751492147414	20823	4345	0	0.062352249999999998
20260909	1375	uniform_accepted	38.354822299629681	-9.8523477983608565	13304	2770	0	0.039602125000000002
20260909	1375	upward_scan	88.947929918961719	25.129531497958425	27323	5690	0	0.085936416000000002
20260909	1376	uniform_accepted	36.281595473880607	-20.71776492083988	14604	3031	0	0.044720999999999997
20260909	1376	upward_scan	76.959344180639789	15.953064388798504	22922	4783	0	0.070087708999999998
20260909	1377	uniform_accepted	27.489594545877914	-33.692315373218896	12607	2616	0	0.035901707999999997
20260909	1377	upward_scan	67.75276067061651	11.11656330872797	21110	4403	0	0.071725999999999998
20260909	1378	uniform_accepted	29.793708378910512	-20.921368158086214	12116	2498	0	0.037751624999999997
20260909	1378	upward_scan	71.778894859487849	15.376884666784475	25317	5258	0	0.086729125000000004
20260909	1379	uniform_accepted	33.67648338785979	-16.529868998099559	14513	3034	0	0.044659292000000003
20260909	1379	upward_scan	64.677861605172126	16.285140088873458	20989	4362	0	0.062441083000000001
20260909	1380	uniform_accepted	41.263844595974092	-12.48465356384377	14578	3053	0	0.038868708000000002
20260909	1380	upward_scan	74.756671242709018	17.035571541979252	23265	4857	0	0.073098082999999994
20260909	1381	uniform_accepted	32.625271083335328	-13.5814123999534	13617	2866	0	0.039285250000000001
20260909	1381	upward_scan	72.165451509912785	17.710086807498417	22543	4708	0	0.069855749999999994
20260909	1382	uniform_accepted	37.636871213485776	-7.2292757561833749	13819	2886	0	0.040226708
20260909	1382	upward_scan	70.94328229794553	17.783915890627341	23112	4815	0	0.066612832999999996
20260909	1383	uniform_accepted	36.141085551553175	-21.152213999073517	14246	2938	0	0.042974791999999998
20260909	1383	upward_scan	64.422735378291193	12.749971083793366	21010	4387	0	0.058867292000000002
20260909	1384	uniform_accepted	27.539250843710398	-22.589726286907979	14946	3097	0	0.045935833000000002
20260909	1384	upward_scan	60.421575479846418	10.139651458943316	18326	3827	0	0.050858624999999998
20260909	1385	uniform_accepted	29.078450691053721	-26.710853392427637	12102	2553	0	0.035080500000000001
20260909	1385	upward_scan	64.565173471558623	12.922248061534177	20624	4303	0	0.064631416999999997
20260909	1386	uniform_accepted	27.424379930928314	-18.0174296841633	11981	2517	0	0.038907125000000001
20260909	1386	upward_scan	67.872285832861309	16.304565488207963	23249	4844	0	0.077802333000000001
20260909	1387	uniform_accepted	36.073037771409716	-17.410657033475221	14571	2977	0	0.043615458000000003
20260909	1387	upward_scan	68.313689995593492	12.481506332427685	22483	4698	0	0.062591207999999995
20260909	1388	uniform_accepted	33.709424448334701	-14.512873943075352	13720	2916	0	0.043192166999999997
20260909	1388	upward_scan	77.059771725490066	22.038986994239679	23179	4820	0	0.061874708
20260909	1389	uniform_accepted	38.250760342453376	-14.114638288011321	13849	2888	0	0.043005709000000003
20260909	1389	upward_scan	57.967405289111596	8.153043171545642	18576	3869	0	0.052164833000000001
20260909	1390	uniform_accepted	33.756550990843458	-17.050292349799115	15258	3182	0	0.047783125000000003
20260909	1390	upward_scan	70.138418707390969	16.241594141668887	22716	4718	0	0.066841999999999999
20260909	1391	uniform_accepted	31.614420695739835	-19.488378152447819	15094	3127	0	0.049475291999999997
20260909	1391	upward_scan	81.905804042904151	18.372235807799051	24113	5024	0	0.065554500000000002
20260909	1392	uniform_accepted	29.068806326622251	-20.020297745455004	11939	2499	0	0.037073624999999999
20260909	1392	upward_scan	74.495583869739789	17.058246138137555	24685	5152	0	0.071715166999999996
20260909	1393	uniform_accepted	34.988685986640235	-18.389340230959085	15031	3076	0	0.044410375000000002
20260909	1393	upward_scan	64.976108349485955	13.952087809428363	19915	4158	0	0.050783415999999998
20260909	1394	uniform_accepted	45.182971328857427	-11.355561262672378	15906	3264	0	0.043819416999999999
20260909	1394	upward_scan	69.500054959534467	13.834922166286455	22943	4783	0	0.068903375000000003
20260909	1395	uniform_accepted	32.807294620737807	-19.517017887697808	13223	2735	0	0.036774042
20260909	1395	upward_scan	65.462698037072272	14.510213651164099	20062	4173	0	0.056292834
20260909	1396	uniform_accepted	36.386673238438455	-10.906889707360317	15155	3217	0	0.043835249999999999
20260909	1396	upward_scan	67.765756608590721	14.785608602800158	20566	4299	0	0.059527999999999998
20260909	1397	uniform_accepted	31.56231168755378	-21.122581544568103	13563	2806	0	0.039544915999999999
20260909	1397	upward_scan	71.736973805445473	14.134952816461851	22991	4799	0	0.065708708000000005
20260909	1398	uniform_accepted	36.369944834501318	-20.365179458971216	14763	3041	0	0.047702542000000001
20260909	1398	upward_scan	77.212431165042815	16.99465683694633	22646	4719	0	0.070853957999999995
20260909	1399	uniform_accepted	37.458079957108097	-22.810876634219859	16209	3378	0	0.052835791999999999
20260909	1399	upward_scan	62.916299202055804	10.901174734912992	21497	4476	0	0.065607750000000006
20260909	1400	uniform_accepted	35.122530980488307	-18.655540704078913	15148	3136	0	0.045934999999999997
20260909	1400	upward_scan	70.355628230196913	15.947549459269434	21065	4398	0	0.060717624999999997
20260909	1401	uniform_accepted	29.015498448132149	-14.92885534925801	12385	2558	0	0.035845166999999997
20260909	1401	upward_scan	68.156784303401707	17.706690275472358	20665	4299	0	0.060477416999999999
20260909	1402	uniform_accepted	34.682163529540915	-22.491145641063046	14354	2910	0	0.041319624999999999
20260909	1402	upward_scan	69.754191726951575	17.796108961871827	22011	4583	0	0.062963167
20260909	1403	uniform_accepted	38.902733771714217	-12.009113151926991	18573	3833	0	0.058355790999999997
20260909	1403	upward_scan	72.172560214500479	16.940863747995305	21482	4469	0	0.062584500000000001
20260909	1404	uniform_accepted	39.8302294398435	-11.34403826981424	15683	3243	0	0.043366583
20260909	1404	upward_scan	62.605657199218165	13.204338680220218	19892	4150	0	0.053844666999999999
20260909	1405	uniform_accepted	42.597688611701827	-6.1361866502490319	15684	3238	0	0.044715958
20260909	1405	upward_scan	71.75027234121653	15.336974302062778	20687	4308	0	0.049809917000000002
20260909	1406	uniform_accepted	39.954063762375974	-12.057252808255193	19210	3967	0	0.054865957999999999
20260909	1406	upward_scan	71.391221593954356	14.838844784342463	22923	4777	0	0.065252375000000001
20260909	1407	uniform_accepted	28.751326327812297	-22.685572878006496	13259	2756	0	0.039693125000000003
20260909	1407	upward_scan	62.696202625530589	5.1023766838927243	19907	4152	0	0.060444540999999997
20260909	1408	uniform_accepted	33.58177736256836	-15.649912248073862	16559	3411	0	0.047933207999999998
20260909	1408	upward_scan	78.394110910605789	17.765420658697828	23180	4833	0	0.063129208000000006
20260909	1409	uniform_accepted	33.906479757997353	-15.741474937740552	12176	2533	0	0.034387959000000003
20260909	1409	upward_scan	58.347636110670514	10.18667117998686	17288	3615	0	0.048379999999999999
20260909	1410	uniform_accepted	27.712334046756737	-26.703047475572674	12138	2561	0	0.039461375
20260909	1410	upward_scan	74.808452755675361	11.912035163546653	22182	4622	0	0.062081791999999997
20260909	1411	uniform_accepted	35.324017930588397	-10.91137535509087	15374	3176	0	0.048396874999999999
20260909	1411	upward_scan	70.15073301390764	14.097158104726944	22206	4609	0	0.065350375000000002
20260909	1412	uniform_accepted	22.741786231062783	-28.425010805839062	10835	2283	0	0.028368333999999999
20260909	1412	upward_scan	77.859804010125515	18.962984888258159	24108	5019	0	0.070833124999999997
20260909	1413	uniform_accepted	37.903554271117798	-12.037323707039807	13401	2792	0	0.033404625
20260909	1413	upward_scan	58.179644903664418	4.6513211892709352	16491	3433	0	0.048468417
20260909	1414	uniform_accepted	34.97754100493438	-14.126406585754573	16934	3474	0	0.050486875000000001
20260909	1414	upward_scan	60.787366791701139	13.781059264893674	18132	3776	0	0.048521957999999997
20260909	1415	uniform_accepted	28.149197947651349	-24.816393664800888	11833	2473	0	0.031471499999999999
20260909	1415	upward_scan	77.814386106531884	19.983353400523701	22916	4771	0	0.068323582999999993
20260909	1416	uniform_accepted	34.804111957575593	-21.754319033182561	15936	3350	0	0.050166583000000001
20260909	1416	upward_scan	59.339306703254714	11.057637241533669	17967	3746	0	0.052101459000000003
20260909	1417	uniform_accepted	37.233222489991711	-12.032683472264846	14805	3082	0	0.042995958000000001
20260909	1417	upward_scan	81.448970598145038	22.961372680289099	25772	5367	0	0.075540125
20260909	1418	uniform_accepted	36.703452553206624	-9.1137665224846067	12764	2617	0	0.035557790999999998
20260909	1418	upward_scan	63.213525880889719	12.680333126814725	20901	4347	0	0.058975166000000002
20260909	1419	uniform_accepted	32.889773429668416	-16.877216840934693	11984	2491	0	0.029797082999999999
20260909	1419	upward_scan	70.362169286857466	16.730384904018415	21191	4419	0	0.059913500000000001
20260909	1420	uniform_accepted	38.273835456741402	-15.689035235252714	15125	3195	0	0.045751750000000001
20260909	1420	upward_scan	59.248778003587766	7.2417643583574645	18903	3945	0	0.055713749999999999
20260909	1421	uniform_accepted	34.662491483010442	-21.210491087275713	16007	3362	0	0.047470666000000002
20260909	1421	upward_scan	70.496403919663706	14.92301790423822	22635	4710	0	0.063768624999999995
20260909	1422	uniform_accepted	29.190031331394909	-24.821914679700878	13130	2728	0	0.035686374999999999
20260909	1422	upward_scan	60.487157724920898	12.000806857736332	19494	4074	0	0.055643249999999998
20260909	1423	uniform_accepted	37.651837363945965	-16.514970948870836	12735	2647	0	0.034428291999999999
20260909	1423	upward_scan	93.670459392299094	25.890898388318153	27759	5800	0	0.079487708000000004
20260909	1424	uniform_accepted	28.050461803465186	-23.836075199292353	11653	2413	0	0.031314957999999997
20260909	1424	upward_scan	68.637220374780512	14.005159356410037	20549	4280	0	0.055400417
20260909	1425	uniform_accepted	29.887582964102236	-16.874824849691624	14116	2831	0	0.037872916999999999
20260909	1425	upward_scan	55.605808870013533	11.366210648003413	17522	3648	0	0.048543749999999997
20260909	1426	uniform_accepted	33.510185341685926	-20.322091473043759	15493	3274	0	0.046768166999999999
20260909	1426	upward_scan	52.781519846391326	0.71599289632208463	17072	3561	0	0.053198374999999999
20260909	1427	uniform_accepted	29.926174838985222	-14.534144081988771	12798	2663	0	0.034146542000000002
20260909	1427	upward_scan	78.172363743817712	18.288716222721831	25954	5428	0	0.079413333000000003
20260909	1428	uniform_accepted	34.673227770811799	-13.473770577670216	14273	2971	0	0.044626167000000001
20260909	1428	upward_scan	61.739334612396242	12.852699460788608	20166	4192	0	0.060047707999999998
20260909	1429	uniform_accepted	35.213648920635258	-11.759338615653418	13134	2676	0	0.037637375000000001
20260909	1429	upward_scan	74.18550741176314	16.481227951134528	24132	5029	0	0.069386332999999994
20260909	1430	uniform_accepted	27.419644799915272	-22.969872788034209	13114	2631	0	0.036645625000000001
20260909	1430	upward_scan	69.712467138782102	16.329330872146254	19490	4064	0	0.050276374999999998
20260909	1431	uniform_accepted	31.731682910383768	-19.719831953238067	15353	3256	0	0.044163165999999997
20260909	1431	upward_scan	75.885663285127109	14.859980496282253	21640	4500	0	0.070761000000000004
20260909	1432	uniform_accepted	20.860389967076014	-27.722079927188389	12132	2508	0	0.047710665999999999
20260909	1432	upward_scan	71.254601771819594	15.526834728905195	24045	4998	0	0.074097499999999997
20260909	1433	uniform_accepted	32.759750675966288	-20.8144891559601	13302	2733	0	0.034431415999999999
20260909	1433	upward_scan	61.386110633574958	13.431413806457895	19117	4005	0	0.055139417000000003
20260909	1434	uniform_accepted	28.475154551827831	-19.897498956200277	13408	2770	0	0.040232625000000001
20260909	1434	upward_scan	70.652414676682056	16.414750848997453	23594	4915	0	0.061977292000000003
20260909	1435	uniform_accepted	36.306701852532562	-11.909363300088305	14842	3070	0	0.042315458
20260909	1435	upward_scan	75.088866819022968	16.969287576196546	25583	5327	0	0.079291249999999994
20260909	1436	uniform_accepted	34.364012242178831	-22.691911060169407	16305	3401	0	0.046888082999999997
20260909	1436	upward_scan	55.562812087571217	9.0839975616359272	16636	3467	0	0.043848125000000002
20260909	1437	uniform_accepted	36.609531426204633	-23.581705257132676	15131	3135	0	0.040072583000000002
20260909	1437	upward_scan	65.361873180353214	10.966859739539382	20653	4315	0	0.057177791999999998
20260909	1438	uniform_accepted	24.993580883490097	-30.606727446704028	13014	2732	0	0.036457375
20260909	1438	upward_scan	70.507352206351001	19.757242883794554	22984	4778	0	0.063935375000000003
20260909	1439	uniform_accepted	40.01408480127732	-9.1606461058237834	15652	3269	0	0.042037791999999997
20260909	1439	upward_scan	68.980920078940102	17.591225555268149	21123	4404	0	0.059701916000000001
20260909	1440	uniform_accepted	33.679557108221537	-16.785588187166567	13938	2930	0	0.040765500000000003
20260909	1440	upward_scan	60.337826491101808	11.189579362974522	19413	4052	0	0.059855875000000003
20260909	1441	uniform_accepted	30.203300585876899	-22.595998126418127	13901	2856	0	0.040299791000000001
20260909	1441	upward_scan	75.24813649819103	18.30333246649981	24069	5010	0	0.068343042000000007
20260909	1442	uniform_accepted	34.465612610876413	-17.127586915351401	11688	2522	0	0.037337875
20260909	1442	upward_scan	63.947088407642759	13.174864912343928	20082	4176	0	0.052654417000000002
20260909	1443	uniform_accepted	27.041298938904674	-29.118280651784243	11884	2472	0	0.034613084000000002
20260909	1443	upward_scan	61.536062079090065	11.337934361673794	19923	4142	0	0.058097666999999999
20260909	1444	uniform_accepted	35.353520302792184	-16.369018559941377	15324	3187	0	0.044263333000000002
20260909	1444	upward_scan	74.917329862463419	18.017433031008217	24702	5149	0	0.071817375000000003
20260909	1445	uniform_accepted	20.702014172842055	-36.055342663286005	12501	2587	0	0.034852542
20260909	1445	upward_scan	52.270902594812796	4.2553187333584814	15395	3206	0	0.038870707999999997
20260909	1446	uniform_accepted	28.241719035034691	-28.743627729391761	13421	2881	0	0.037840291999999998
20260909	1446	upward_scan	63.239010447579062	10.462313365539458	19802	4114	0	0.054129707999999999
20260909	1447	uniform_accepted	33.640590249518453	-21.8071276415344	16387	3366	0	0.044220333000000001
20260909	1447	upward_scan	69.067367143584079	16.572933803763561	21365	4443	0	0.061830000000000003
20260909	1448	uniform_accepted	29.337401333571226	-24.83074181144049	12348	2586	0	0.037422583000000002
20260909	1448	upward_scan	67.487111905458335	16.805799225875933	18704	3899	0	0.049022833000000002
20260909	1449	uniform_accepted	29.316209472696475	-24.231981214558228	12332	2572	0	0.033265041000000002
20260909	1449	upward_scan	49.858835481626876	3.4319345437515731	16093	3358	0	0.043001541999999997
20260909	1450	uniform_accepted	28.823060881972069	-22.653638687917063	10957	2279	0	0.030171875000000001
20260909	1450	upward_scan	79.030216773786805	18.218608904731365	24375	5085	0	0.066094791
20260909	1451	uniform_accepted	26.548406646950728	-24.336578434888562	14248	3074	0	0.040410042
20260909	1451	upward_scan	66.766317151873423	7.1653301228427893	19475	4055	0	0.051108624999999998
20260909	1452	uniform_accepted	32.744529008690328	-21.978253990837228	13268	2757	0	0.037413916999999998
20260909	1452	upward_scan	69.449132929294876	13.514928148221829	21511	4468	0	0.060222458999999999
20260909	1453	uniform_accepted	30.358075565606288	-20.527613512181521	12446	2562	0	0.034114584000000003
20260909	1453	upward_scan	66.737041950705091	14.888183848477068	21072	4391	0	0.056596124999999997
20260909	1454	uniform_accepted	43.598993022737353	-3.8126626526081759	15388	3200	0	0.043371208000000001
20260909	1454	upward_scan	65.370051741732041	14.497080469560116	20456	4268	0	0.060439582999999998
20260909	1455	uniform_accepted	46.480964136749741	-8.33311297545416	16698	3470	0	0.048100583000000002
20260909	1455	upward_scan	58.096376824091799	12.413345269846875	18731	3910	0	0.052879833000000001
20260909	1456	uniform_accepted	38.663456553150333	-14.207952918108422	14870	3148	0	0.044149041999999999
20260909	1456	upward_scan	67.085669453636015	13.858924925898297	20222	4206	0	0.052994209
20260909	1457	uniform_accepted	44.70283741517968	-1.8847465761050506	15465	3211	0	0.042101582999999998
20260909	1457	upward_scan	63.857415595101671	9.3268408911657215	20401	4254	0	0.061282292000000002
20260909	1458	uniform_accepted	38.762494671199242	-11.972210229360984	15954	3311	0	0.044065374999999997
20260909	1458	upward_scan	58.063326881422157	6.2550796295200675	20192	4203	0	0.061773042
20260909	1459	uniform_accepted	35.498709759942564	-18.86615900777651	13448	2819	0	0.039257959000000002
20260909	1459	upward_scan	75.096025437993646	17.115604630341558	23111	4829	0	0.064176082999999995
20260909	1460	uniform_accepted	23.1789411172287	-28.226105354740454	11431	2400	0	0.0296685
20260909	1460	upward_scan	79.81420763261022	18.761534795861404	26941	5606	0	0.078193042000000004
20260909	1461	uniform_accepted	36.796034742883911	-19.463565808576799	13333	2774	0	0.039374874999999997
20260909	1461	upward_scan	65.04071670012614	12.409403444747088	18237	3806	0	0.046293292
20260909	1462	uniform_accepted	32.82491914311565	-20.824032246031773	11701	2469	0	0.030114833000000001
20260909	1462	upward_scan	60.343151818922856	12.266479935802231	18468	3851	0	0.051889457999999999
20260909	1463	uniform_accepted	41.742204493340608	-6.1904789394131692	13464	2734	0	0.034958458999999997
20260909	1463	upward_scan	61.519839984180756	11.258194086553221	19134	3984	0	0.054494624999999998
20260909	1464	uniform_accepted	33.683744172890123	-12.399028953508296	13721	2812	0	0.036651375
20260909	1464	upward_scan	62.807194951759108	13.781272939629689	20011	4165	0	0.056349042000000002
20260909	1465	uniform_accepted	36.682688833688211	-12.14904673910983	13654	2868	0	0.037820833999999998
20260909	1465	upward_scan	69.220941742892535	16.863062415219318	19469	4045	0	0.054838958
20260909	1466	uniform_accepted	26.544545468181745	-18.336565950395602	13774	2818	0	0.040260042000000003
20260909	1466	upward_scan	71.767609526153947	16.50454318335817	22059	4586	0	0.064772833000000002
20260909	1467	uniform_accepted	38.002260200827727	-20.854441828764671	14534	3060	0	0.040076291
20260909	1467	upward_scan	59.662937059389456	11.948856774732139	19209	4004	0	0.051110584000000001
20260909	1468	uniform_accepted	47.50543635502747	-8.8187491513459673	18688	3868	0	0.052967541999999999
20260909	1468	upward_scan	58.385885880006967	9.1604196756666916	19591	4088	0	0.052119375000000003
20260909	1469	uniform_accepted	33.756388040169433	-12.38212694191078	15883	3348	0	0.041772499999999997
20260909	1469	upward_scan	72.248511474811281	15.260228141335205	20909	4355	0	0.055779000000000002
20260909	1470	uniform_accepted	37.944540915652752	-23.386634962073757	14988	3049	0	0.041212541999999998
20260909	1470	upward_scan	53.30688625087847	7.6245160435021448	17578	3660	0	0.050508125000000001
20260909	1471	uniform_accepted	28.42561018134349	-14.834068464290915	13120	2743	0	0.036955416999999997
20260909	1471	upward_scan	53.639472723090961	8.986702342631153	16219	3393	0	0.044771834000000003
20260909	1472	uniform_accepted	29.493112765072055	-23.946391791909019	16016	3395	0	0.047821291000000002
20260909	1472	upward_scan	67.586640299749149	16.086254549133891	19377	4043	0	0.051143958000000003
20260909	1473	uniform_accepted	37.13946415386517	-15.97604246905102	13951	2929	0	0.033724458999999998
20260909	1473	upward_scan	66.101397176180669	12.304657527447304	19769	4110	0	0.050539458000000002
20260909	1474	uniform_accepted	38.924179222065497	-8.5705798915125975	13144	2755	0	0.033140457999999998
20260909	1474	upward_scan	64.410551092635856	14.62726337449015	19398	4023	0	0.055958459000000002
20260909	1475	uniform_accepted	35.468893195063913	-22.162066966856045	14722	3098	0	0.039414499999999998
20260909	1475	upward_scan	77.376634759083643	19.520451901845892	22975	4788	0	0.061988042
20260909	1476	uniform_accepted	44.249358557689888	-11.778346311959679	15266	3197	0	0.0436005
20260909	1476	upward_scan	80.120057187452375	17.768831664337121	23933	4994	0	0.067438417000000001
20260909	1477	uniform_accepted	26.682234721106493	-23.36030728474115	12495	2644	0	0.037476166999999998
20260909	1477	upward_scan	66.481514498681904	13.303182735805445	20498	4285	0	0.054798791999999999
20260909	1478	uniform_accepted	29.913070872101279	-23.985305262702365	13225	2746	0	0.035658915999999999
20260909	1478	upward_scan	63.028023401827106	9.1589793742542174	20697	4307	0	0.060400791000000002
20260909	1479	uniform_accepted	27.654140315669043	-25.73750599239067	11543	2437	0	0.031295916
20260909	1479	upward_scan	57.593597511459635	8.9387161750700628	17831	3722	0	0.051181667
20260909	1480	uniform_accepted	26.743298691804121	-28.423346406123073	12375	2554	0	0.036489791000000001
20260909	1480	upward_scan	68.564373546569328	17.892267588499124	21673	4514	0	0.061422791999999997
20260909	1481	uniform_accepted	28.798667895955873	-20.636373945450213	14480	3013	0	0.041743166999999998
20260909	1481	upward_scan	59.500536658964826	7.9774959511728118	18318	3821	0	0.051780582999999998
20260909	1482	uniform_accepted	39.152168654871353	-15.144734761976348	14106	2968	0	0.038014125000000003
20260909	1482	upward_scan	74.035278096383024	19.278965256952453	23644	4928	0	0.065784833000000001
20260909	1483	uniform_accepted	30.482977088018799	-19.779567353499875	14561	2957	0	0.038834415999999997
20260909	1483	upward_scan	62.584992849334775	11.385860130436265	19112	3968	0	0.049046833999999997
20260909	1484	uniform_accepted	29.032798708840481	-19.010674421441365	12900	2726	0	0.037779874999999997
20260909	1484	upward_scan	58.955754427737418	10.064049915816909	19108	3975	0	0.052042208999999999
20260909	1485	uniform_accepted	38.080811187394509	-6.4018782651396062	17549	3582	0	0.050553041999999999
20260909	1485	upward_scan	77.150156487479762	18.253522559668205	24603	5123	0	0.066746791999999999
20260909	1486	uniform_accepted	24.204214380079716	-29.569438783574501	10431	2175	0	0.029139083
20260909	1486	upward_scan	64.761048195996196	12.670275844564182	18790	3927	0	0.054302792000000003
20260909	1487	uniform_accepted	31.877869021983681	-23.770004034428467	16419	3402	0	0.049688541000000003
20260909	1487	upward_scan	61.703479272620562	10.483004043424387	17539	3668	0	0.050483459000000001
20260909	1488	uniform_accepted	27.111932851207843	-23.501243243279113	13524	2861	0	0.040779542000000002
20260909	1488	upward_scan	69.915533484227936	16.577125038169832	22118	4612	0	0.059219874999999998
20260909	1489	uniform_accepted	37.623978765510167	-14.777127476042985	14262	3004	0	0.039738583000000001
20260909	1489	upward_scan	61.848725140914375	13.618096879005432	19766	4129	0	0.055582125000000003
20260909	1490	uniform_accepted	32.621877008161782	-14.951452567244939	13873	2915	0	0.041534292
20260909	1490	upward_scan	55.655271845872043	7.3493316155805219	17955	3732	0	0.0482005
20260909	1491	uniform_accepted	26.957802871130049	-20.454888503973574	10932	2271	0	0.027275542
20260909	1491	upward_scan	51.897838136990103	8.3820680366338358	14160	2946	0	0.034334584000000001
20260909	1492	uniform_accepted	42.386166340165737	-8.8256021139998548	14099	2858	0	0.037458208
20260909	1492	upward_scan	68.96918381521732	17.44825473789464	21172	4415	0	0.054113292
20260909	1493	uniform_accepted	39.937922663715078	-9.125644764851387	14990	3165	0	0.038420291000000002
20260909	1493	upward_scan	74.865353878137995	19.873646223818735	23713	4932	0	0.065907542
20260909	1494	uniform_accepted	34.133658516180851	-15.887275288497571	13236	2771	0	0.037771375000000003
20260909	1494	upward_scan	67.034315732720486	16.417378259303703	19285	4023	0	0.048758042000000001
20260909	1495	uniform_accepted	35.417428908437209	-19.544083109129602	12265	2487	0	0.030390582999999999
20260909	1495	upward_scan	87.600224360062143	25.721243258712807	27297	5678	0	0.074131166999999998
20260909	1496	uniform_accepted	27.708702361220361	-21.473966950003899	16903	3573	0	0.049293833000000002
20260909	1496	upward_scan	72.90556385666909	16.295766213909609	23434	4886	0	0.063683666
20260909	1497	uniform_accepted	29.462697294489171	-22.925869730375503	13607	2850	0	0.036489750000000001
20260909	1497	upward_scan	57.616878028119608	9.518773000357978	17479	3642	0	0.052842458000000002
20260909	1498	uniform_accepted	31.032452570693344	-15.214757226464004	12094	2505	0	0.033790541
20260909	1498	upward_scan	60.7950297946295	13.269888924248324	18097	3778	0	0.089368832999999995
20260909	1499	uniform_accepted	27.455696074103646	-23.614156048317373	12338	2516	0	0.067755916999999999
20260909	1499	upward_scan	66.253557604116779	15.072171546465183	21120	4403	0	0.065176291999999997
20260909	1500	uniform_accepted	33.060369546068685	-23.147418615545579	15037	3126	0	0.044055125000000001
20260909	1500	upward_scan	60.343205506084821	4.0108231238125498	18456	3838	0	0.048080334000000002
20260909	1501	uniform_accepted	28.641092874278883	-22.060214422655982	13562	2880	0	0.039244000000000001
20260909	1501	upward_scan	77.044782891509229	18.482651585000117	22828	4759	0	0.062874625000000003
20260909	1502	uniform_accepted	32.147969775125773	-18.61028121342833	13970	2920	0	0.041450124999999997
20260909	1502	upward_scan	70.271750161397804	18.633337300930325	20737	4325	0	0.06230575
20260909	1503	uniform_accepted	21.749881507887203	-25.593763858719239	11355	2376	0	0.033109959000000001
20260909	1503	upward_scan	62.472567733690312	10.792972809145004	18812	3923	0	0.050466875000000001
20260909	1504	uniform_accepted	29.025563826341067	-24.227387744487949	13889	2927	0	0.043001708
20260909	1504	upward_scan	66.177017453665144	11.29586351552895	19913	4147	0	0.056219249999999998
20260909	1505	uniform_accepted	38.924684813989288	-14.513271230746305	12996	2713	0	0.039235332999999997
20260909	1505	upward_scan	79.646075051080999	15.135326591317279	23629	4921	0	0.062851833999999995
20260909	1506	uniform_accepted	25.326134625513497	-25.254841725105628	11018	2285	0	0.032882874999999999
20260909	1506	upward_scan	80.076713061259355	16.603097589266621	24871	5189	0	0.067481333000000004
20260909	1507	uniform_accepted	36.360783054625578	-16.588589175181482	12906	2683	0	0.033582374999999998
20260909	1507	upward_scan	91.320858658241136	24.773406131333978	28319	5896	0	0.080433709000000006
20260909	1508	uniform_accepted	34.226919224159381	-22.726835268305468	13737	2811	0	0.037539333000000001
20260909	1508	upward_scan	53.234615647391621	8.1728368659864952	16261	3393	0	0.042314084000000002
20260909	1509	uniform_accepted	43.057334839221582	-5.9641517028647844	16043	3285	0	0.045866875000000001
20260909	1509	upward_scan	79.384939856884671	21.754170815650745	24110	5028	0	0.064413999999999999
20260909	1510	uniform_accepted	33.752716599487286	-24.729292434595074	14782	3090	0	0.041315625000000002
20260909	1510	upward_scan	75.391871815590562	19.523812560431118	22456	4666	0	0.055298582999999998
20260909	1511	uniform_accepted	31.377613280024441	-23.93051729406951	15044	3119	0	0.039447957999999998
20260909	1511	upward_scan	71.854222475442953	14.177024246858842	23023	4814	0	0.066476499999999994
20260909	1512	uniform_accepted	30.828650271169277	-18.143999982506124	12658	2644	0	0.034763750000000003
20260909	1512	upward_scan	68.024815382331582	15.027436160432776	21525	4478	0	0.061922584000000003
20260909	1513	uniform_accepted	25.799514208686258	-27.594031579206252	13039	2790	0	0.038711415999999998
20260909	1513	upward_scan	63.026643903926441	14.1817868596121	20925	4348	0	0.065801374999999995
20260909	1514	uniform_accepted	25.443449383555439	-25.843372470166461	13408	2823	0	0.037159625000000002
20260909	1514	upward_scan	62.263790471448488	9.2691460123661784	18720	3903	0	0.047311084000000003
20260909	1515	uniform_accepted	37.913813586430464	-15.527599637670109	15395	3147	0	0.041416916999999998
20260909	1515	upward_scan	78.602670616631485	21.524443201070532	22572	4716	0	0.05764325
20260909	1516	uniform_accepted	33.085908592133329	-19.971240075409625	16934	3502	0	0.051628958000000003
20260909	1516	upward_scan	78.921677045330824	19.433379879676309	24943	5206	0	0.067945541999999998
20260909	1517	uniform_accepted	30.60892012388716	-21.625378859135335	13446	2783	0	0.037497834000000001
20260909	1517	upward_scan	64.510121386725388	15.584377545226692	21232	4416	0	0.060103249999999997
20260909	1518	uniform_accepted	30.841521849134331	-19.472896629904003	13504	2775	0	0.038579000000000002
20260909	1518	upward_scan	77.844339292323312	18.541104533363697	22210	4640	0	0.056935416000000003
20260909	1519	uniform_accepted	25.795887338089116	-25.051941302002302	9958	2089	0	0.027062916999999999
20260909	1519	upward_scan	55.684513259571574	6.7947956084287497	16874	3504	0	0.048814208999999997
20260909	1520	uniform_accepted	38.001669137629506	-20.826832493232821	15715	3232	0	0.046144499999999998
20260909	1520	upward_scan	58.926937023357908	9.4008007191404754	19139	4002	0	0.051596457999999998
20260909	1521	uniform_accepted	43.436716495972647	-12.379793023614328	17190	3539	0	0.049947040999999998
20260909	1521	upward_scan	59.292301724092404	11.55916680776985	19160	4000	0	0.051223540999999997
20260909	1522	uniform_accepted	41.172574018254402	-11.486733773688602	19121	3966	0	0.052778125000000002
20260909	1522	upward_scan	65.084946296388864	14.19898363123375	19821	4127	0	0.053293624999999997
20260909	1523	uniform_accepted	34.517399410277747	-15.128038371137386	13288	2760	0	0.039115625000000001
20260909	1523	upward_scan	66.215223482266012	15.23882584604816	18888	3944	0	0.049092083000000002
20260909	1524	uniform_accepted	40.205299562206598	-15.150252501178443	15541	3181	0	0.044129791000000002
20260909	1524	upward_scan	75.519815204449188	18.905307455564806	22888	4773	0	0.064495834000000002
20260909	1525	uniform_accepted	40.198093717608963	-6.8742533233776211	14615	3058	0	0.042509208
20260909	1525	upward_scan	56.309937532660953	8.7590245154803199	17501	3649	0	0.048046666000000002
20260909	1526	uniform_accepted	26.61207767953665	-31.834699533054803	13844	2915	0	0.038298332999999997
20260909	1526	upward_scan	84.900497072121638	22.054681234019714	27136	5646	0	0.074287624999999996
20260909	1527	uniform_accepted	30.218669081835525	-28.628816367560184	15047	3129	0	0.039296375000000001
20260909	1527	upward_scan	63.12321064858299	12.322508043509934	21115	4390	0	0.057950833
20260909	1528	uniform_accepted	24.462110199269834	-33.210738912809241	13022	2713	0	0.038942917000000001
20260909	1528	upward_scan	56.949156466674211	8.2385101058499668	19633	4093	0	0.054547584000000003
20260909	1529	uniform_accepted	38.923465239076322	-16.680309367789722	13629	2836	0	0.038621833000000001
20260909	1529	upward_scan	59.090758889852914	11.064035910725933	17578	3667	0	0.043400542
20260909	1530	uniform_accepted	25.237156816300363	-27.856612986965004	11502	2388	0	0.028579917
20260909	1530	upward_scan	79.436016310236965	22.700018071245239	23234	4832	0	0.064874374999999998
20260909	1531	uniform_accepted	30.587167857926755	-18.575025450806788	15266	3098	0	0.040402917000000003
20260909	1531	upward_scan	57.01572841110039	5.6698861378695478	16881	3539	0	0.043757084000000002
20260909	1532	uniform_accepted	32.375066632471395	-23.447928664612945	13619	2822	0	0.038192792000000003
20260909	1532	upward_scan	62.01389521735976	11.777594251518799	18870	3932	0	0.058104250000000003
20260909	1533	uniform_accepted	29.982093527442252	-22.587931943212855	14749	3089	0	0.044036249999999999
20260909	1533	upward_scan	58.273577335679541	7.7543163548709355	17020	3545	0	0.044223958000000001
20260909	1534	uniform_accepted	36.029505269885867	-16.92184444610638	14610	3096	0	0.040216541000000001
20260909	1534	upward_scan	73.394603827096006	14.527381757807898	26406	5509	0	0.081386208000000002
20260909	1535	uniform_accepted	40.399331252948407	-8.7835805332180037	16687	3463	0	0.045988374999999998
20260909	1535	upward_scan	75.676068450941614	17.700618110267378	22436	4675	0	0.064065667000000007
20260909	1536	uniform_accepted	33.481052048955505	-15.186369812974824	13927	2918	0	0.038981124999999998
20260909	1536	upward_scan	58.628905901012381	11.855664503173328	18368	3833	0	0.054798375000000003
20260909	1537	uniform_accepted	38.967992176297813	-13.728621877209463	14542	3025	0	0.040035833999999999
20260909	1537	upward_scan	60.623443624145914	10.63846410119816	19342	4043	0	0.051611207999999999
20260909	1538	uniform_accepted	35.462591513923812	-8.9815467605129413	13521	2799	0	0.038421999999999998
20260909	1538	upward_scan	61.588977806051133	7.5960982441354012	18838	3916	0	0.056403124999999998
20260909	1539	uniform_accepted	36.761949950394879	-10.825151776493623	13394	2784	0	0.036208540999999997
20260909	1539	upward_scan	68.646215010288415	12.288068094802012	23116	4819	0	0.070065541999999995
20260909	1540	uniform_accepted	35.652399644086167	-16.142433875898128	13405	2801	0	0.035586582999999998
20260909	1540	upward_scan	56.480853230714651	7.2006122831650003	15518	3238	0	0.041682291000000003
20260909	1541	uniform_accepted	47.458329955687475	-0.12822431465159931	18699	3846	0	0.054638458000000001
20260909	1541	upward_scan	80.611638990898683	22.633570086410554	27066	5633	0	0.073617749999999996
20260909	1542	uniform_accepted	38.800958551236512	-9.9186613038383999	13387	2738	0	0.037503834
20260909	1542	upward_scan	73.395923746461406	18.857947625160705	21065	4391	0	0.054032249999999997
20260909	1543	uniform_accepted	36.889472178928656	-10.220041024892927	17650	3634	0	0.048221958000000002
20260909	1543	upward_scan	77.444114451494116	19.056932832722214	22720	4737	0	0.057121667000000001
20260909	1544	uniform_accepted	35.428474844311879	-18.256104324714531	16225	3380	0	0.040620584000000001
20260909	1544	upward_scan	53.10811958719782	7.6872095378544492	16716	3477	0	0.046976042000000003
20260909	1545	uniform_accepted	40.895473637297549	-10.18900107068481	16722	3427	0	0.048027874999999998
20260909	1545	upward_scan	62.22260985304527	8.7564728439923361	20204	4221	0	0.055663833000000003
20260909	1546	uniform_accepted	30.79991322614136	-19.804527340286874	12837	2685	0	0.032988957999999999
20260909	1546	upward_scan	69.639867701474486	14.300307044772694	21386	4447	0	0.058763915999999999
20260909	1547	uniform_accepted	41.356690626531737	-12.667514539223342	14180	2939	0	0.040314958999999997
20260909	1547	upward_scan	61.982992060670391	14.481874604793239	18858	3934	0	0.048524083000000003
20260909	1548	uniform_accepted	35.105727377401884	-14.009411155872222	15219	3117	0	0.041484291
20260909	1548	upward_scan	83.357143025533418	19.788036099227021	25641	5336	0	0.067431124999999995
20260909	1549	uniform_accepted	40.934623148434881	-14.461546773440787	13017	2748	0	0.036532874999999999
20260909	1549	upward_scan	63.373259639099906	13.638652846911601	19849	4150	0	0.051459207999999999
20260909	1550	uniform_accepted	41.950091679079165	-11.227651708558522	12884	2695	0	0.031249415999999999
20260909	1550	upward_scan	62.911325092109678	11.65067848905897	20879	4344	0	0.059707666999999999
20260909	1551	uniform_accepted	33.777268098780972	-20.687947271641548	13458	2772	0	0.036355958000000001
20260909	1551	upward_scan	73.095754115090159	15.662236084251481	20869	4351	0	0.057431749999999997
20260909	1552	uniform_accepted	36.252361156181408	-13.58206583885924	14075	2996	0	0.040534415999999997
20260909	1552	upward_scan	60.938008310750135	10.102124482160251	20497	4266	0	0.062010583000000001
20260909	1553	uniform_accepted	31.974407440444296	-19.841640063866947	13315	2722	0	0.036176624999999997
20260909	1553	upward_scan	65.060191498759451	10.411201132264916	19906	4152	0	0.053829665999999998
20260909	1554	uniform_accepted	40.881588265584156	-16.770699411446785	14010	2900	0	0.037363083999999998
20260909	1554	upward_scan	68.365163005856559	17.027971236419834	22503	4702	0	0.063720750000000007
20260909	1555	uniform_accepted	53.612537483168055	-3.5596375730540206	18519	3885	0	0.050966499999999998
20260909	1555	upward_scan	55.596399263405203	9.1803254175658537	17318	3593	0	0.048290082999999998
20260909	1556	uniform_accepted	24.771801105799643	-25.833108992529557	16338	3417	0	0.050256000000000002
20260909	1556	upward_scan	75.769297356415791	18.571301339282762	20412	4252	0	0.050271125
20260909	1557	uniform_accepted	35.844669204307721	-12.807269202088669	17227	3617	0	0.048443167000000002
20260909	1557	upward_scan	65.414332860122073	11.638235956746556	18732	3915	0	0.048208292
20260909	1558	uniform_accepted	34.807730275409334	-21.671501363941427	14989	3148	0	0.038214249999999998
20260909	1558	upward_scan	79.91610599380995	19.441898734340434	23766	4955	0	0.060012416999999998
20260909	1559	uniform_accepted	37.577942757633664	-9.6235680474085292	16671	3398	0	0.047203000000000002
20260909	1559	upward_scan	70.299055043406653	12.323175892754985	22189	4613	0	0.059596999999999997
20260909	1560	uniform_accepted	25.688508720984728	-30.721777999128854	12276	2512	0	0.032235125000000003
20260909	1560	upward_scan	68.876726513370315	14.738277140138164	22423	4666	0	0.067575291999999995
20260909	1561	uniform_accepted	43.726848381627583	-12.419697054200192	15783	3295	0	0.047964374999999997
20260909	1561	upward_scan	74.493386364460406	19.719418574242795	23246	4847	0	0.064161916999999999
20260909	1562	uniform_accepted	44.187751158264348	-5.5073075272803838	15744	3259	0	0.042200166999999997
20260909	1562	upward_scan	69.206660461851243	15.049027137611111	22371	4661	0	0.064083666999999997
20260909	1563	uniform_accepted	35.172551488479172	-18.543611831006245	17759	3722	0	0.050839207999999997
20260909	1563	upward_scan	64.198563134882221	11.789152444234267	20444	4254	0	0.055095666000000001
20260909	1564	uniform_accepted	36.276591033936832	-15.549444474379285	14685	3050	0	0.041449333999999997
20260909	1564	upward_scan	67.555745653943433	14.419876537187564	21209	4430	0	0.058794084000000003
20260909	1565	uniform_accepted	26.069129570874779	-27.495824680294795	11564	2393	0	0.0311455
20260909	1565	upward_scan	76.058437450795253	14.833014277689553	23786	4965	0	0.069476250000000003
20260909	1566	uniform_accepted	35.329470314201295	-14.457057949896726	13561	2802	0	0.034863167
20260909	1566	upward_scan	65.643228856528452	12.898169217961012	21380	4467	0	0.061689874999999998
20260909	1567	uniform_accepted	36.092142610759623	-15.009678444835826	13767	2845	0	0.037597791999999998
20260909	1567	upward_scan	47.052080516695078	-1.2154990892524533	14770	3076	0	0.043536790999999998
20260909	1568	uniform_accepted	32.185813092020894	-20.787180374080137	15269	3154	0	0.039275167
20260909	1568	upward_scan	48.644247999755528	5.5583725919845541	15346	3195	0	0.039082582999999997
20260909	1569	uniform_accepted	27.744504720909145	-33.614907624605038	13723	2857	0	0.037204874999999998
20260909	1569	upward_scan	57.404535573471648	8.3759873774374594	17470	3650	0	0.049809667000000002
20260909	1570	uniform_accepted	33.171458059349632	-14.650978739795079	17853	3665	0	0.049532040999999999
20260909	1570	upward_scan	75.814492692940107	19.555045496322851	22243	4632	0	0.057763374999999999
20260909	1571	uniform_accepted	25.293082361028432	-25.110646563807908	10993	2317	0	0.033162291000000003
20260909	1571	upward_scan	57.43569731642971	10.738928678925047	18530	3866	0	0.051375749999999998
20260909	1572	uniform_accepted	34.0639892574941	-13.686309032469968	14271	2991	0	0.040626542000000002
20260909	1572	upward_scan	61.774281548873041	13.240403759024005	18055	3774	0	0.051117625
20260909	1573	uniform_accepted	38.972073637651185	-11.5726995643215	17873	3731	0	0.056007041
20260909	1573	upward_scan	59.960474074519631	11.033070932570755	19298	4027	0	0.050813917
20260909	1574	uniform_accepted	34.259473329169282	-11.564020068300618	12471	2576	0	0.030222958000000001
20260909	1574	upward_scan	71.307093974237645	15.277050979205681	20481	4278	0	0.054221875000000003
20260909	1575	uniform_accepted	31.293997773899605	-9.8471710931873027	13409	2762	0	0.038040249999999998
20260909	1575	upward_scan	73.952115919599606	16.825569764807472	21570	4499	0	0.060694875000000002
20260909	1576	uniform_accepted	38.70290550872982	-16.580195901985618	15667	3266	0	0.048378167
20260909	1576	upward_scan	70.775237587002152	19.575240878901138	22702	4726	0	0.060987541999999999
20260909	1577	uniform_accepted	32.076916502549231	-18.600725592564459	13139	2734	0	0.032749917000000003
20260909	1577	upward_scan	69.732374485421872	16.562106332910513	23115	4822	0	0.065796667000000003
20260909	1578	uniform_accepted	36.315289333364746	-22.774337317927717	14322	3043	0	0.039209250000000001
20260909	1578	upward_scan	48.264862015346381	3.3849994533993399	13439	2794	0	0.033561708000000003
20260909	1579	uniform_accepted	42.554523476735959	-14.849549183738011	13165	2735	0	0.034881334
20260909	1579	upward_scan	74.602742952488441	16.745845307932441	21661	4515	0	0.054357833000000001
20260909	1580	uniform_accepted	34.572082003813335	-25.301522131906058	13968	2913	0	0.037227833000000002
20260909	1580	upward_scan	49.251408783629763	0.42735784632110974	17126	3572	0	0.053879458999999998
20260909	1581	uniform_accepted	39.04676897850598	-11.06043761941817	13778	2890	0	0.036352958999999997
20260909	1581	upward_scan	71.347928181726999	18.01903378724603	24902	5181	0	0.072282917000000002
20260909	1582	uniform_accepted	34.923230240748794	-15.454036062074849	13667	2822	0	0.04021425
20260909	1582	upward_scan	61.703964829289447	15.228761825550789	19190	4010	0	0.053233875
20260909	1583	uniform_accepted	38.341305698102872	-11.083317960245456	13269	2727	0	0.035631749999999997
20260909	1583	upward_scan	74.898586764197319	19.143911541953919	21794	4555	0	0.057027916999999997
20260909	1584	uniform_accepted	38.648763580835627	-16.02910082251254	15507	3255	0	0.044120209000000001
20260909	1584	upward_scan	73.691222226115812	14.858876998385798	24029	5003	0	0.061060000000000003
20260909	1585	uniform_accepted	39.13601118493748	-9.0552924175832423	15021	3133	0	0.040764916999999998
20260909	1585	upward_scan	70.528000638030818	17.381638663191541	22004	4585	0	0.060030458000000002
20260909	1586	uniform_accepted	30.122438857298647	-15.543678220913378	12644	2640	0	0.033230334
20260909	1586	upward_scan	63.308886795337536	12.496241153399209	19497	4051	0	0.052953958000000002
20260909	1587	uniform_accepted	33.573584049385126	-22.836663662005552	12860	2654	0	0.031693249999999999
20260909	1587	upward_scan	66.789240610685454	14.141541166603915	21173	4397	0	0.065204458000000007
20260909	1588	uniform_accepted	27.975090377343214	-23.298424052344966	12576	2567	0	0.039282375000000001
20260909	1588	upward_scan	74.195764664803704	19.42916121376501	23292	4832	0	0.070457167000000001
20260909	1589	uniform_accepted	35.75441659685778	-19.269097284077489	15999	3368	0	0.050420375000000003
20260909	1589	upward_scan	69.487482744555138	16.815831216459735	21923	4575	0	0.065517207999999993
20260909	1590	uniform_accepted	28.29030009653312	-25.840198568948924	11527	2414	0	0.032955958
20260909	1590	upward_scan	64.618735004469798	16.075081855632789	20349	4230	0	0.060085209000000001
20260909	1591	uniform_accepted	36.994399298747247	-14.663248403766667	14096	2949	0	0.039721708000000001
20260909	1591	upward_scan	58.982601835139519	10.843001993649382	17940	3734	0	0.051139834000000002
20260909	1592	uniform_accepted	30.965647326322991	-24.414564410822145	13705	2854	0	0.041398707999999999
20260909	1592	upward_scan	58.669314453535087	11.666766081274943	19315	4030	0	0.054245082999999999
20260909	1593	uniform_accepted	36.367856843590403	-12.945503215676487	13926	2918	0	0.036148333999999997
20260909	1593	upward_scan	62.58019270905902	15.156825412027915	19257	4013	0	0.050930999999999997
20260909	1594	uniform_accepted	35.892999664673646	-20.131773476119694	13808	2927	0	0.036951249999999998
20260909	1594	upward_scan	78.105235352715965	20.541966596773502	23272	4841	0	0.066747374999999998
20260909	1595	uniform_accepted	30.189308016661187	-11.887139824398862	11722	2470	0	0.036564917000000002
20260909	1595	upward_scan	49.645441838510791	6.4088304973537209	16216	3370	0	0.042591999999999998
20260909	1596	uniform_accepted	32.792885297003139	-25.90179337484399	12092	2493	0	0.032814292000000002
20260909	1596	upward_scan	75.515630705044032	19.660573756689356	24008	5003	0	0.068017083000000006
20260909	1597	uniform_accepted	36.508445693505429	-11.827133086384976	14572	3042	0	0.040420208999999999
20260909	1597	upward_scan	58.255725092368436	10.368202811697568	19286	4031	0	0.057765917
20260909	1598	uniform_accepted	30.332998061463467	-22.898952564792886	11629	2395	0	0.028828541999999999
20260909	1598	upward_scan	73.171574005103068	12.719944981542247	19893	4148	0	0.065559375000000003
20260909	1599	uniform_accepted	33.635917610492214	-16.932919830513303	13707	2902	0	0.048789417000000002
20260909	1599	upward_scan	70.489017574692141	12.868547261522494	22372	4654	0	0.070858249999999998
20260909	1600	uniform_accepted	29.943427786694347	-14.472779040715306	12117	2506	0	0.032781375000000001
20260909	1600	upward_scan	75.177947712191013	19.109963291477904	25391	5286	0	0.081065291999999997
20260909	1601	uniform_accepted	35.555355025609749	-17.499262114288918	15040	3116	0	0.043970416999999998
20260909	1601	upward_scan	42.002138439452338	1.3104223512935291	13724	2870	0	0.0391315
20260909	1602	uniform_accepted	33.547257352773798	-17.265129393327491	15518	3220	0	0.044785540999999998
20260909	1602	upward_scan	65.804998480581219	10.453432687106149	21630	4506	0	0.060417249999999999
20260909	1603	uniform_accepted	29.530411379264827	-20.147218896442016	13842	2878	0	0.038981624999999999
20260909	1603	upward_scan	74.019623157139364	19.435428342512239	24495	5097	0	0.071582792000000006
20260909	1604	uniform_accepted	28.733781012642016	-17.991171053588612	12830	2664	0	0.038338791999999997
20260909	1604	upward_scan	61.635133502949465	7.2459398229770189	18625	3889	0	0.052779375000000003
20260909	1605	uniform_accepted	33.518166123695757	-15.699783179035903	14192	2961	0	0.039718957999999999
20260909	1605	upward_scan	70.467230628186883	10.604072602531529	21147	4415	0	0.052525542000000001
20260909	1606	uniform_accepted	38.772253002773148	-6.0840801337691444	17002	3534	0	0.048915
20260909	1606	upward_scan	70.41366635688189	17.205228519219443	21804	4542	0	0.059771083000000003
20260909	1607	uniform_accepted	30.922248889799459	-22.678657362627217	13107	2718	0	0.037047917
20260909	1607	upward_scan	87.229762376969148	23.604004792408809	25575	5321	0	0.068266166000000003
20260909	1608	uniform_accepted	44.720622913250637	-12.455340582867812	17920	3759	0	0.052106832999999998
20260909	1608	upward_scan	57.068521965818348	6.5296632054702517	18251	3804	0	0.054668124999999998
20260909	1609	uniform_accepted	40.605762970221363	-10.076619700444088	14060	2897	0	0.036233000000000001
20260909	1609	upward_scan	74.914303076901462	16.048596788996456	25784	5368	0	0.075613749999999993
20260909	1610	uniform_accepted	33.212906746959931	-19.759484185156442	14326	2969	0	0.041372125000000003
20260909	1610	upward_scan	60.065293495879537	6.4600603303883215	18286	3806	0	0.058611708999999998
20260909	1611	uniform_accepted	29.654281721530506	-19.407010826539956	13834	2934	0	0.058932625000000002
20260909	1611	upward_scan	67.768090940070849	14.997919060830583	20801	4326	0	0.055960458999999997
20260909	1612	uniform_accepted	45.310320056722688	-9.6805180655697942	16035	3336	0	0.041455709
20260909	1612	upward_scan	60.161640763196289	13.559657085512301	18486	3863	0	0.049836791999999998
20260909	1613	uniform_accepted	33.11148609323066	-14.663202790343394	14534	3010	0	0.042833125
20260909	1613	upward_scan	66.767993726922697	15.34873429554454	21079	4392	0	0.060550541999999999
20260909	1614	uniform_accepted	33.451297179651675	-20.639808383783731	13334	2751	0	0.038784625000000003
20260909	1614	upward_scan	74.867332389645554	18.369208869748608	23251	4842	0	0.063944040999999993
20260909	1615	uniform_accepted	37.033706417751198	-13.16733040685842	13266	2784	0	0.033721374999999998
20260909	1615	upward_scan	76.788749396655206	17.344762340764429	23616	4905	0	0.068791500000000005
20260909	1616	uniform_accepted	31.313573761674935	-20.526625162174469	12330	2573	0	0.037259291
20260909	1616	upward_scan	63.361897596599199	14.481633152716451	18744	3918	0	0.048601749999999999
20260909	1617	uniform_accepted	42.214791982952022	-15.042878762396059	17623	3740	0	0.048709250000000003
20260909	1617	upward_scan	65.653447555191093	11.014236737250975	20468	4277	0	0.056420458999999999
20260909	1618	uniform_accepted	34.501861272264492	-17.534134434054202	14656	3011	0	0.042180542000000001
20260909	1618	upward_scan	78.224044775267402	19.366909737857497	23902	4983	0	0.066483125000000004
20260909	1619	uniform_accepted	38.610961137659125	-7.0793558495723108	15117	3172	0	0.040864999999999999
20260909	1619	upward_scan	60.029926473725517	9.1631180431313037	19183	4000	0	0.050806999999999998
20260909	1620	uniform_accepted	30.36518419343502	-24.548827750859449	13121	2721	0	0.0358435
20260909	1620	upward_scan	72.781584054104627	18.241654537782424	22185	4620	0	0.067281792000000007
20260909	1621	uniform_accepted	40.994630965708893	-12.091167846290135	16143	3403	0	0.045469207999999997
20260909	1621	upward_scan	77.861952311396408	16.434330024268235	24954	5179	0	0.072870792000000004
20260909	1622	uniform_accepted	38.190946762499671	-8.2946825151911607	13371	2786	0	0.037126041999999998
20260909	1622	upward_scan	63.526753520125389	15.275722525331947	18601	3879	0	0.050026542
20260909	1623	uniform_accepted	28.837501586279799	-31.489191104894637	11786	2427	0	0.028056999999999999
20260909	1623	upward_scan	72.037136315198111	16.970265133735147	22520	4703	0	0.067247625000000005
20260909	1624	uniform_accepted	42.516611082343985	-12.626710625269824	13269	2743	0	0.037557917000000003
20260909	1624	upward_scan	71.568300739874331	17.417538022586402	20711	4325	0	0.054434458999999998
20260909	1625	uniform_accepted	32.871580139269255	-22.577207284321648	14439	3003	0	0.038345875000000001
20260909	1625	upward_scan	73.318216053888193	17.97964995160741	21424	4474	0	0.058650832999999999
20260909	1626	uniform_accepted	42.799069412416983	-5.3035018501718412	16342	3382	0	0.049610333999999999
20260909	1626	upward_scan	77.580828654794047	16.517095258929981	24609	5130	0	0.095486374999999998
20260909	1627	uniform_accepted	32.930293186585068	-18.407732293482198	14155	2926	0	0.060254083999999999
20260909	1627	upward_scan	62.395564379555331	11.037617988757532	17680	3680	0	0.044153125000000001
20260909	1628	uniform_accepted	35.699032817532157	-17.300571978163507	14599	3108	0	0.040779375
20260909	1628	upward_scan	64.624732665918543	13.898510354649206	20083	4179	0	0.054729041999999999
20260909	1629	uniform_accepted	37.606683095621641	-19.346509520534106	13024	2772	0	0.034470792
20260909	1629	upward_scan	62.309896215427258	11.126158416126774	18546	3869	0	0.052621083999999999
20260909	1630	uniform_accepted	26.754924349767212	-21.389401277177889	11778	2399	0	0.031809166
20260909	1630	upward_scan	62.449800642782535	12.564074252599797	19244	4013	0	0.056057083000000001
20260909	1631	uniform_accepted	33.611053941285078	-25.128943716666928	13538	2754	0	0.036730458000000001
20260909	1631	upward_scan	62.887221266499253	11.656664335629747	21282	4443	0	0.063798166000000003
20260909	1632	uniform_accepted	36.592979891767918	-8.5116910476752849	14024	2931	0	0.042560082999999999
20260909	1632	upward_scan	57.308375735820526	3.7663472296623395	17918	3733	0	0.050624250000000003
20260909	1633	uniform_accepted	24.464151914052461	-31.329797469085378	13673	2864	0	0.034369416999999999
20260909	1633	upward_scan	65.368854938533346	10.835926585331077	20976	4370	0	0.058396875000000001
20260909	1634	uniform_accepted	32.44714163795031	-19.516520816577895	15005	3088	0	0.039372417
20260909	1634	upward_scan	58.230733655130614	11.750151041435215	18967	3967	0	0.055446415999999998
20260909	1635	uniform_accepted	43.568682100664255	-18.836327868237085	15290	3171	0	0.041080708000000001
20260909	1635	upward_scan	63.8347286956988	13.878956185658902	16487	3434	0	0.041414375000000003
20260909	1636	uniform_accepted	35.061305829974437	-16.95573875922269	16456	3416	0	0.046361832999999998
20260909	1636	upward_scan	77.320241129172786	13.425748422556175	26063	5421	0	0.072936625000000005
20260909	1637	uniform_accepted	41.090129936588994	-18.204045268708047	17478	3613	0	0.051454541999999999
20260909	1637	upward_scan	80.651204214166299	23.4137042925278	24842	5186	0	0.068091333000000004
20260909	1638	uniform_accepted	41.340814087146072	-8.8552795723143642	13345	2789	0	0.032060582999999997
20260909	1638	upward_scan	73.400058683449913	16.38774984779527	22711	4728	0	0.065061875000000005
20260909	1639	uniform_accepted	27.19343807220373	-28.302420075859608	10681	2245	0	0.030149458000000001
20260909	1639	upward_scan	62.813571708207874	12.955261841630684	19088	3988	0	0.053355290999999999
20260909	1640	uniform_accepted	33.215566731840248	-13.504526034013482	13683	2859	0	0.042310917000000003
20260909	1640	upward_scan	74.658554387310147	17.886371306271219	20881	4364	0	0.056970874999999997
20260909	1641	uniform_accepted	40.58437551621752	-10.876369079720908	16167	3340	0	0.046912542000000002
20260909	1641	upward_scan	73.177768806340765	15.317701814973381	21782	4534	0	0.059744167000000001
20260909	1642	uniform_accepted	40.722461042416541	-13.838025473335795	13385	2779	0	0.036918832999999998
20260909	1642	upward_scan	70.89138996690744	18.918791497217505	21563	4492	0	0.056342542000000002
20260909	1643	uniform_accepted	36.559079979284334	-21.701956784918885	15909	3313	0	0.043505042000000001
20260909	1643	upward_scan	75.50100336171036	18.924095067328714	22870	4766	0	0.065273333000000003
20260909	1644	uniform_accepted	40.20542967330902	-7.3577342696833146	16158	3378	0	0.040919041000000003
20260909	1644	upward_scan	63.460403996323635	9.0414765321012851	18673	3896	0	0.046502874999999999
20260909	1645	uniform_accepted	30.626165405995458	-23.800134118322685	13754	2884	0	0.038704124999999999
20260909	1645	upward_scan	71.159985332470526	17.635853559475834	23371	4863	0	0.068215833000000003
20260909	1646	uniform_accepted	34.597765118602354	-15.866825183250993	12862	2658	0	0.037626541999999999
20260909	1646	upward_scan	62.230445072296369	13.742123950311527	20259	4230	0	0.059822582999999999
20260909	1647	uniform_accepted	41.070813510290449	-5.194397084588422	15319	3233	0	0.042621208000000001
20260909	1647	upward_scan	74.101177467201083	13.261797981291409	23518	4877	0	0.068414166999999998
20260909	1648	uniform_accepted	29.530198325151389	-25.394779423405797	12822	2719	0	0.037816083
20260909	1648	upward_scan	68.709200287544988	15.098099120370286	22925	4778	0	0.067926166999999996
20260909	1649	uniform_accepted	33.055897292295199	-19.096934382719727	12454	2637	0	0.033840834
20260909	1649	upward_scan	58.116328444594949	10.567540948776363	17417	3637	0	0.046407499999999997
20260909	1650	uniform_accepted	27.602262721458569	-23.38441208334266	12717	2621	0	0.032095375000000002
20260909	1650	upward_scan	73.603492680124887	15.720225972255179	21583	4489	0	0.059509874999999997
20260909	1651	uniform_accepted	30.509154772801999	-19.021783989097191	13421	2828	0	0.036203582999999998
20260909	1651	upward_scan	68.992893847641639	11.850999371722777	22588	4710	0	0.063922207999999994
20260909	1652	uniform_accepted	36.163248143959372	-12.937665589687498	17225	3594	0	0.049447834000000003
20260909	1652	upward_scan	73.922136750943466	14.715452931053925	24281	5056	0	0.073841875000000001
20260909	1653	uniform_accepted	36.390880181111704	-14.370494478755269	12441	2563	0	0.033088708000000001
20260909	1653	upward_scan	74.917160774795107	18.36825103093134	20795	4338	0	0.052385500000000002
20260909	1654	uniform_accepted	31.126610887321018	-20.920165918410405	12651	2624	0	0.035251541999999997
20260909	1654	upward_scan	68.051298216433381	14.037723929935398	21075	4391	0	0.053952208000000001
20260909	1655	uniform_accepted	31.85783798800836	-22.733021512522132	13708	2744	0	0.038216041999999999
20260909	1655	upward_scan	84.680331293434335	22.965134371052553	24902	5193	0	0.067779959000000001
20260909	1656	uniform_accepted	40.925925911256613	-12.986373581948245	17726	3619	0	0.049572917000000001
20260909	1656	upward_scan	69.3653628158375	15.509293300465034	19606	4088	0	0.049527707999999997
20260909	1657	uniform_accepted	32.569470415460167	-21.25846634891537	12595	2604	0	0.031297917000000001
20260909	1657	upward_scan	65.613454933853788	13.770931052281028	19441	4052	0	0.055553791999999998
20260909	1658	uniform_accepted	31.280864169150504	-21.031875536066284	12784	2680	0	0.035719165999999997
20260909	1658	upward_scan	68.113485813246768	14.667800075786346	19724	4118	0	0.054966167000000003
20260909	1659	uniform_accepted	25.554396241348563	-28.491077932577678	11444	2353	0	0.030392334
20260909	1659	upward_scan	62.352223326822411	13.92619333458436	19027	3966	0	0.052243999999999999
20260909	1660	uniform_accepted	31.44902461885556	-19.689568152443197	13390	2856	0	0.038367832999999997
20260909	1660	upward_scan	68.886505341764988	18.234733967378112	20476	4262	0	0.052303334
20260909	1661	uniform_accepted	30.882926831581418	-19.189257263750271	13924	2959	0	0.035154958
20260909	1661	upward_scan	67.285604501041533	10.771976236065971	21628	4518	0	0.058103583
20260909	1662	uniform_accepted	29.76899634512246	-21.750494268920043	12910	2685	0	0.034945083000000002
20260909	1662	upward_scan	74.795171976734352	19.421494136463402	22843	4756	0	0.058637333
20260909	1663	uniform_accepted	26.807898201547999	-30.889934218438125	12297	2527	0	0.033419708999999999
20260909	1663	upward_scan	72.129215737766131	15.024774774703086	24571	5122	0	0.075507958
20260909	1664	uniform_accepted	35.470700260770037	-10.383916381690458	18000	3685	0	0.051703084000000003
20260909	1664	upward_scan	68.595150075210611	12.135008402693648	21700	4530	0	0.064367083000000005
20260909	1665	uniform_accepted	35.495373669835537	-19.383878193919937	16477	3439	0	0.045161041999999998
20260909	1665	upward_scan	74.967918081550224	18.423164661027037	22326	4655	0	0.062296457999999999
20260909	1666	uniform_accepted	36.980558627442477	-11.684087753827923	14600	2980	0	0.042079084000000003
20260909	1666	upward_scan	65.575668622631866	13.204571502928738	20654	4311	0	0.053631999999999999
20260909	1667	uniform_accepted	35.193546136011896	-6.7406810743414551	13215	2702	0	0.035024125000000003
20260909	1667	upward_scan	71.238803842138751	16.291830382090918	21768	4542	0	0.055135083000000001
20260909	1668	uniform_accepted	24.772259950252746	-27.024627612292871	13322	2779	0	0.038686041999999997
20260909	1668	upward_scan	55.417056372282474	8.8922889182617091	15897	3322	0	0.044779917000000002
20260909	1669	uniform_accepted	33.938218862738225	-16.205706243105769	16494	3443	0	0.042730166999999999
20260909	1669	upward_scan	63.417477380212723	12.406054172652885	20217	4236	0	0.058286040999999997
20260909	1670	uniform_accepted	45.622243977625331	-9.315912450268435	15709	3267	0	0.043793875000000003
20260909	1670	upward_scan	61.385335965316791	8.0618470813832239	20555	4286	0	0.056915708000000002
20260909	1671	uniform_accepted	31.914516723537563	-24.127680043960055	11484	2425	0	0.034029416
20260909	1671	upward_scan	60.644096216515422	9.8935663421307467	19658	4096	0	0.049918417
20260909	1672	uniform_accepted	28.12753702679597	-21.562082032342392	13314	2746	0	0.037433250000000001
20260909	1672	upward_scan	71.865267640401882	17.943399201150971	22197	4633	0	0.057589624999999998
20260909	1673	uniform_accepted	26.567049292692904	-25.272516497917003	11605	2404	0	0.031409040999999999
20260909	1673	upward_scan	61.090831339779562	11.465373053906928	18216	3780	0	0.051016541999999998
20260909	1674	uniform_accepted	28.282140362187402	-27.167023691383701	13990	2969	0	0.040237500000000002
20260909	1674	upward_scan	67.19826751068274	19.562727453715102	20487	4275	0	0.055896416999999997
20260909	1675	uniform_accepted	28.623028480541628	-25.202691941504419	13240	2708	0	0.033658832999999999
20260909	1675	upward_scan	60.406843582065584	8.8529774348095831	19416	4047	0	0.057967834000000003
20260909	1676	uniform_accepted	35.880615242861886	-24.801809812037266	14057	3000	0	0.039562417000000002
20260909	1676	upward_scan	67.508959842630901	17.277011402624129	21994	4584	0	0.063634791999999996
20260909	1677	uniform_accepted	32.095793180038271	-18.304226773268933	12827	2669	0	0.038321665999999997
20260909	1677	upward_scan	66.174693734136667	12.641554337091963	20959	4378	0	0.057827334000000001
20260909	1678	uniform_accepted	36.349412247508113	-15.525581755660786	15447	3289	0	0.048536083000000001
20260909	1678	upward_scan	76.985017502615136	17.450848442031074	23133	4825	0	0.069304709000000006
20260909	1679	uniform_accepted	27.37713091597093	-27.926294859342704	13242	2739	0	0.041122916000000002
20260909	1679	upward_scan	61.849921414466884	10.368195940657172	18385	3833	0	0.056850959
20260909	1680	uniform_accepted	35.589053697745364	-15.760993522195346	16859	3505	0	0.046431166000000003
20260909	1680	upward_scan	51.315420960043021	3.1028080727191356	16416	3421	0	0.049905417000000001
20260909	1681	uniform_accepted	32.09208384298492	-13.877556832953911	12458	2647	0	0.036953708000000002
20260909	1681	upward_scan	73.726336226575043	14.232536410168571	22379	4662	0	0.056806583000000001
20260909	1682	uniform_accepted	36.055456888868918	-13.284814626832961	15793	3293	0	0.043047583
20260909	1682	upward_scan	60.037569930844406	5.9052346486115086	20443	4282	0	0.058946375000000002
20260909	1683	uniform_accepted	28.98134018529236	-20.032118146767626	12373	2511	0	0.032650167000000001
20260909	1683	upward_scan	68.101867724483355	14.64457145338638	21116	4414	0	0.062519000000000005
20260909	1684	uniform_accepted	35.057321884409824	-11.730482204485167	14469	3019	0	0.043748207999999997
20260909	1684	upward_scan	85.186539818473818	22.16122879836519	26767	5578	0	0.072677707999999994
20260909	1685	uniform_accepted	38.348273049342339	-12.907318286203664	15556	3231	0	0.041760291999999997
20260909	1685	upward_scan	65.877984261197625	17.133927103713631	20990	4366	0	0.056719749999999999
20260909	1686	uniform_accepted	38.699885111007546	-13.063866974301682	14127	2987	0	0.034263624999999999
20260909	1686	upward_scan	76.363516810186283	18.503351131291826	24319	5066	0	0.063538917
20260909	1687	uniform_accepted	31.949853893064684	-27.458153534276683	13082	2751	0	0.032106750000000003
20260909	1687	upward_scan	102.79820669323155	30.338502337033653	32757	6824	0	0.086866625000000003
20260909	1688	uniform_accepted	29.088886914713704	-21.349787256148787	14314	3020	0	0.039323542000000003
20260909	1688	upward_scan	77.204708363287608	19.690026133810122	23351	4868	0	0.056872499999999999
20260909	1689	uniform_accepted	29.774608615567995	-19.482667778343536	17420	3580	0	0.046634874999999999
20260909	1689	upward_scan	62.868076012993193	8.8263656963129762	19653	4101	0	0.056581917000000002
20260909	1690	uniform_accepted	25.935339331158907	-25.987246653547647	13158	2674	0	0.034189667
20260909	1690	upward_scan	63.212175231125116	10.744167796988201	21353	4454	0	0.065657624999999997
20260909	1691	uniform_accepted	40.889228383985561	-10.745881048320234	14819	3057	0	0.044614082999999999
20260909	1691	upward_scan	75.900338867916403	20.204453837087637	24680	5129	0	0.068391250000000001
20260909	1692	uniform_accepted	28.577362789397398	-25.983854435152338	11953	2530	0	0.032606542000000002
20260909	1692	upward_scan	68.924164637506664	17.179849470367216	21710	4526	0	0.061248416
20260909	1693	uniform_accepted	30.738680682468054	-19.093099827491269	11483	2393	0	0.030107333
20260909	1693	upward_scan	77.783376962463393	18.518444884388188	24834	5161	0	0.069148416000000004
20260909	1694	uniform_accepted	29.515689472304231	-23.032120336212344	12157	2499	0	0.031758416999999997
20260909	1694	upward_scan	66.101288129802072	12.818136467594558	20322	4235	0	0.049226625000000003
20260909	1695	uniform_accepted	37.224193335394709	-20.103942620825709	16220	3301	0	0.048270041
20260909	1695	upward_scan	65.071824097453089	14.090412374954047	19720	4123	0	0.052173667
20260909	1696	uniform_accepted	36.510773336567738	-14.692961543847638	14894	3083	0	0.039320041999999999
20260909	1696	upward_scan	66.786552901317719	11.132308328938638	19390	4037	0	0.051932125000000003
20260909	1697	uniform_accepted	32.119658607263595	-16.702916907421191	12509	2623	0	0.032637167000000002
20260909	1697	upward_scan	62.341722913346928	12.928933586720431	18117	3765	0	0.046222416000000002
20260909	1698	uniform_accepted	25.788868270791596	-35.414577360883925	13211	2753	0	0.033857125000000002
20260909	1698	upward_scan	60.287728174136895	10.017989339693154	18726	3896	0	0.046733667
20260909	1699	uniform_accepted	28.439881707980351	-31.36720281846333	11377	2335	0	0.026359792
20260909	1699	upward_scan	55.93361752014917	10.036919854732879	15915	3324	0	0.042327917
20260909	1700	uniform_accepted	22.307576188901962	-24.174491938325279	10405	2156	0	0.028185708
20260909	1700	upward_scan	76.458339509280137	21.683495451001871	24346	5072	0	0.064631875000000005
20260909	1701	uniform_accepted	26.881403642026665	-23.758469035382266	14286	2945	0	0.037542708000000001
20260909	1701	upward_scan	62.95622881569404	10.712303022337188	19153	3999	0	0.053757166000000002
20260909	1702	uniform_accepted	45.952595458880978	-2.2902506770705067	15936	3310	0	0.046306874999999997
20260909	1702	upward_scan	56.396244772631917	7.0357452439389059	19725	4104	0	0.059498583000000001
20260909	1703	uniform_accepted	32.590101324915878	-15.257088944244243	12593	2622	0	0.033373791
20260909	1703	upward_scan	67.097904363782945	12.791415269774738	22248	4628	0	0.066372917000000003
20260909	1704	uniform_accepted	28.319862088781605	-20.701034812741266	12056	2549	0	0.034876625000000001
20260909	1704	upward_scan	72.003943457262167	15.425715441174299	23397	4875	0	0.064615708999999993
20260909	1705	uniform_accepted	29.900972102226792	-19.037800161379042	12328	2594	0	0.033083541000000001
20260909	1705	upward_scan	50.254551504853509	4.3784734704371404	15521	3247	0	0.040332582999999998
20260909	1706	uniform_accepted	25.307630670447864	-26.515516850210911	11678	2408	0	0.032156166999999999
20260909	1706	upward_scan	56.395558773901513	10.47235677636564	18179	3788	0	0.050961458000000001
20260909	1707	uniform_accepted	34.329071135196564	-12.865831442797791	14241	2947	0	0.036862417000000001
20260909	1707	upward_scan	65.787151863756051	4.4888366995705873	20104	4199	0	0.055715624999999998
20260909	1708	uniform_accepted	48.717192130881699	-5.921065369247251	15645	3237	0	0.043495917000000002
20260909	1708	upward_scan	70.534843414837908	17.902633794562906	21637	4507	0	0.059365042
20260909	1709	uniform_accepted	28.948529436126677	-21.271407376285246	12880	2695	0	0.036114374999999997
20260909	1709	upward_scan	71.992017970403694	18.471063204285727	21699	4525	0	0.055444124999999997
20260909	1710	uniform_accepted	24.847278333501627	-26.153377821601349	10869	2243	0	0.030481250000000001
20260909	1710	upward_scan	68.970292578145617	10.440760106893931	22107	4594	0	0.058555583000000001
20260909	1711	uniform_accepted	35.088059895993709	-18.613147942985581	14600	3039	0	0.040022916999999998
20260909	1711	upward_scan	75.544967041889009	17.074247042541124	23417	4887	0	0.061518375
20260909	1712	uniform_accepted	38.983764122038956	-12.696051785241352	14331	3023	0	0.040605207999999997
20260909	1712	upward_scan	72.503307661924353	15.350915766208345	23122	4823	0	0.062983042000000003
20260909	1713	uniform_accepted	34.611475047862868	-13.953443666812928	13130	2749	0	0.036251916000000002
20260909	1713	upward_scan	63.562791367224222	14.981242169992557	21062	4392	0	0.056856749999999998
20260909	1714	uniform_accepted	32.894463274716763	-18.268301264581762	14433	2990	0	0.038942916000000001
20260909	1714	upward_scan	65.394929590141501	13.940243568175497	21307	4440	0	0.058031917000000002
20260909	1715	uniform_accepted	28.086558153678151	-20.865553828351665	11866	2463	0	0.032283582999999998
20260909	1715	upward_scan	65.424845715064563	10.612937398782741	21734	4538	0	0.060830000000000002
20260909	1716	uniform_accepted	33.801842247398675	-24.143611162706375	13084	2691	0	0.036952917000000002
20260909	1716	upward_scan	79.527758263843822	20.434347253136668	22888	4765	0	0.063226791000000004
20260909	1717	uniform_accepted	33.570691671412888	-22.695802148995522	12906	2702	0	0.037194167
20260909	1717	upward_scan	57.884386836165554	10.605316440992656	18670	3898	0	0.054291625000000003
20260909	1718	uniform_accepted	35.495938893118982	-17.116737983548248	13945	2897	0	0.034920458000000001
20260909	1718	upward_scan	60.813831439882371	9.2787581395115986	20088	4187	0	0.060808958000000003
20260909	1719	uniform_accepted	31.533320728626144	-29.367479073984267	11956	2482	0	0.032038166999999999
20260909	1719	upward_scan	67.90907253683406	15.408450728116053	20010	4176	0	0.050276959000000003
20260909	1720	uniform_accepted	39.316929562202844	-12.523874167854363	15787	3286	0	0.047833958000000003
20260909	1720	upward_scan	77.966697326325317	21.246350085993907	22671	4718	0	0.063447500000000004
20260909	1721	uniform_accepted	54.534340724075996	1.5052401558389712	19665	4138	0	0.056475375000000001
20260909	1721	upward_scan	65.630365015270598	13.924163115982058	20254	4218	0	0.056438209000000003
20260909	1722	uniform_accepted	36.881824341133083	-19.475811882974774	13403	2771	0	0.035957375
20260909	1722	upward_scan	81.269872157967768	17.363056010737065	25290	5271	0	0.070193749999999999
20260909	1723	uniform_accepted	25.60108446198603	-24.558933138469804	12521	2663	0	0.034615833999999998
20260909	1723	upward_scan	75.657295510123419	20.015564378841013	23630	4907	0	0.063213124999999995
20260909	1724	uniform_accepted	31.925447241440349	-28.451765711999489	13538	2818	0	0.037735625000000002
20260909	1724	upward_scan	77.544996628644739	18.112951704653131	24186	5051	0	0.068667249999999999
20260909	1725	uniform_accepted	42.259937254797052	-7.3898406139080492	15136	3172	0	0.044563916000000002
20260909	1725	upward_scan	67.888080849867904	20.066339093089223	21955	4575	0	0.056812124999999998
20260909	1726	uniform_accepted	35.491084174915152	-18.750917050032843	15433	3242	0	0.047497040999999997
20260909	1726	upward_scan	61.79739893042408	9.1465311035716219	20956	4354	0	0.057712375000000003
20260909	1727	uniform_accepted	24.272726626751464	-22.604254233649204	12309	2500	0	0.034665791000000001
20260909	1727	upward_scan	68.149517055050197	19.700898853674556	20748	4319	0	0.054916458000000001
20260909	1728	uniform_accepted	23.495634077816632	-29.045403753685182	12032	2464	0	0.031182000000000001
20260909	1728	upward_scan	56.706342858967943	10.722333921238548	17301	3612	0	0.047599625
20260909	1729	uniform_accepted	37.39653895484502	-16.884919176699043	14971	3122	0	0.041669958
20260909	1729	upward_scan	74.179501708903189	16.006755705634003	23124	4821	0	0.059316167000000003
20260909	1730	uniform_accepted	35.107941720407943	-20.127009180463794	12832	2674	0	0.031327250000000001
20260909	1730	upward_scan	61.895709619555639	8.4562555325569466	19235	4001	0	0.057855083000000002
20260909	1731	uniform_accepted	29.548407959156691	-24.037356267936236	11671	2432	0	0.033722457999999997
20260909	1731	upward_scan	62.425595643749681	12.731572049972748	19504	4063	0	0.054244250000000001
20260909	1732	uniform_accepted	25.707787985217202	-32.309396585069479	11335	2280	0	0.029235582999999999
20260909	1732	upward_scan	66.817939177267249	9.7845702599563804	20560	4293	0	0.054861667000000003
20260909	1733	uniform_accepted	29.565332718581875	-17.57023885046415	14343	2971	0	0.041779042000000002
20260909	1733	upward_scan	73.159645161130783	18.091512211330777	22303	4660	0	0.062007333999999997
20260909	1734	uniform_accepted	35.985174398527739	-17.946299810560898	13859	2856	0	0.037787624999999998
20260909	1734	upward_scan	70.926168938606935	17.542473633403787	22318	4657	0	0.063987417000000005
20260909	1735	uniform_accepted	30.210594669912023	-19.335050334954342	12537	2598	0	0.034521875
20260909	1735	upward_scan	83.073758818214344	19.645669519724123	25785	5370	0	0.075386166000000004
20260909	1736	uniform_accepted	25.03660494667891	-25.018235070282639	12022	2505	0	0.034268082999999998
20260909	1736	upward_scan	66.360573702697906	10.812694620524971	21968	4586	0	0.060290249999999997
20260909	1737	uniform_accepted	26.773529447955976	-28.235527399664125	11217	2390	0	0.028624
20260909	1737	upward_scan	64.502802691721342	13.842469387260309	20998	4369	0	0.062415499999999999
20260909	1738	uniform_accepted	32.12463579003375	-13.612779205403807	14031	2895	0	0.040051875000000001
20260909	1738	upward_scan	55.486117198993796	3.9768647384134748	16366	3422	0	0.041192291999999998
20260909	1739	uniform_accepted	29.863025559930549	-20.508251492127428	13757	2770	0	0.034647707999999999
20260909	1739	upward_scan	62.308897582824528	8.2562086085785609	18691	3920	0	0.051466583000000003
20260909	1740	uniform_accepted	45.421227989436829	-13.271651986155916	16136	3360	0	0.041011166000000002
20260909	1740	upward_scan	68.587388541531908	16.01600965401159	20055	4185	0	0.054368082999999998
20260909	1741	uniform_accepted	38.923884723082971	-20.194606247613244	14727	3077	0	0.043530541999999998
20260909	1741	upward_scan	57.60992840041559	8.917265976346668	18878	3938	0	0.057070916999999999
20260909	1742	uniform_accepted	28.110745947272708	-19.66293795842072	13416	2759	0	0.041405833000000003
20260909	1742	upward_scan	80.607568996439753	20.632619852377655	26159	5440	0	0.070177166999999999
20260909	1743	uniform_accepted	29.544561079967622	-26.849292195269658	12776	2623	0	0.034787959
20260909	1743	upward_scan	62.796262677879504	8.5640470024704367	17764	3709	0	0.047851958
20260909	1744	uniform_accepted	35.446973704114214	-15.017951176557069	15580	3208	0	0.043109459000000003
20260909	1744	upward_scan	68.088891258443937	14.590579588936611	21725	4525	0	0.056100041000000003
20260909	1745	uniform_accepted	30.20892636903416	-22.97914866211465	13568	2784	0	0.037119625000000003
20260909	1745	upward_scan	74.541605869600787	19.295681480203143	24880	5175	0	0.066127791000000005
20260909	1746	uniform_accepted	34.053918851538441	-17.494546421531005	12030	2496	0	0.027571999999999999
20260909	1746	upward_scan	73.695259554373848	18.410987680086116	24579	5132	0	0.068665667
20260909	1747	uniform_accepted	31.184348852606878	-15.811870082534146	10478	2183	0	0.024216250000000002
20260909	1747	upward_scan	65.980258775077218	15.387678614965548	20280	4227	0	0.061660624999999997
20260909	1748	uniform_accepted	28.361962796049639	-24.938825143833753	11408	2354	0	0.034460708999999999
20260909	1748	upward_scan	59.929174627120119	13.377129866767003	17523	3654	0	0.043384291999999998
20260909	1749	uniform_accepted	34.511684903175308	-13.669967282552841	14309	3000	0	0.040269791999999999
20260909	1749	upward_scan	60.960597373772565	10.259192579674083	18491	3848	0	0.049175125
20260909	1750	uniform_accepted	28.75421241046579	-26.14440378527571	12118	2605	0	0.033330625000000003
20260909	1750	upward_scan	67.66805685393868	13.447417252040795	21286	4414	0	0.053480874999999997
20260909	1751	uniform_accepted	46.813198489910768	-0.86239930351982463	15895	3317	0	0.038370000000000001
20260909	1751	upward_scan	73.319555202199211	18.746035413406116	24283	5056	0	0.072883584000000001
20260909	1752	uniform_accepted	31.123924489176279	-25.250322719156532	14063	2959	0	0.051504415999999997
20260909	1752	upward_scan	58.472581081019172	7.8852343940516532	16844	3513	0	0.043425417000000001
20260909	1753	uniform_accepted	42.338550503293114	-12.43041146277505	15093	3145	0	0.039272374999999998
20260909	1753	upward_scan	70.702944363497323	15.366963912007195	21806	4540	0	0.063038083999999994
20260909	1754	uniform_accepted	35.988531867824101	-14.039319034381464	12978	2686	0	0.034114209
20260909	1754	upward_scan	63.48223324894672	12.513466602776552	20255	4227	0	0.061573625
20260909	1755	uniform_accepted	41.727490626310789	-6.1885790279952309	16512	3456	0	0.045640666000000003
20260909	1755	upward_scan	78.997757548927297	20.269734321950502	25678	5352	0	0.064129832999999997
20260909	1756	uniform_accepted	31.444326327027589	-19.918480124979066	14745	3072	0	0.039931791000000001
20260909	1756	upward_scan	71.084460996578642	20.438604144565218	21666	4506	0	0.056967707999999999
20260909	1757	uniform_accepted	28.332859649912049	-22.107468265820515	12298	2541	0	0.033960958999999999
20260909	1757	upward_scan	70.373656617629521	16.316475419467984	22126	4602	0	0.064646082999999993
20260909	1758	uniform_accepted	39.540963706982055	-15.32593273902866	18973	3906	0	0.058516499999999999
20260909	1758	upward_scan	59.957183990820269	10.940882061949592	20611	4293	0	0.059582415999999999
20260909	1759	uniform_accepted	33.300215646806649	-16.648315151173776	16084	3426	0	0.042194875
20260909	1759	upward_scan	70.704305441162902	17.442782896225292	20265	4234	0	0.055283249999999999
20260909	1760	uniform_accepted	33.606501303406276	-11.561438407165445	14822	3121	0	0.040743209000000002
20260909	1760	upward_scan	58.554116201792489	5.593884170120603	16924	3532	0	0.043164916999999997
20260909	1761	uniform_accepted	33.005806637894118	-22.080183199312845	13048	2736	0	0.036447500000000001
20260909	1761	upward_scan	72.08131220247337	15.991789366940862	21719	4533	0	0.058736749999999997
20260909	1762	uniform_accepted	27.290885661673791	-20.705047913536699	12648	2639	0	0.033741416000000003
20260909	1762	upward_scan	63.622586942619797	13.57036836169376	20154	4212	0	0.055823834000000003
20260909	1763	uniform_accepted	31.375271147444369	-19.582169635836966	12786	2666	0	0.036962500000000002
20260909	1763	upward_scan	71.517853749836718	18.031378959023481	23142	4817	0	0.067425125000000002
20260909	1764	uniform_accepted	39.487559989768741	-10.9174744955747	16530	3445	0	0.045339167
20260909	1764	upward_scan	58.490033123227462	9.9290394001934068	17756	3716	0	0.050059582999999998
20260909	1765	uniform_accepted	26.639577103539519	-24.876977127790045	13694	2888	0	0.038604874999999997
20260909	1765	upward_scan	77.607971729407296	19.500547184500249	23663	4927	0	0.062679166999999994
20260909	1766	uniform_accepted	30.38645458386123	-24.765370513733444	13670	2821	0	0.037316415999999998
20260909	1766	upward_scan	66.594622801309299	14.857399883902636	20566	4301	0	0.059921750000000003
20260909	1767	uniform_accepted	34.13398848855087	-16.638006258357343	15001	3134	0	0.044916999999999999
20260909	1767	upward_scan	62.584328517439943	11.159395552573699	19211	4006	0	0.055940207999999998
20260909	1768	uniform_accepted	36.55545305893348	-27.572305959299729	12606	2626	0	0.029886790999999999
20260909	1768	upward_scan	68.635729153923805	12.674561854085225	21596	4487	0	0.058260125000000003
20260909	1769	uniform_accepted	31.979585029713107	-24.935255791955367	14089	2937	0	0.041480000000000003
20260909	1769	upward_scan	71.124023073710049	18.505893884548289	23159	4827	0	0.062913625000000001
20260909	1770	uniform_accepted	30.943090025138353	-19.2951065803815	13206	2771	0	0.034443374999999998
20260909	1770	upward_scan	74.945358047574047	17.30663596128738	23637	4920	0	0.068880958000000006
20260909	1771	uniform_accepted	31.923753679682548	-19.751277625931447	13957	2843	0	0.042166915999999999
20260909	1771	upward_scan	58.650477741278713	9.2302292240603521	17876	3726	0	0.048189915999999999
20260909	1772	uniform_accepted	32.590870983845569	-20.136483843163536	13771	2908	0	0.040915167000000002
20260909	1772	upward_scan	57.174140689760186	7.4352236324613452	17929	3734	0	0.048798165999999997
20260909	1773	uniform_accepted	23.472134379096651	-28.526567294835136	10215	2141	0	0.026761541
20260909	1773	upward_scan	75.544965515586554	18.154500949860815	23127	4818	0	0.0624935
20260909	1774	uniform_accepted	26.639187589815656	-23.913375957421959	12212	2524	0	0.033725417000000001
20260909	1774	upward_scan	64.122237318192461	17.264308488196583	19536	4081	0	0.054686708000000001
20260909	1775	uniform_accepted	33.338984990751406	-11.86204001169545	14423	2993	0	0.039126333999999999
20260909	1775	upward_scan	71.184406748272394	17.755839036738863	22997	4792	0	0.067547333000000001
20260909	1776	uniform_accepted	35.962895769752016	-12.238763874045677	13678	2878	0	0.035085040999999997
20260909	1776	upward_scan	77.124200289372411	21.011862497452238	22691	4725	0	0.062437541999999999
20260909	1777	uniform_accepted	31.672874842765349	-23.482646437004828	13831	2874	0	0.039970917000000002
20260909	1777	upward_scan	56.737967578083115	8.5602512359734693	17775	3712	0	0.051028499999999997
20260909	1778	uniform_accepted	40.670535653939332	-14.766836361536051	17172	3624	0	0.047980374999999999
20260909	1778	upward_scan	58.808670591071291	14.013619816024532	18412	3837	0	0.049792625
20260909	1779	uniform_accepted	29.228047376798898	-27.426508659162668	12543	2563	0	0.037503707999999997
20260909	1779	upward_scan	50.79436224374642	5.8435859054632751	15235	3168	0	0.038181958000000002
20260909	1780	uniform_accepted	42.16968297842719	-7.2193405418572061	15293	3187	0	0.041412125000000001
20260909	1780	upward_scan	75.090939059913907	16.481949342440036	24342	5073	0	0.071967083000000001
20260909	1781	uniform_accepted	29.750626549360341	-22.00899864958318	14875	3157	0	0.040927917000000001
20260909	1781	upward_scan	70.386490252737872	15.70301616516625	21018	4389	0	0.058752790999999999
20260909	1782	uniform_accepted	30.721058963389549	-22.043907663119839	11210	2380	0	0.031098458999999998
20260909	1782	upward_scan	66.117785212789343	13.003958633560003	18602	3880	0	0.048419749999999998
20260909	1783	uniform_accepted	32.027236162025311	-15.686603851582134	13747	2812	0	0.037740625
20260909	1783	upward_scan	60.025870628231743	13.22545341893297	18589	3863	0	0.050644834
20260909	1784	uniform_accepted	33.315722288975785	-16.182609662596228	13609	2813	0	0.039382124999999997
20260909	1784	upward_scan	63.568877045042299	9.8144978037624835	19216	4011	0	0.048657041999999998
20260909	1785	uniform_accepted	37.03013835032786	-15.507748933626971	14731	3046	0	0.043788833999999999
20260909	1785	upward_scan	73.029892666772199	17.115210732777893	23918	4986	0	0.064882833000000001
20260909	1786	uniform_accepted	29.938821553002192	-20.576425306276686	13814	2822	0	0.034661625000000001
20260909	1786	upward_scan	64.129042394470943	12.001420861391813	21182	4412	0	0.064563082999999993
20260909	1787	uniform_accepted	28.168706549144115	-21.069064740942416	13289	2752	0	0.036836500000000001
20260909	1787	upward_scan	76.310583963565193	17.696053398726647	25643	5346	0	0.071695875000000006
20260909	1788	uniform_accepted	32.953449740089617	-24.132255283669352	12212	2540	0	0.034612833000000003
20260909	1788	upward_scan	73.173505822070382	12.892479212400476	22748	4743	0	0.064918375
20260909	1789	uniform_accepted	28.676494031080768	-28.942273123034713	13736	2925	0	0.042200374999999998
20260909	1789	upward_scan	69.887815001506041	18.667237392178443	23272	4853	0	0.066240041
20260909	1790	uniform_accepted	33.329361071298948	-18.121697206892566	15265	3142	0	0.041307208999999998
20260909	1790	upward_scan	74.443202325657211	16.287744706865016	22935	4765	0	0.063189208999999996
20260909	1791	uniform_accepted	40.996377414358548	-24.084928529175119	14503	3084	0	0.036669208000000002
20260909	1791	upward_scan	59.448379026640602	11.260181772150535	20171	4210	0	0.059338042000000001
20260909	1792	uniform_accepted	40.014869617415471	-11.087173828380699	13697	2780	0	0.037121708000000003
20260909	1792	upward_scan	61.477520936659204	14.979055664238505	19470	4064	0	0.052022541999999998
20260909	1793	uniform_accepted	29.178158415912343	-24.775169881403997	11694	2396	0	0.028858583
20260909	1793	upward_scan	66.742086060341293	16.779956361471509	21135	4394	0	0.055113957999999998
20260909	1794	uniform_accepted	33.076675061457365	-15.321501581648654	12632	2711	0	0.034435583999999998
20260909	1794	upward_scan	63.361643591567571	14.435137542133937	21574	4498	0	0.065998042000000007
20260909	1795	uniform_accepted	29.164159792092377	-20.515888387560295	13078	2710	0	0.038469250000000003
20260909	1795	upward_scan	65.152598452744584	16.146654809988014	21190	4419	0	0.054997666000000001
20260909	1796	uniform_accepted	33.731950707183294	-17.744774135876394	13477	2810	0	0.037551542
20260909	1796	upward_scan	65.362239282731792	6.7559852293702551	17417	3629	0	0.043915000000000003
20260909	1797	uniform_accepted	28.402808711808852	-30.979406454017397	12156	2513	0	0.034737875000000001
20260909	1797	upward_scan	61.280946660988683	7.2872866797042013	19454	4043	0	0.058845874999999999
20260909	1798	uniform_accepted	32.232527285249212	-19.197582427009635	13148	2757	0	0.034793584000000002
20260909	1798	upward_scan	77.257193153026037	20.462365051554826	23520	4898	0	0.056630917000000003
20260909	1799	uniform_accepted	40.38187959031756	-10.088161744299439	14075	2912	0	0.035479334000000001
20260909	1799	upward_scan	59.590725659466102	7.9546733990569862	18920	3943	0	0.053225165999999997
20260909	1800	uniform_accepted	31.877907710164834	-24.845403620457525	13035	2744	0	0.033350166000000001
20260909	1800	upward_scan	61.62648122680465	7.4997818947256061	17708	3691	0	0.047348583999999999
20260909	1801	uniform_accepted	33.809850400801679	-29.521215354778857	15106	3120	0	0.043413332999999998
20260909	1801	upward_scan	67.387780299628758	16.481893415915867	22948	4766	0	0.068469917000000005
20260909	1802	uniform_accepted	35.249381851454487	-13.272901026490608	13109	2732	0	0.040083874999999998
20260909	1802	upward_scan	70.606518017319885	17.498345708269824	20891	4352	0	0.057424791000000003
20260909	1803	uniform_accepted	39.002879806943824	-11.314222516562831	13968	2937	0	0.040728541
20260909	1803	upward_scan	77.642064334425598	20.526945350469749	24380	5069	0	0.063087958
20260909	1804	uniform_accepted	29.504299665407192	-21.232102164323692	11733	2381	0	0.029692166999999998
20260909	1804	upward_scan	60.401231044466584	7.7124680753426311	17341	3600	0	0.041635417000000001
20260909	1805	uniform_accepted	35.409206178469184	-16.975203617064327	11830	2500	0	0.034793499999999998
20260909	1805	upward_scan	68.746326384997531	17.893671556749247	22118	4611	0	0.064459333999999993
20260909	1806	uniform_accepted	30.290883795713668	-20.506167811658795	11985	2494	0	0.035416625
20260909	1806	upward_scan	73.080656061745501	14.448586215232247	19409	4055	0	0.047405083000000001
20260909	1807	uniform_accepted	38.475839457022353	-7.0395966727465451	15729	3225	0	0.040825959000000002
20260909	1807	upward_scan	60.092549277222169	8.5374045725545908	18454	3841	0	0.055853791999999999
20260909	1808	uniform_accepted	45.083910933020562	-5.0370781135892342	16714	3504	0	0.048425875
20260909	1808	upward_scan	77.308088703822577	20.726129050641461	21614	4499	0	0.056363125
20260909	1809	uniform_accepted	24.517678430302379	-29.057870000966144	15112	3142	0	0.044064790999999999
20260909	1809	upward_scan	55.65583653518452	8.9332948275382211	16089	3352	0	0.040904625
20260909	1810	uniform_accepted	25.64960140544104	-29.449907476085546	13380	2761	0	0.033147875
20260909	1810	upward_scan	59.973349818850117	11.243594967006107	18207	3798	0	0.056104665999999997
20260909	1811	uniform_accepted	30.754928882395493	-22.459917738477909	13641	2819	0	0.035768750000000002
20260909	1811	upward_scan	76.8132698301673	22.082079325648831	22632	4726	0	0.062516457999999997
20260909	1812	uniform_accepted	24.205078039020574	-27.796242141276533	10722	2265	0	0.028572957999999999
20260909	1812	upward_scan	73.900606664807626	20.411082066586808	24221	5041	0	0.066900457999999996
20260909	1813	uniform_accepted	31.380673685061577	-24.530287501421597	12383	2629	0	0.032622041999999997
20260909	1813	upward_scan	65.999205283583748	15.883687334892711	20149	4206	0	0.053885750000000003
20260909	1814	uniform_accepted	32.900507982371636	-17.452100458679542	14273	2949	0	0.041132957999999997
20260909	1814	upward_scan	71.325615800075752	15.261773075368421	22464	4684	0	0.069146916000000003
20260909	1815	uniform_accepted	34.640747227520549	-16.55037442634903	15288	3164	0	0.041382750000000003
20260909	1815	upward_scan	90.822258195589015	25.831443491739591	28591	5947	0	0.079462959
20260909	1816	uniform_accepted	34.825864136394443	-13.577011656652326	11956	2483	0	0.033762291999999999
20260909	1816	upward_scan	76.164280733371953	16.201994062161553	25204	5263	0	0.074856624999999996
20260909	1817	uniform_accepted	44.349899266904622	-4.6217912526044111	16744	3451	0	0.048060917000000002
20260909	1817	upward_scan	75.459603449523428	17.475269765530854	24201	5047	0	0.065858417000000002
20260909	1818	uniform_accepted	28.584537875212035	-20.280548146255494	11777	2450	0	0.031124084
20260909	1818	upward_scan	71.72194724458528	16.432554655117297	20689	4318	0	0.052354917000000001
20260909	1819	uniform_accepted	32.052206310749689	-17.788645483310521	12826	2616	0	0.033927540999999999
20260909	1819	upward_scan	56.532694059598974	5.7334570992739087	17509	3646	0	0.047762208
20260909	1820	uniform_accepted	36.274758177970391	-19.995760664975254	15434	3151	0	0.039752291000000002
20260909	1820	upward_scan	58.193955115245622	8.2259833591807503	17825	3714	0	0.049627958
20260909	1821	uniform_accepted	46.926096616709025	-5.5338247186081491	13449	2778	0	0.035511708000000003
20260909	1821	upward_scan	74.193664549055882	13.997617078339102	23031	4793	0	0.065655458
20260909	1822	uniform_accepted	42.28279431973948	-9.684904102047815	15993	3287	0	0.04484225
20260909	1822	upward_scan	63.859618488319136	11.860563356786017	18676	3893	0	0.051135082999999998
20260909	1823	uniform_accepted	38.273690584562821	-12.786524054972999	15957	3299	0	0.045687875000000003
20260909	1823	upward_scan	66.600396046840046	10.663707180947892	22131	4602	0	0.063669166999999999
20260909	1824	uniform_accepted	34.799058735127765	-22.353882033046769	13473	2864	0	0.039841708000000003
20260909	1824	upward_scan	64.079795557668831	10.01626963624661	19700	4096	0	0.057028542000000002
20260909	1825	uniform_accepted	46.866517166020174	-10.182999116856292	16866	3526	0	0.04475925
20260909	1825	upward_scan	81.367522724781836	19.672245765064083	24862	5182	0	0.066676833000000005
20260909	1826	uniform_accepted	39.760611600486875	-5.6700334425057086	16255	3347	0	0.049352124999999997
20260909	1826	upward_scan	69.470303312022608	9.6276255020711083	22690	4728	0	0.072014375000000005
20260909	1827	uniform_accepted	31.72547942321118	-19.353459770769884	13503	2767	0	0.042475582999999997
20260909	1827	upward_scan	90.341382426313174	22.434365664828572	30591	6380	0	0.096715250000000003
20260909	1828	uniform_accepted	28.050983892714452	-19.757157051557858	12493	2586	0	0.036896375000000002
20260909	1828	upward_scan	55.936767025113419	5.4717920860013853	16512	3456	0	0.046857834000000001
20260909	1829	uniform_accepted	28.75911602944776	-22.61511085298514	12345	2624	0	0.034754832999999999
20260909	1829	upward_scan	57.916746383351963	5.1448348108883231	18544	3863	0	0.052367375000000001
20260909	1830	uniform_accepted	29.778889229981541	-26.565605126866728	12715	2658	0	0.038051374999999998
20260909	1830	upward_scan	55.235120071439049	9.3931663337399129	17619	3677	0	0.054876082999999999
20260909	1831	uniform_accepted	43.956706146475909	-9.9035830906595184	14915	3148	0	0.045123584000000001
20260909	1831	upward_scan	62.832033361792632	11.034571456218115	21158	4408	0	0.063959874999999999
20260909	1832	uniform_accepted	36.833258254147204	-14.429501540784877	15610	3242	0	0.047096208000000001
20260909	1832	upward_scan	69.844687659308846	17.723936125694824	21829	4547	0	0.056472500000000002
20260909	1833	uniform_accepted	32.029858727800317	-19.348027016238685	12359	2535	0	0.029721625000000002
20260909	1833	upward_scan	66.471173104209853	11.519207407933029	19783	4131	0	0.054626415999999997
20260909	1834	uniform_accepted	35.227655331647533	-18.680525734236561	12710	2599	0	0.035261791000000001
20260909	1834	upward_scan	67.004065104356911	13.714518010739237	19974	4179	0	0.050661375000000002
20260909	1835	uniform_accepted	29.285091494370164	-22.191777142130498	14203	2895	0	0.038134042
20260909	1835	upward_scan	63.881383829614364	13.784260605508335	21455	4490	0	0.062123667
20260909	1836	uniform_accepted	33.727877034273043	-14.832913374249529	13924	2903	0	0.034890416
20260909	1836	upward_scan	65.571383389200847	14.94638109031122	19524	4056	0	0.056744165999999999
20260909	1837	uniform_accepted	42.526903435626238	-14.474854586387838	14399	2992	0	0.037822459000000003
20260909	1837	upward_scan	77.422251177311438	16.458425756921176	22529	4704	0	0.054597582999999998
20260909	1838	uniform_accepted	34.663917031090534	-12.572721994363894	15954	3252	0	0.039750624999999998
20260909	1838	upward_scan	62.061153229895829	8.6019997142115745	19220	3998	0	0.048405625000000001
20260909	1839	uniform_accepted	25.788323690375996	-24.297338230348402	12843	2753	0	0.036599958000000002
20260909	1839	upward_scan	55.401523855204708	6.1028306866636592	17993	3736	0	0.051760500000000001
20260909	1840	uniform_accepted	31.166178303683992	-23.738929328982671	14413	3024	0	0.042614209
20260909	1840	upward_scan	74.79252692101015	16.609612943628054	22675	4720	0	0.065261666999999995
20260909	1841	uniform_accepted	32.034176929321809	-19.714277565168821	12214	2547	0	0.033420167000000001
20260909	1841	upward_scan	70.089601857592413	17.806230890438552	20419	4250	0	0.060653375000000002
20260909	1842	uniform_accepted	33.537980211720438	-21.112747301001271	15019	3176	0	0.048092416999999998
20260909	1842	upward_scan	80.865202031390268	24.661262241514081	23984	4997	0	0.070855791000000001
20260909	1843	uniform_accepted	31.682891557437184	-17.44348850711761	14230	2951	0	0.045133082999999997
20260909	1843	upward_scan	86.978634564899721	24.181320065938426	24332	5068	0	0.065003291000000005
20260909	1844	uniform_accepted	29.458505339738494	-17.612353364550938	12578	2618	0	0.034969041999999999
20260909	1844	upward_scan	70.426371169193445	16.777093694331139	23195	4827	0	0.070220958999999999
20260909	1845	uniform_accepted	35.87435387148485	-11.797787698524393	13040	2723	0	0.036476082999999999
20260909	1845	upward_scan	81.864732557139632	20.310671130917861	25870	5382	0	0.077171749999999997
20260909	1846	uniform_accepted	38.601908522316727	-14.624212803454965	15732	3198	0	0.040496083000000002
20260909	1846	upward_scan	65.466187869942203	13.56208733464849	20286	4230	0	0.057197875000000002
20260909	1847	uniform_accepted	34.205128139572977	-15.260733528041561	13031	2660	0	0.038275249999999997
20260909	1847	upward_scan	65.897351994220443	10.38654444572372	18479	3863	0	0.045098417000000002
20260909	1848	uniform_accepted	38.112590385364953	-18.857803358500725	14173	2989	0	0.040504916000000002
20260909	1848	upward_scan	48.052880182995104	2.7400336474152254	15137	3153	0	0.042481667000000001
20260909	1849	uniform_accepted	43.360656907518162	-10.023505077124579	15646	3229	0	0.045775416999999999
20260909	1849	upward_scan	75.372750044473676	15.884532284088973	23657	4909	0	0.065542917000000006
20260909	1850	uniform_accepted	32.482679728885806	-16.112247102296138	11628	2417	0	0.03168025
20260909	1850	upward_scan	65.377498239879358	14.404519616567521	20238	4221	0	0.058431667
20260909	1851	uniform_accepted	33.958755380516159	-13.775215807678599	14275	3021	0	0.037194167
20260909	1851	upward_scan	71.502445635125554	18.571057825226276	22813	4758	0	0.063394083000000004
20260909	1852	uniform_accepted	35.957962441743582	-11.793941029056519	12650	2631	0	0.031087
20260909	1852	upward_scan	53.074770551879368	5.5680510323588992	16426	3436	0	0.046464625000000002
20260909	1853	uniform_accepted	37.67319923736121	-15.585506084718087	15973	3243	0	0.045862458000000002
20260909	1853	upward_scan	64.668016011092348	12.159433736241755	20786	4318	0	0.058716541999999997
20260909	1854	uniform_accepted	25.739287441857883	-27.623397397762652	11070	2285	0	0.030738499999999998
20260909	1854	upward_scan	69.118179333567497	16.265678339576496	21561	4505	0	0.058217417
20260909	1855	uniform_accepted	35.832516334021307	-16.149324604145789	13199	2734	0	0.038962792000000003
20260909	1855	upward_scan	51.191412726256992	5.9580474889545139	16972	3535	0	0.04489075
20260909	1856	uniform_accepted	29.177675906809359	-32.175017921417044	16532	3476	0	0.048801166999999999
20260909	1856	upward_scan	76.563439064347193	15.710834529513455	23502	4896	0	0.066390124999999994
20260909	1857	uniform_accepted	25.211831595695806	-33.627900507184634	12324	2535	0	0.033626707999999998
20260909	1857	upward_scan	63.433720748763982	15.331878251169357	17667	3694	0	0.045425500000000001
20260909	1858	uniform_accepted	31.94510594020036	-20.354929480315548	11419	2410	0	0.031576541999999999
20260909	1858	upward_scan	56.098831973574057	4.4732324785050528	16088	3351	0	0.042703666000000001
20260909	1859	uniform_accepted	34.277759056916473	-19.811998588810152	13347	2769	0	0.031637917000000002
20260909	1859	upward_scan	56.612152404480831	10.33752327538436	16640	3475	0	0.044648291999999999
20260909	1860	uniform_accepted	19.45072758194474	-27.451337291199525	11490	2376	0	0.0308335
20260909	1860	upward_scan	66.46051583657605	12.33108704940901	22478	4695	0	0.069847707999999994
20260909	1861	uniform_accepted	51.174341165805728	-3.7325481854681373	17314	3579	0	0.046607915999999999
20260909	1861	upward_scan	67.677771349823487	14.721869010504726	21164	4404	0	0.057791166999999997
20260909	1862	uniform_accepted	42.757892829983078	-12.30497787018022	16561	3482	0	0.043585040999999998
20260909	1862	upward_scan	67.130425559189604	8.4922363076100051	21515	4485	0	0.056923291000000001
20260909	1863	uniform_accepted	33.083258398250564	-15.706264178301252	12878	2674	0	0.034906833999999998
20260909	1863	upward_scan	63.171196384376898	8.1783432856954761	19464	4052	0	0.053305832999999997
20260909	1864	uniform_accepted	36.08196893051899	-17.356397404527602	14138	2988	0	0.036139958
20260909	1864	upward_scan	67.799628010268734	14.438930930850253	20443	4270	0	0.055451041999999999
20260909	1865	uniform_accepted	37.990670927548074	-7.4892006033256173	16531	3362	0	0.046958125000000003
20260909	1865	upward_scan	65.421948665930586	11.37615426013889	18859	3946	0	0.051496040999999999
20260909	1866	uniform_accepted	25.630048327465126	-26.443321359849886	12553	2577	0	0.040319082999999999
20260909	1866	upward_scan	73.012770033220463	17.275872658298621	20963	4367	0	0.050977624999999999
20260909	1867	uniform_accepted	24.845483272453379	-28.626869888155827	11709	2437	0	0.031373499999999999
20260909	1867	upward_scan	49.379922293687791	2.7603650686024004	15127	3148	0	0.039926333000000001
20260909	1868	uniform_accepted	36.61448224031416	-13.355570524362122	13118	2776	0	0.034700957999999997
20260909	1868	upward_scan	51.841171349635374	5.4765783235857759	16938	3536	0	0.045641209000000002
20260909	1869	uniform_accepted	35.661062927825192	-11.863859780001073	13291	2758	0	0.036057666000000002
20260909	1869	upward_scan	55.76792714372931	10.297692770866005	17846	3706	0	0.049822625000000002
20260909	1870	uniform_accepted	39.475651306726014	-11.253250388343481	13693	2827	0	0.034800666000000001
20260909	1870	upward_scan	63.725686887592083	14.033237810736869	20497	4274	0	0.058130083999999999
20260909	1871	uniform_accepted	32.185105640225103	-20.458311503527096	13477	2855	0	0.037913166999999998
20260909	1871	upward_scan	63.045104740957967	12.645136161949338	19198	3998	0	0.053078709000000002
20260909	1872	uniform_accepted	30.424517351681061	-26.316508439418921	12989	2671	0	0.031571083999999999
20260909	1872	upward_scan	69.824021466587723	13.682618373984619	22363	4665	0	0.062710292000000001
20260909	1873	uniform_accepted	36.889243519479173	-15.986998602102689	13445	2823	0	0.038097832999999998
20260909	1873	upward_scan	64.202811914466665	13.841236646714353	20754	4322	0	0.056375833
20260909	1874	uniform_accepted	38.345069851186892	-13.697744510804311	15785	3303	0	0.049080666000000002
20260909	1874	upward_scan	65.070885314975015	15.884250395732325	19023	3972	0	0.049553417000000002
20260909	1875	uniform_accepted	32.364620842060795	-15.736918946427735	13853	2865	0	0.040016749999999997
20260909	1875	upward_scan	64.42547572304855	9.043379461490586	21709	4516	0	0.066050874999999995
20260909	1876	uniform_accepted	25.996323128424702	-25.899166623781394	12179	2550	0	0.034298834
20260909	1876	upward_scan	74.609023549788859	19.493486855338809	24147	5021	0	0.066001832999999996
20260909	1877	uniform_accepted	30.621201413907404	-24.024897195764979	12191	2562	0	0.032100125
20260909	1877	upward_scan	69.580417807010321	17.003777464364926	22642	4714	0	0.059074915999999998
20260909	1878	uniform_accepted	29.52761978049292	-21.912840560631405	15602	3272	0	0.045476457999999997
20260909	1878	upward_scan	66.556434171382065	11.925602298765986	20155	4204	0	0.051449957999999997
20260909	1879	uniform_accepted	34.388071236262896	-12.489083368664287	14323	2923	0	0.038015917000000003
20260909	1879	upward_scan	57.487109256446061	8.4433832130072481	18172	3795	0	0.054467915999999998
20260909	1880	uniform_accepted	27.849332014659566	-23.770182090648181	9919	2121	0	0.026191374999999999
20260909	1880	upward_scan	56.779756759035244	7.155909426065894	18882	3930	0	0.053826582999999997
20260909	1881	uniform_accepted	21.96046460937729	-31.536008814658317	10455	2181	0	0.029949791
20260909	1881	upward_scan	79.139166032856323	21.894984164363933	24162	5051	0	0.065308541999999997
20260909	1882	uniform_accepted	34.975351658398488	-11.752957612748039	12648	2583	0	0.032966333
20260909	1882	upward_scan	67.190776686438397	15.988611017036673	22151	4614	0	0.060819083000000003
20260909	1883	uniform_accepted	34.187973674633135	-14.788808290261521	14855	3024	0	0.038992582999999997
20260909	1883	upward_scan	70.865484541078885	17.476604971234512	21488	4470	0	0.055904583000000001
20260909	1884	uniform_accepted	35.894083499794334	-14.079004097700654	14925	3152	0	0.039195250000000001
20260909	1884	upward_scan	64.851947913755495	13.592335776840722	17920	3726	0	0.045617375000000002
20260909	1885	uniform_accepted	30.363117385385781	-20.743985612555001	13317	2769	0	0.036154540999999998
20260909	1885	upward_scan	75.886216279703774	11.367180430117569	23525	4906	0	0.067787791
20260909	1886	uniform_accepted	28.708790077729912	-23.2192417380043	13986	2889	0	0.039522750000000002
20260909	1886	upward_scan	70.21771037855558	14.067043631600896	23007	4798	0	0.061697209000000003
20260909	1887	uniform_accepted	23.406088764273598	-30.869781806754588	11808	2466	0	0.030968708000000001
20260909	1887	upward_scan	68.317429384604793	14.276895676081981	21658	4520	0	0.061166791999999998
20260909	1888	uniform_accepted	26.281651040186059	-24.829020693843781	12287	2520	0	0.034149125000000002
20260909	1888	upward_scan	56.665138432442383	10.756483244735273	19248	3998	0	0.055225375
20260909	1889	uniform_accepted	33.866410992393774	-17.490410692310292	15489	3223	0	0.041410250000000003
20260909	1889	upward_scan	57.469304465556419	9.3239861399640009	16965	3525	0	0.040373790999999999
20260909	1890	uniform_accepted	31.352663361769775	-23.952938245258238	13752	2899	0	0.038250791999999999
20260909	1890	upward_scan	67.065054948856826	17.153835116527631	21666	4520	0	0.061024957999999997
20260909	1891	uniform_accepted	40.17586245194822	-6.7047011499296953	15279	3153	0	0.042214874999999999
20260909	1891	upward_scan	63.639437340422511	14.151055281305974	19121	3990	0	0.053233916999999999
20260909	1892	uniform_accepted	35.587190386458431	-8.7187372324966432	15488	3208	0	0.044353208999999998
20260909	1892	upward_scan	73.745183784217929	19.105055889061703	24094	5009	0	0.065974749999999999
20260909	1893	uniform_accepted	33.612831536164457	-16.163668602435351	14956	3141	0	0.039923459000000001
20260909	1893	upward_scan	77.214781105997702	18.855005333467979	25632	5338	0	0.081130416999999996
20260909	1894	uniform_accepted	34.885363843407234	-17.270030087607331	15241	3148	0	0.043145416999999998
20260909	1894	upward_scan	71.877921351755148	18.908142603709166	21897	4570	0	0.056287291000000003
20260909	1895	uniform_accepted	32.654882461154898	-21.074095602153957	12588	2662	0	0.032224666999999999
20260909	1895	upward_scan	67.20802034765687	13.062576574905819	20389	4231	0	0.062115583000000002
20260909	1896	uniform_accepted	36.904614242993972	-9.8248658848221844	15926	3284	0	0.042191625000000003
20260909	1896	upward_scan	69.879643940569565	19.078833524919688	23647	4937	0	0.065371082999999996
20260909	1897	uniform_accepted	36.594713150092055	-11.748945544802472	14425	3024	0	0.042318250000000002
20260909	1897	upward_scan	55.426672884956801	8.5231665272699164	16959	3528	0	0.044971917
20260909	1898	uniform_accepted	40.542662258462201	-6.7740218739370563	15601	3235	0	0.04123425
20260909	1898	upward_scan	61.32573981902258	13.734710727100854	18866	3926	0	0.053913124999999999
20260909	1899	uniform_accepted	38.235589873938501	-13.059691458301071	16058	3334	0	0.044074583000000001
20260909	1899	upward_scan	70.41839648104299	16.073594552753399	21857	4554	0	0.058755333
20260909	1900	uniform_accepted	26.421446673414014	-30.612568054203383	13108	2789	0	0.038695958000000003
20260909	1900	upward_scan	58.555603099876905	12.585379361735031	18807	3912	0	0.051481832999999998
20260909	1901	uniform_accepted	24.969605610993003	-29.954163048314285	13012	2691	0	0.033584208999999997
20260909	1901	upward_scan	49.122457584706993	2.4681456561788719	15133	3150	0	0.042250915999999999
20260909	1902	uniform_accepted	38.160324215372377	-10.829956263490953	14639	3048	0	0.039143375000000001
20260909	1902	upward_scan	65.035797040335993	16.720457772160621	20186	4211	0	0.056472500000000002
20260909	1903	uniform_accepted	33.607836679259243	-15.512785984814251	15267	3190	0	0.045248249999999997
20260909	1903	upward_scan	75.017665940638651	20.270208628150115	25620	5334	0	0.077625417000000002
20260909	1904	uniform_accepted	26.405506228447923	-30.375856235343285	15212	3177	0	0.045582084000000002
20260909	1904	upward_scan	61.543535859058146	11.571856559919347	18550	3865	0	0.051332957999999998
20260909	1905	uniform_accepted	28.042128817409033	-19.496944645281424	12176	2528	0	0.032011334000000002
20260909	1905	upward_scan	72.492578984407956	16.437561761305954	21775	4541	0	0.062378749999999997
20260909	1906	uniform_accepted	35.156771416941027	-13.217814901004127	11654	2472	0	0.031715041999999999
20260909	1906	upward_scan	65.614046108549573	13.758903357683655	18971	3952	0	0.050784083000000001
20260909	1907	uniform_accepted	36.318031586366345	-16.45707849439297	17015	3512	0	0.045522416000000003
20260909	1907	upward_scan	72.881907015863689	18.702999574311054	24979	5208	0	0.071883500000000003
20260909	1908	uniform_accepted	25.117126135589029	-27.677986344939615	11510	2420	0	0.032797874999999997
20260909	1908	upward_scan	81.697238440637236	20.139526087194472	26417	5498	0	0.077565207999999997
20260909	1909	uniform_accepted	51.146175019089057	2.1818613680908889	16576	3491	0	0.047842875
20260909	1909	upward_scan	63.069623194661801	14.405557856662835	19575	4086	0	0.051637457999999997
20260909	1910	uniform_accepted	27.262112197598281	-19.216881516094606	11734	2450	0	0.035147790999999998
20260909	1910	upward_scan	63.726783575769481	14.193335552215848	19599	4090	0	0.052383458000000001
20260909	1911	uniform_accepted	37.986989450161204	-12.731998993053109	15165	3135	0	0.040052499999999998
20260909	1911	upward_scan	83.159970340183818	23.575685337398085	25010	5207	0	0.063402583999999998
20260909	1912	uniform_accepted	36.048926196932676	-22.414723842260411	14787	3053	0	0.043139208999999998
20260909	1912	upward_scan	68.75578872963095	13.139044577493532	21482	4485	0	0.054608625000000001
20260909	1913	uniform_accepted	27.330231600237376	-28.235045018095516	14763	3120	0	0.039821374999999999
20260909	1913	upward_scan	72.763335639716161	16.193288521461724	22541	4708	0	0.063765041999999994
20260909	1914	uniform_accepted	47.207428297654531	-6.6901724064293573	17120	3608	0	0.050147625000000001
20260909	1914	upward_scan	72.265714182442508	18.923675255190094	20217	4220	0	0.051477874999999999
20260909	1915	uniform_accepted	30.810135539839905	-19.078081101177276	14260	2993	0	0.040847208000000003
20260909	1915	upward_scan	64.38513082533764	11.973822367755595	19679	4094	0	0.051398332999999997
20260909	1916	uniform_accepted	36.680822748963898	-14.53801364085496	13994	2830	0	0.033594832999999998
20260909	1916	upward_scan	67.990560262231995	16.977102837495206	20933	4357	0	0.054142416999999998
20260909	1917	uniform_accepted	32.798972547140366	-14.971009005371485	14061	2917	0	0.041030166999999999
20260909	1917	upward_scan	58.944175354401395	9.7454829204606739	17242	3598	0	0.042697708000000001
20260909	1918	uniform_accepted	27.605223647186182	-20.074619814136781	12352	2590	0	0.034085666000000001
20260909	1918	upward_scan	59.168865360122112	11.132035886453854	19067	3973	0	0.056337041999999997
20260909	1919	uniform_accepted	33.059919742050056	-12.438821168153169	14216	2978	0	0.039587375000000001
20260909	1919	upward_scan	60.572232215053255	9.515564182568065	18928	3937	0	0.051320458999999999
20260909	1920	uniform_accepted	30.407632149765465	-24.89758819407902	12825	2665	0	0.033141707999999999
20260909	1920	upward_scan	71.236395230054654	19.499529987163573	21415	4468	0	0.068882082999999997
20260909	1921	uniform_accepted	33.005188433549769	-12.799121508565925	16329	3397	0	0.060600458000000003
20260909	1921	upward_scan	70.728288609854289	11.257261233801456	21190	4406	0	0.057451833000000001
20260909	1922	uniform_accepted	39.561692951137687	-10.491104039208732	15955	3320	0	0.043508458
20260909	1922	upward_scan	71.415049516056712	14.2051679832079	20729	4325	0	0.052336833999999999
20260909	1923	uniform_accepted	33.612967088236985	-23.449232818466992	11785	2412	0	0.032701458000000003
20260909	1923	upward_scan	56.71077780089594	7.1664757838860007	18264	3821	0	0.051432917000000002
20260909	1924	uniform_accepted	35.785816244148734	-11.7231544356119	14470	2999	0	0.041576165999999998
20260909	1924	upward_scan	55.160748476458842	8.3746608249749777	19232	3994	0	0.057949458000000002
20260909	1925	uniform_accepted	35.267049294255138	-16.3805494047512	14885	3153	0	0.042360874999999999
20260909	1925	upward_scan	59.580981066343341	10.51401134283066	19905	4147	0	0.05981475
20260909	1926	uniform_accepted	40.20257860532076	-6.038053401457625	14741	3078	0	0.041493916999999998
20260909	1926	upward_scan	62.554397588026426	11.758366265571484	19171	4006	0	0.051588083
20260909	1927	uniform_accepted	30.938214887326058	-28.177824565736415	15279	3124	0	0.043907542000000001
20260909	1927	upward_scan	63.853181051811021	14.342432268800678	18359	3811	0	0.050001375000000001
20260909	1928	uniform_accepted	23.242134630431899	-33.486075149810432	13118	2760	0	0.040874624999999998
20260909	1928	upward_scan	64.966428670269707	14.331808930203223	19993	4159	0	0.057132207999999997
20260909	1929	uniform_accepted	35.461521959770579	-12.175901819947187	14210	2981	0	0.036524916999999997
20260909	1929	upward_scan	66.689933565866767	14.212770497295709	21025	4389	0	0.058220167000000003
20260909	1930	uniform_accepted	33.60360548148445	-18.41961891243832	10632	2199	0	0.029834416999999998
20260909	1930	upward_scan	56.861342195308332	9.7148925532715644	16916	3523	0	0.046858042000000003
20260909	1931	uniform_accepted	30.134752340648511	-15.894738594589265	10921	2216	0	0.029270792
20260909	1931	upward_scan	61.599919114410724	9.4517221138668912	18941	3937	0	0.050796958000000003
20260909	1932	uniform_accepted	29.396862742172985	-27.606034649016053	13706	2857	0	0.037317791000000003
20260909	1932	upward_scan	78.030779846976671	16.888002654442133	23817	4975	0	0.067908790999999996
20260909	1933	uniform_accepted	34.054683846520483	-16.075728993171488	14726	3077	0	0.043360124999999999
20260909	1933	upward_scan	57.567871673765097	8.7994093662614787	17011	3557	0	0.060836250000000001
20260909	1934	uniform_accepted	29.898470670743752	-12.252393326710967	13651	2890	0	0.056341083
20260909	1934	upward_scan	71.543007942581966	19.062045634024905	21321	4439	0	0.061195167000000002
20260909	1935	uniform_accepted	29.589634371361839	-20.505608912990461	12544	2651	0	0.036308167000000002
20260909	1935	upward_scan	70.076184116351101	11.63891781315211	24267	5050	0	0.073942708999999995
20260909	1936	uniform_accepted	35.484119760063351	-11.951665411968541	10776	2253	0	0.028667167
20260909	1936	upward_scan	78.28479605399562	19.769829543918132	25686	5347	0	0.072603083999999998
20260909	1937	uniform_accepted	24.747086185050811	-34.956651329075903	12240	2587	0	0.034146375
20260909	1937	upward_scan	59.927820040170936	11.833577141564685	19350	4035	0	0.078140333000000006
20260909	1938	uniform_accepted	27.261047992692276	-19.431992417122217	12842	2708	0	0.056824041999999998
20260909	1938	upward_scan	66.204185896551635	12.930438819686456	18970	3968	0	0.051943416999999999
20260909	1939	uniform_accepted	40.947461921451655	-16.224962983432494	15926	3379	0	0.048355542000000001
20260909	1939	upward_scan	62.201074572311491	9.1693932223069226	18383	3825	0	0.050684209000000001
20260909	1940	uniform_accepted	28.740744156082819	-20.228873857859391	13055	2714	0	0.037681874999999997
20260909	1940	upward_scan	76.19311415204163	20.849996412840408	23662	4943	0	0.062576083000000005
20260909	1941	uniform_accepted	30.41313089395884	-14.766851527368608	14798	3052	0	0.042338374999999998
20260909	1941	upward_scan	59.865978410760441	12.523124800729878	19189	3999	0	0.055058084
20260909	1942	uniform_accepted	45.441204338179652	-2.8352706125835869	16551	3367	0	0.048157708
20260909	1942	upward_scan	60.557964440180577	13.189842742284487	18952	3948	0	0.058006874999999999
20260909	1943	uniform_accepted	42.870346459037592	-11.801940274373095	15217	3201	0	0.042824500000000001
20260909	1943	upward_scan	57.289312097349523	12.853894419133004	17744	3699	0	0.045652999999999999
20260909	1944	uniform_accepted	29.37262508397448	-20.817743033650569	15400	3215	0	0.042298457999999997
20260909	1944	upward_scan	79.661244940425036	21.57319153967341	26728	5561	0	0.080015541999999995
20260909	1945	uniform_accepted	31.53798399911684	-18.136611727998382	13493	2894	0	0.039196750000000002
20260909	1945	upward_scan	84.29262116696394	21.730464311005559	26997	5621	0	0.078067916000000001
20260909	1946	uniform_accepted	27.602173989148575	-22.429955420913878	13122	2692	0	0.037869209000000001
20260909	1946	upward_scan	67.66611561424763	16.246964343010848	20356	4257	0	0.056720417000000002
20260909	1947	uniform_accepted	37.99238508239182	-7.794900375031534	14998	3121	0	0.039906375000000001
20260909	1947	upward_scan	60.349698427129987	10.315590117297724	19113	3973	0	0.054650042000000003
20260909	1948	uniform_accepted	41.397072959646188	-13.074120636273785	15550	3183	0	0.040660500000000002
20260909	1948	upward_scan	71.72099109015484	17.336805253773434	20884	4367	0	0.059600416000000003
20260909	1949	uniform_accepted	45.965464124672465	-6.7017310311612031	14433	2990	0	0.037812916000000002
20260909	1949	upward_scan	67.97980352840672	18.726019726473123	21490	4486	0	0.061161083999999998
20260909	1950	uniform_accepted	20.586047134619459	-35.648598635765488	11166	2314	0	0.030537042
20260909	1950	upward_scan	61.023954792767604	8.6591723487872958	18467	3862	0	0.053334417000000002
20260909	1951	uniform_accepted	38.578691312584816	-4.2791005097604513	15486	3194	0	0.043575457999999997
20260909	1951	upward_scan	61.01043358221775	6.2301253059266335	18732	3908	0	0.053074458999999997
20260909	1952	uniform_accepted	23.254073190996678	-24.973050362631188	11809	2433	0	0.031131958000000001
20260909	1952	upward_scan	64.266244615175481	13.19982875495835	19568	4061	0	0.050016167
20260909	1953	uniform_accepted	39.64406892651143	-11.958610953477958	13716	2873	0	0.038318791999999997
20260909	1953	upward_scan	52.485480552461148	7.748790899546929	17289	3609	0	0.051677624999999998
20260909	1954	uniform_accepted	31.78580722835844	-17.386353193456522	13486	2778	0	0.035732832999999999
20260909	1954	upward_scan	77.049249697163219	19.868732731213736	24057	5013	0	0.071037584000000001
20260909	1955	uniform_accepted	27.365246369455829	-25.200953400462364	11556	2391	0	0.029976375
20260909	1955	upward_scan	62.493930516964575	10.770890279117022	18466	3855	0	0.052691584
20260909	1956	uniform_accepted	31.820246730239393	-18.073521231476057	14790	3069	0	0.046036209000000002
20260909	1956	upward_scan	61.103433070405288	8.5256246338164043	19589	4088	0	0.060253416999999997
20260909	1957	uniform_accepted	33.657973578593158	-16.38985397548856	14540	3021	0	0.041895333
20260909	1957	upward_scan	54.373898978036365	2.1593439682391331	15202	3173	0	0.040811582999999999
20260909	1958	uniform_accepted	37.057029825629279	-15.140773393123226	13138	2709	0	0.035818124999999999
20260909	1958	upward_scan	68.215356815955374	13.552195484328129	21071	4386	0	0.061036041999999999
20260909	1959	uniform_accepted	42.436003606655625	-8.3126398787236813	16660	3418	0	0.045913583000000001
20260909	1959	upward_scan	71.043957970113013	16.25168561732373	20346	4247	0	0.053092041
20260909	1960	uniform_accepted	29.549934487868775	-17.21971078590007	10533	2185	0	0.027223167
20260909	1960	upward_scan	67.193870196385618	14.024600033090225	21524	4491	0	0.061826082999999997
20260909	1961	uniform_accepted	38.693154336968703	-19.306775426451416	14783	3096	0	0.038279791000000001
20260909	1961	upward_scan	72.38038169619324	15.984986467109403	20407	4253	0	0.050583541000000003
20260909	1962	uniform_accepted	32.161425919905284	-16.844333702085937	13113	2718	0	0.034356833000000003
20260909	1962	upward_scan	53.138859097400548	7.7151343857414609	18484	3861	0	0.049778042000000002
20260909	1963	uniform_accepted	32.481186658171147	-19.815975110573778	15734	3246	0	0.046499582999999997
20260909	1963	upward_scan	73.039878708336857	17.988768505347789	23668	4922	0	0.066159042000000001
20260909	1964	uniform_accepted	49.550117025182978	-1.0367390838858772	15627	3217	0	0.039999374999999997
20260909	1964	upward_scan	66.578098257650709	16.323959902814252	20206	4220	0	0.052211958000000003
20260909	1965	uniform_accepted	39.982992802036016	-8.8494277690563106	14315	2990	0	0.041481875000000001
20260909	1965	upward_scan	48.747254323458584	4.3206102743360741	15964	3338	0	0.045430417000000001
20260909	1966	uniform_accepted	34.512816947279305	-18.189319793293929	15417	3179	0	0.044838541000000003
20260909	1966	upward_scan	73.409930727954418	16.276372295389876	22428	4673	0	0.062388458000000001
20260909	1967	uniform_accepted	52.198041896269388	-10.916181248654377	17635	3713	0	0.046755667000000001
20260909	1967	upward_scan	57.846841164376954	8.4228722088901016	17485	3635	0	0.047812209000000001
20260909	1968	uniform_accepted	26.721162494844418	-23.036624075468207	13265	2764	0	0.035653083000000002
20260909	1968	upward_scan	67.248652650067172	13.055276225975183	22248	4633	0	0.065075707999999996
20260909	1969	uniform_accepted	45.668268027852427	-11.103689012822652	14572	3061	0	0.036578041999999998
20260909	1969	upward_scan	59.920594227130358	7.2804158550853657	19518	4062	0	0.053193749999999998
20260909	1970	uniform_accepted	29.56074035707573	-26.827687441621745	13078	2666	0	0.038454083999999999
20260909	1970	upward_scan	65.874896201519505	15.442743114811321	20961	4378	0	0.060667582999999997
20260909	1971	uniform_accepted	33.167285112836808	-12.90893872604186	17227	3538	0	0.047114791000000003
20260909	1971	upward_scan	71.256484150431334	16.921956921280479	20998	4383	0	0.058186374999999999
20260909	1972	uniform_accepted	33.663396988198258	-16.01937002967367	13377	2736	0	0.033572416000000001
20260909	1972	upward_scan	67.357614786318805	15.06441470171279	20024	4180	0	0.049803124999999997
20260909	1973	uniform_accepted	31.997473975826939	-14.044756934616849	14116	2905	0	0.040952000000000002
20260909	1973	upward_scan	67.712332769025565	14.973999980654405	20356	4257	0	0.057052249999999999
20260909	1974	uniform_accepted	32.269885709417139	-19.909641306044289	11753	2350	0	0.030259667000000001
20260909	1974	upward_scan	65.611223053877879	13.992276072928894	18984	3968	0	0.049205375000000003
20260909	1975	uniform_accepted	41.021959574174687	-19.65205333080721	14176	2956	0	0.036785125000000002
20260909	1975	upward_scan	61.403617592231811	13.595892621581498	18937	3953	0	0.051617083000000001
20260909	1976	uniform_accepted	23.76823775489062	-29.413934144081686	11900	2510	0	0.033876583000000002
20260909	1976	upward_scan	69.022754487823775	16.960992807034966	20097	4204	0	0.051964791000000003
20260909	1977	uniform_accepted	27.978550779799733	-17.81097213407142	12336	2554	0	0.033709083000000001
20260909	1977	upward_scan	71.643767877986178	19.279564200774757	22791	4739	0	0.065537208
20260909	1978	uniform_accepted	24.080779735319901	-29.041034029604788	10818	2230	0	0.027613749999999999
20260909	1978	upward_scan	74.254611222486758	16.553967011977363	21706	4530	0	0.058624165999999998
20260909	1979	uniform_accepted	28.500551712058449	-18.533060086701688	15091	3140	0	0.043671082999999999
20260909	1979	upward_scan	71.397290297754324	15.202787540150592	21092	4405	0	0.056567208000000001
20260909	1980	uniform_accepted	42.868275427275201	-5.9139348684119888	17402	3629	0	0.050566459000000001
20260909	1980	upward_scan	60.56860113138125	7.3775629016529276	18175	3787	0	0.051753541
20260909	1981	uniform_accepted	34.245808111691403	-16.850012369968123	12905	2671	0	0.032528208000000003
20260909	1981	upward_scan	64.588322762722584	13.146127878279051	21197	4423	0	0.063466375000000005
20260909	1982	uniform_accepted	33.149264754513148	-19.427194540348868	14440	2906	0	0.037048583000000003
20260909	1982	upward_scan	65.117885402852352	17.095321449705526	20495	4269	0	0.057595458000000002
20260909	1983	uniform_accepted	27.296218982156486	-18.679931542358652	12522	2604	0	0.034744375000000001
20260909	1983	upward_scan	83.789064153420838	21.990229173446945	26120	5448	0	0.070737416999999997
20260909	1984	uniform_accepted	50.669644333297541	-1.2210989877010872	16935	3501	0	0.051334083000000003
20260909	1984	upward_scan	76.145678418364398	19.957779173658196	24675	5148	0	0.068795042000000001
20260909	1985	uniform_accepted	36.500197868810318	-18.453954755057662	13721	2870	0	0.038227417
20260909	1985	upward_scan	56.993450199201511	8.1085902541878969	16852	3517	0	0.041069957999999997
20260909	1986	uniform_accepted	32.093455129453389	-14.786687205819483	14166	2954	0	0.040377207999999998
20260909	1986	upward_scan	56.21831859617393	9.7510763109546073	16913	3523	0	0.043484000000000002
20260909	1987	uniform_accepted	46.007555629157153	-3.3884704583324097	16100	3353	0	0.043541207999999998
20260909	1987	upward_scan	66.616817105032226	15.873686966729796	19921	4159	0	0.056329084000000001
20260909	1988	uniform_accepted	39.350034002476548	-10.165243531127519	14026	2896	0	0.036157041000000001
20260909	1988	upward_scan	88.117810551681515	23.39716520388432	26406	5496	0	0.067876041999999998
20260909	1989	uniform_accepted	34.115001066354452	-20.118090853839167	13732	2895	0	0.039314083999999999
20260909	1989	upward_scan	55.200005846452271	9.771177794424748	17269	3602	0	0.044692625
20260909	1990	uniform_accepted	25.34501319977268	-23.693275118203438	12366	2578	0	0.034919291999999998
20260909	1990	upward_scan	80.222483769593353	18.384235488345475	25699	5354	0	0.075439249999999999
20260909	1991	uniform_accepted	31.745105103710276	-20.034920079974388	11754	2429	0	0.033008625
20260909	1991	upward_scan	66.985518906635278	11.265941423226138	21952	4566	0	0.065546208999999994
20260909	1992	uniform_accepted	35.378527456500805	-10.574208197606955	16615	3431	0	0.043964542000000002
20260909	1992	upward_scan	64.386775004469897	15.92675290046871	19607	4078	0	0.051432749999999999
20260909	1993	uniform_accepted	40.636094173637517	-10.195704316867637	16504	3432	0	0.047991041999999998
20260909	1993	upward_scan	75.399716065675349	19.27183966192419	23567	4918	0	0.065523125000000002
20260909	1994	uniform_accepted	40.585222709960888	-4.1030504874793801	15243	3175	0	0.040639750000000002
20260909	1994	upward_scan	78.763697393153095	16.062517694950213	23182	4843	0	0.062003333000000001
20260909	1995	uniform_accepted	26.03415056881747	-30.493842809054353	12995	2655	0	0.03803575
20260909	1995	upward_scan	76.685856073491053	20.06339001086894	22661	4727	0	0.058804957999999997
20260909	1996	uniform_accepted	44.914992117841479	-9.2543114320719297	14692	3089	0	0.039343542000000002
20260909	1996	upward_scan	60.845606794121423	11.350941724779199	18292	3818	0	0.046860290999999998
20260909	1997	uniform_accepted	45.626512722057392	-20.484826046193319	15031	3144	0	0.040007415999999997
20260909	1997	upward_scan	74.603120115411187	18.291898185447643	23214	4835	0	0.061124417
20260909	1998	uniform_accepted	42.107826274480999	-5.4573946722918549	16742	3426	0	0.044308458000000002
20260909	1998	upward_scan	61.279784620739257	11.889786242688125	19780	4119	0	0.051940124999999997
20260909	1999	uniform_accepted	34.710189406891224	-23.662416048696592	13554	2846	0	0.034754041999999999
20260909	1999	upward_scan	55.468230136980473	11.461259945869404	17572	3671	0	0.046684042000000002
20260909	2000	uniform_accepted	34.168187451611246	-21.264486921064918	12898	2701	0	0.033618584
20260909	2000	upward_scan	45.036357159414571	2.3295997669090007	14054	2924	0	0.039523333000000001
20260909	2001	uniform_accepted	35.136518386345891	-12.137135129355993	15266	3209	0	0.049250875
20260909	2001	upward_scan	62.393389193135405	9.9231801080724171	20365	4256	0	0.059316874999999998
20260909	2002	uniform_accepted	39.083313993748092	-7.9139908194221196	15561	3240	0	0.047288625000000001
20260909	2002	upward_scan	64.395431444430002	11.49006347202034	22134	4613	0	0.068067708000000005
20260909	2003	uniform_accepted	34.845338412005461	-15.901695713653828	16168	3299	0	0.042103083999999999
20260909	2003	upward_scan	80.677391899101465	19.215705941139035	27094	5626	0	0.079580541000000005
20260909	2004	uniform_accepted	30.09526422687933	-25.696943181966198	11799	2478	0	0.031091667
20260909	2004	upward_scan	62.109168574171967	13.027568933579913	18336	3822	0	0.052037833999999998
20260909	2005	uniform_accepted	40.16303237561398	-6.2987093495683508	16789	3576	0	0.048504917000000002
20260909	2005	upward_scan	72.396351362220329	15.71064386843771	24757	5147	0	0.072907917000000003
20260909	2006	uniform_accepted	25.731957591665477	-19.536402703572541	12545	2593	0	0.033958250000000002
20260909	2006	upward_scan	55.639407132963655	10.512092192778864	16703	3483	0	0.046651416000000001
20260909	2007	uniform_accepted	29.283885364059696	-24.559647035518775	12850	2630	0	0.034148166000000001
20260909	2007	upward_scan	61.322802161850319	11.462135346003436	19901	4137	0	0.058396666
20260909	2008	uniform_accepted	42.262224344093589	-6.049599936897061	15610	3280	0	0.042653833000000002
20260909	2008	upward_scan	59.1320523884932	9.2831844405220281	18699	3906	0	0.050099417
20260909	2009	uniform_accepted	53.232362483644017	-4.570853843440605	19342	3954	0	0.054552583000000002
20260909	2009	upward_scan	60.537728022364881	12.689988940622737	19951	4168	0	0.060892583
20260909	2010	uniform_accepted	36.585404939890182	-19.983967866365361	14846	3136	0	0.043444833000000002
20260909	2010	upward_scan	86.272156159525082	24.519292777205592	25600	5324	0	0.071612667000000005
20260909	2011	uniform_accepted	32.546372121151634	-29.64182567004978	11264	2375	0	0.028003709000000002
20260909	2011	upward_scan	68.982007890966202	18.50130495744903	20632	4292	0	0.058046958000000003
20260909	2012	uniform_accepted	34.533952003337902	-13.309346815686869	14638	3007	0	0.038596208999999999
20260909	2012	upward_scan	64.860843698742912	13.43352036229453	21606	4489	0	0.055908375000000003
20260909	2013	uniform_accepted	39.571399565100357	-15.935553178046792	15701	3265	0	0.042109542
20260909	2013	upward_scan	74.707650974913463	19.551824823651014	21509	4478	0	0.055831249999999999
20260909	2014	uniform_accepted	24.815943745628093	-24.790825209574461	10468	2228	0	0.028229041999999999
20260909	2014	upward_scan	65.652553570661397	15.425881458384278	21064	4391	0	0.057100084000000002
20260909	2015	uniform_accepted	35.234182205371575	-10.962625653357925	15203	3156	0	0.042319875
20260909	2015	upward_scan	60.203243905362108	12.300184012738605	18473	3858	0	0.052740916999999998
20260909	2016	uniform_accepted	31.089611983265321	-21.882592034648326	12361	2591	0	0.034380750000000002
20260909	2016	upward_scan	72.086448363515117	15.180286590396372	21824	4554	0	0.069854833000000005
20260909	2017	uniform_accepted	41.294722302036881	-11.381723232053446	13690	2840	0	0.033666542000000001
20260909	2017	upward_scan	69.343010477116778	13.556804006831822	19939	4157	0	0.059151333
20260909	2018	uniform_accepted	32.463452534820064	-23.410358145454378	13439	2836	0	0.036653749999999999
20260909	2018	upward_scan	71.830594463433741	19.523538081476261	23554	4910	0	0.069007874999999996
20260909	2019	uniform_accepted	28.945313636134681	-24.522721415789789	11190	2415	0	0.032054125000000003
20260909	2019	upward_scan	86.201899653356548	23.20740599619219	26866	5588	0	0.071777707999999996
20260909	2020	uniform_accepted	24.386259622547826	-25.806831620142862	13069	2701	0	0.034190749999999999
20260909	2020	upward_scan	68.731456091375932	17.102242599069676	21605	4522	0	0.062508084000000005
20260909	2021	uniform_accepted	31.483577762651706	-20.679109976908698	14147	3018	0	0.044621000000000001
20260909	2021	upward_scan	72.815371435897219	17.509499894816191	22143	4608	0	0.058793625000000002
20260909	2022	uniform_accepted	28.565797542946115	-28.995103283873927	14676	3055	0	0.037583667000000001
20260909	2022	upward_scan	71.140366769969859	17.383666094820633	20751	4324	0	0.053885791000000002
20260909	2023	uniform_accepted	42.414440744585185	-8.0082115592621683	15857	3309	0	0.043214250000000003
20260909	2023	upward_scan	68.213138641764544	12.796095728666561	19898	4148	0	0.053423749999999999
20260909	2024	uniform_accepted	39.655362499521218	-6.0993679275121693	16484	3394	0	0.044845583000000001
20260909	2024	upward_scan	82.267463047435669	18.028232467359647	23450	4884	0	0.063853584000000005
20260909	2025	uniform_accepted	27.870159624310819	-29.242953795968123	11593	2401	0	0.031638708000000001
20260909	2025	upward_scan	53.285821848230775	6.9258252314993536	15761	3290	0	0.043830332999999999
20260909	2026	uniform_accepted	34.289590603156462	-23.176621484298195	13350	2776	0	0.036317584
20260909	2026	upward_scan	60.313160194954321	11.184191830789889	18887	3946	0	0.055295457999999999
20260909	2027	uniform_accepted	28.358484798628112	-28.974277202947249	12863	2683	0	0.035528333000000002
20260909	2027	upward_scan	59.733128331923382	8.232280363740557	19842	4132	0	0.055560958000000001
20260909	2028	uniform_accepted	39.324560577971667	-3.8284141404566068	16085	3347	0	0.043169249999999999
20260909	2028	upward_scan	59.844432661737684	13.755894685009011	19727	4115	0	0.055682124999999999
20260909	2029	uniform_accepted	32.35591760437876	-18.970671145939999	12206	2515	0	0.031074791000000001
20260909	2029	upward_scan	64.987326863969017	17.110132376370451	18727	3906	0	0.048620249999999997
20260909	2030	uniform_accepted	37.590629585691659	-16.436900435828829	15282	3239	0	0.047951750000000001
20260909	2030	upward_scan	64.915790387592395	14.617695050825223	20237	4215	0	0.060985125000000001
20260909	2031	uniform_accepted	31.772631377982599	-23.516080563714485	13807	2853	0	0.036744084000000003
20260909	2031	upward_scan	77.606841619160434	20.809761846368172	24616	5125	0	0.069584624999999997
20260909	2032	uniform_accepted	45.358980358020133	-3.5262579207835101	15980	3372	0	0.047120207999999997
20260909	2032	upward_scan	70.827026758112055	9.8663415382711115	21314	4441	0	0.052104166
20260909	2033	uniform_accepted	38.106507932471622	-18.768398667657909	15851	3399	0	0.046415540999999998
20260909	2033	upward_scan	64.589753233958305	12.142390685406305	19563	4076	0	0.055422208000000001
20260909	2034	uniform_accepted	44.863614206564591	-3.3432889931672056	14983	3052	0	0.038593124999999999
20260909	2034	upward_scan	56.845614078102258	10.059484280402248	16462	3441	0	0.044823750000000002
20260909	2035	uniform_accepted	43.65131203955351	-17.951812003337842	16175	3336	0	0.042472250000000003
20260909	2035	upward_scan	69.083569317274126	14.038259018234932	20740	4319	0	0.055789709
20260909	2036	uniform_accepted	29.402253472414415	-23.392694493592618	13301	2720	0	0.035600082999999998
20260909	2036	upward_scan	80.257351521940393	17.499528045763583	23011	4798	0	0.062217208000000003
20260909	2037	uniform_accepted	33.176641633203118	-10.371564444142207	13846	2883	0	0.036405374999999997
20260909	2037	upward_scan	56.688965267043727	10.504683950415371	17477	3639	0	0.045747500000000003
20260909	2038	uniform_accepted	28.139300873138097	-20.811658214480875	11121	2317	0	0.032305417000000003
20260909	2038	upward_scan	67.127278672683843	12.084916667706842	20414	4250	0	0.054922875000000003
20260909	2039	uniform_accepted	27.581159851354247	-19.038793704846938	11938	2506	0	0.033799500000000003
20260909	2039	upward_scan	56.858629841473508	10.016658861393957	18511	3855	0	0.058886833
20260909	2040	uniform_accepted	32.584908146717574	-16.872570953627068	14667	3063	0	0.039688583
20260909	2040	upward_scan	69.378496756064763	15.425744056898594	20815	4328	0	0.054444874999999997
20260909	2041	uniform_accepted	37.269711918921764	-11.500406729193426	16327	3367	0	0.049704708
20260909	2041	upward_scan	61.27155222382266	9.6240807751157291	18822	3938	0	0.056604000000000002
20260909	2042	uniform_accepted	36.083978335368734	-15.517012988443003	14313	2943	0	0.043612499999999998
20260909	2042	upward_scan	60.751995757793146	11.367166947841023	17896	3724	0	0.045522917000000003
20260909	2043	uniform_accepted	33.598077041824261	-14.70737242922822	15768	3277	0	0.043251625000000002
20260909	2043	upward_scan	68.455252275901927	16.013718036280089	20206	4204	0	0.055700416000000003
20260909	2044	uniform_accepted	41.199101967157581	-16.563909452038363	15841	3295	0	0.045147041999999998
20260909	2044	upward_scan	69.923040540277185	16.470948719057176	22437	4670	0	0.063617541999999999
20260909	2045	uniform_accepted	33.648655265234623	-17.0239232122061	13569	2842	0	0.037992291999999997
20260909	2045	upward_scan	58.966084512346917	11.121592373433757	16545	3464	0	0.043058290999999999
20260909	2046	uniform_accepted	31.189992476316103	-15.710285005962287	14134	2944	0	0.039191707999999999
20260909	2046	upward_scan	66.075009369808413	17.140356896262677	22218	4636	0	0.064534208999999995
20260909	2047	uniform_accepted	35.596017057750451	-9.7675304121127731	15899	3312	0	0.045694791999999998
20260909	2047	upward_scan	70.471942049927378	16.952907173832021	19485	4074	0	0.045767042000000001
20260909	2048	uniform_accepted	37.975475125095045	-8.8841953134669911	17525	3594	0	0.048521833
20260909	2048	upward_scan	63.56025885298839	5.4618566442962289	18412	3834	0	0.050532208000000002
20260909	2049	uniform_accepted	25.284692048878131	-26.435445229863699	12359	2577	0	0.036382207999999999
20260909	2049	upward_scan	61.447288565722822	10.116244308412375	17623	3675	0	0.043929124999999999
20260909	2050	uniform_accepted	36.193378478291478	-20.116005959700537	15684	3223	0	0.042859874999999999
20260909	2050	upward_scan	53.561784773079204	8.534490895821607	17284	3596	0	0.047561291999999998
20260909	2051	uniform_accepted	25.972249376111183	-24.208424952105929	10140	2128	0	0.027784834000000001
20260909	2051	upward_scan	72.637599946291573	16.796788180136524	22228	4623	0	0.057688208999999997
20260909	2052	uniform_accepted	40.167045819255307	-8.6669531030968869	16008	3347	0	0.044655459000000002
20260909	2052	upward_scan	60.478466370268698	11.091336823850058	19149	3988	0	0.055713458
20260909	2053	uniform_accepted	43.472693470394553	-9.8479959229106768	13859	2915	0	0.03628675
20260909	2053	upward_scan	59.064351986246486	10.754626184662023	19393	4051	0	0.058048458999999997
20260909	2054	uniform_accepted	36.638386657807708	-12.078071978863504	14415	3017	0	0.040714082999999998
20260909	2054	upward_scan	66.18958038267786	14.040249927661989	19406	4050	0	0.055084042
20260909	2055	uniform_accepted	31.317760402770425	-19.721317068139491	17267	3587	0	0.049671667000000003
20260909	2055	upward_scan	68.262184571997608	11.569619526789534	22639	4714	0	0.060547749999999997
20260909	2056	uniform_accepted	36.37623548046691	-18.860819297805673	13790	2879	0	0.041205375000000002
20260909	2056	upward_scan	63.989950064318052	9.7124626620540511	18013	3746	0	0.047627916999999999
20260909	2057	uniform_accepted	37.616859782312176	-13.11994218788584	15213	3138	0	0.042390042000000003
20260909	2057	upward_scan	72.740738880409154	17.098387249717579	21954	4585	0	0.058825042000000001
20260909	2058	uniform_accepted	22.990531380032273	-43.012474729877823	9861	2094	0	0.027491417000000001
20260909	2058	upward_scan	67.144127259550231	12.900910427305327	20446	4245	0	0.054110166000000001
20260909	2059	uniform_accepted	31.615019316862984	-18.19354496007065	13447	2790	0	0.039220667000000001
20260909	2059	upward_scan	74.873192513701724	11.793058411720498	24696	5168	0	0.080440499999999998
20260909	2060	uniform_accepted	28.19749353051073	-25.512943693693561	12125	2485	0	0.035372332999999999
20260909	2060	upward_scan	64.928684384694961	13.805085319508251	19700	4108	0	0.063332417000000002
20260909	2061	uniform_accepted	45.221976367597271	-3.0858959584819443	15031	3109	0	0.039702500000000002
20260909	2061	upward_scan	62.704561293067322	12.41232945043917	19271	4015	0	0.050533750000000002
20260909	2062	uniform_accepted	36.88306685117935	-11.604514206399799	12790	2688	0	0.037189209000000001
20260909	2062	upward_scan	66.87601228698918	14.086976880182505	19903	4153	0	0.050001707999999999
20260909	2063	uniform_accepted	28.738219294417693	-26.256628559532093	16207	3381	0	0.043179583000000001
20260909	2063	upward_scan	65.078342066218852	16.037975023621687	21735	4531	0	0.060610249999999997
20260909	2064	uniform_accepted	34.45726925455849	-18.310642652834527	12353	2593	0	0.031616708
20260909	2064	upward_scan	57.182235246799188	8.7069449503527867	19278	4028	0	0.055697416999999999
20260909	2065	uniform_accepted	33.112985497242164	-15.371476617452981	15068	3160	0	0.046315916999999998
20260909	2065	upward_scan	49.002457647330061	6.5835125034429236	16007	3328	0	0.046166459
20260909	2066	uniform_accepted	31.885139386839953	-18.708890234884265	12552	2584	0	0.033093125000000001
20260909	2066	upward_scan	80.460121638337895	19.430661684828554	26202	5455	0	0.073049958999999998
20260909	2067	uniform_accepted	30.068449347048379	-20.554259725724563	11716	2417	0	0.030229667000000002
20260909	2067	upward_scan	72.539149251020334	16.35539604074653	23323	4864	0	0.064379459
20260909	2068	uniform_accepted	43.555535201869986	-3.9293726085964886	16067	3333	0	0.047771041
20260909	2068	upward_scan	77.507442716040657	15.932441420372641	25735	5353	0	0.079600166999999999
20260909	2069	uniform_accepted	45.578358653905042	-5.5525468155687889	16793	3441	0	0.047578292000000001
20260909	2069	upward_scan	69.78407129758088	16.770453848369662	22189	4618	0	0.058490333999999998
20260909	2070	uniform_accepted	31.793665966147408	-15.751324996826185	17707	3648	0	0.049814125000000001
20260909	2070	upward_scan	74.453951997729106	14.941857463241853	19581	4077	0	0.050206791000000001
20260909	2071	uniform_accepted	29.632239048035068	-15.05683040662119	10313	2191	0	0.030133875000000001
20260909	2071	upward_scan	61.434298359167144	9.6367489176688483	19638	4091	0	0.052614915999999998
20260909	2072	uniform_accepted	37.559325869034666	-12.851385101593916	13527	2830	0	0.035922999999999997
20260909	2072	upward_scan	68.39226911869693	17.468084582620012	21853	4549	0	0.063342959000000004
20260909	2073	uniform_accepted	42.134007791859972	-12.877067591832979	15060	3120	0	0.044437416
20260909	2073	upward_scan	68.901623898486022	12.718278319601055	22193	4603	0	0.064540374999999997
20260909	2074	uniform_accepted	44.713775732149784	-8.3907982944277428	14509	3009	0	0.044331750000000003
20260909	2074	upward_scan	72.156960538547665	20.241497121731154	23094	4811	0	0.060834125000000003
20260909	2075	uniform_accepted	26.039422434139944	-32.055145732799232	12599	2629	0	0.031440457999999998
20260909	2075	upward_scan	61.945580925486276	11.409068845130449	19920	4148	0	0.057176875000000002
20260909	2076	uniform_accepted	37.194214969490872	-16.490195179327518	14561	3005	0	0.036395792000000003
20260909	2076	upward_scan	70.837192458430593	18.589640716997152	24052	5011	0	0.067730833000000004
20260909	2077	uniform_accepted	39.675631127068087	-7.3562982117161626	15753	3325	0	0.044216041999999997
20260909	2077	upward_scan	72.923788561552755	16.804857286390998	20477	4278	0	0.055445874999999999
20260909	2078	uniform_accepted	31.503586311705394	-21.292122459569427	16391	3435	0	0.050951084000000001
20260909	2078	upward_scan	62.29018415472818	12.357603648669796	19928	4159	0	0.054020083000000003
20260909	2079	uniform_accepted	34.751935256025007	-13.402260186449139	14425	2971	0	0.041242250000000001
20260909	2079	upward_scan	68.608159267839341	14.780253624533387	21623	4512	0	0.064077207999999997
20260909	2080	uniform_accepted	42.899193469103992	-6.8718797410444505	16731	3482	0	0.047959791000000002
20260909	2080	upward_scan	88.656062308431899	26.560136917781069	27092	5632	0	0.073739542000000005
20260909	2081	uniform_accepted	31.465164570570977	-19.590827695032935	12457	2609	0	0.035229584000000001
20260909	2081	upward_scan	56.889405913545623	10.307687909567267	17426	3629	0	0.051247624999999998
20260909	2082	uniform_accepted	34.173350539123192	-14.713782882226537	12073	2570	0	0.034465250000000003
20260909	2082	upward_scan	51.768470143084642	7.164309212606538	16218	3392	0	0.045461874999999999
20260909	2083	uniform_accepted	42.56466432427937	-4.8222355318842833	13635	2906	0	0.042726624999999997
20260909	2083	upward_scan	70.640857521928638	14.114087113630992	24134	5029	0	0.070968083000000001
20260909	2084	uniform_accepted	37.472679083128391	-17.847160676134092	14924	3100	0	0.039272374999999998
20260909	2084	upward_scan	74.324831201555497	20.025665338648988	23346	4857	0	0.067332292000000002
20260909	2085	uniform_accepted	31.672000084508571	-16.041386162758005	13217	2765	0	0.037649291000000001
20260909	2085	upward_scan	56.940966083354461	8.6788769902404237	16826	3512	0	0.044188375000000002
20260909	2086	uniform_accepted	34.738280275339086	-16.363524935809703	13068	2680	0	0.033721959000000003
20260909	2086	upward_scan	56.907292177448944	9.198273199171167	17647	3698	0	0.046440333
20260909	2087	uniform_accepted	42.686151422035245	-12.15381662852195	14515	3008	0	0.041251583000000001
20260909	2087	upward_scan	58.172211034538719	8.7014379888428657	16815	3507	0	0.042376749999999998
20260909	2088	uniform_accepted	33.568180295517571	-15.2022893976843	15311	3125	0	0.044939874999999997
20260909	2088	upward_scan	48.477766330205966	1.8340779982188802	14715	3086	0	0.038693499999999999
20260909	2089	uniform_accepted	32.253251437510194	-25.706036782081249	13025	2652	0	0.035171874999999998
20260909	2089	upward_scan	68.811924246431971	16.412254863747503	21410	4464	0	0.060775165999999999
20260909	2090	uniform_accepted	31.94440921845387	-22.835903930363333	10994	2315	0	0.029118374999999998
20260909	2090	upward_scan	66.163483707382213	14.876249205391046	20458	4268	0	0.055677625000000001
20260909	2091	uniform_accepted	36.612330448318559	-18.602188974691924	14281	2881	0	0.039595125000000002
20260909	2091	upward_scan	59.89570752105918	10.80571171089864	18994	3960	0	0.054212000000000003
20260909	2092	uniform_accepted	29.754011027433908	-21.894813318824664	10867	2258	0	0.029972792000000002
20260909	2092	upward_scan	80.266649065927581	16.087772035607941	23802	4967	0	0.072063540999999995
20260909	2093	uniform_accepted	21.968929794590899	-25.683567143634647	10511	2180	0	0.028820167000000001
20260909	2093	upward_scan	67.788703192603151	17.850133331966177	21059	4392	0	0.058188416
20260909	2094	uniform_accepted	29.170604491959541	-23.320189217194784	12903	2659	0	0.036530374999999997
20260909	2094	upward_scan	64.174755241266368	11.603292574233858	20073	4168	0	0.054988374999999999
20260909	2095	uniform_accepted	41.34669278783457	-3.8790480130872584	14558	3029	0	0.041923750000000003
20260909	2095	upward_scan	66.874941150775598	13.112086754943739	20697	4306	0	0.056399584000000003
20260909	2096	uniform_accepted	29.117677536197682	-23.526301883021631	14116	2983	0	0.040765250000000003
20260909	2096	upward_scan	71.599051818771642	13.046687637634815	23093	4816	0	0.065007583999999993
20260909	2097	uniform_accepted	34.64423322016512	-17.167712908660967	13703	2856	0	0.038691708999999998
20260909	2097	upward_scan	64.004299688230006	12.217731150039427	20225	4210	0	0.055296541999999997
20260909	2098	uniform_accepted	44.660609390516079	-8.1400096625953235	15672	3271	0	0.040452792000000001
20260909	2098	upward_scan	78.790592914233272	16.823339023301887	23869	4994	0	0.062491875000000002
20260909	2099	uniform_accepted	25.832477491365744	-18.730369654998174	11259	2273	0	0.029117291
20260909	2099	upward_scan	53.294985720786229	7.5302701669054093	17397	3620	0	0.048693459000000001
20260909	2100	uniform_accepted	38.971470852739444	-9.5338163536811056	15251	3233	0	0.040120125
20260909	2100	upward_scan	68.57068050853502	12.704538290953314	20010	4171	0	0.053858875
20260909	2101	uniform_accepted	27.61143806843868	-27.682291510604784	12205	2552	0	0.035270208999999997
20260909	2101	upward_scan	54.628651442784275	8.4380460298290387	16541	3434	0	0.042368666999999999
20260909	2102	uniform_accepted	34.757835231173523	-17.32816887830829	15315	3138	0	0.043170791999999999
20260909	2102	upward_scan	68.047526179552918	16.042235299005547	19463	4060	0	0.053163209000000003
20260909	2103	uniform_accepted	35.956536136336972	-12.580706736542492	15057	3118	0	0.040088166000000001
20260909	2103	upward_scan	63.687868072222749	11.388816829068045	19352	4033	0	0.053944416000000002
20260909	2104	uniform_accepted	38.439518054830444	-15.404292008291781	13959	2852	0	0.036216625000000002
20260909	2104	upward_scan	65.234794821870068	12.573876584549691	21354	4451	0	0.062782000000000004
20260909	2105	uniform_accepted	30.761951447103609	-14.264271806018474	11840	2446	0	0.032506874999999998
20260909	2105	upward_scan	56.929678964691284	12.729644926178505	16799	3507	0	0.046342666999999997
20260909	2106	uniform_accepted	41.5152368232201	-14.536002132218428	15019	3105	0	0.036546833000000001
20260909	2106	upward_scan	64.395003272969987	15.295076373143361	19056	3967	0	0.052126875000000003
20260909	2107	uniform_accepted	32.941116416937916	-13.164098096418019	13050	2737	0	0.038422041999999997
20260909	2107	upward_scan	54.204609316135397	8.4766136091972637	18317	3814	0	0.052053457999999997
20260909	2108	uniform_accepted	28.244621236074995	-23.863249038183397	12113	2518	0	0.032967875000000001
20260909	2108	upward_scan	65.602333137114897	13.113163066795257	20104	4204	0	0.055620584000000001
20260909	2109	uniform_accepted	29.828998252516779	-20.496386254036032	12435	2584	0	0.033233040999999998
20260909	2109	upward_scan	72.02851539297869	18.295575040432883	24073	5020	0	0.073224417
20260909	2110	uniform_accepted	41.940715455232457	-10.987609316391492	16467	3358	0	0.044431249999999999
20260909	2110	upward_scan	64.919556098639902	14.121693700085007	18279	3791	0	0.049124209000000002
20260909	2111	uniform_accepted	29.812481965254314	-23.084011907204072	12338	2542	0	0.031836084000000001
20260909	2111	upward_scan	53.68937227512442	6.9588765520363598	17413	3634	0	0.045857792000000001
20260909	2112	uniform_accepted	36.19577282667013	-17.999526833751609	16786	3480	0	0.046431417000000003
20260909	2112	upward_scan	56.735352211644511	11.850233589503301	16974	3535	0	0.043773791999999999
20260909	2113	uniform_accepted	33.817362412233685	-21.050821105781161	13712	2829	0	0.036928334
20260909	2113	upward_scan	72.116091763328953	17.941218738775557	20356	4245	0	0.053962333000000001
20260909	2114	uniform_accepted	26.038006341141106	-21.378676030977214	14266	2891	0	0.040740125000000002
20260909	2114	upward_scan	71.787485322800705	16.922604064843419	19688	4105	0	0.050260958000000001
20260909	2115	uniform_accepted	35.053092279709098	-13.509584382317403	14652	3002	0	0.040899083000000003
20260909	2115	upward_scan	81.785300391361233	21.767485775853494	27853	5797	0	0.082917415999999994
20260909	2116	uniform_accepted	28.780696562184872	-25.748071963586032	12431	2565	0	0.031230750000000002
20260909	2116	upward_scan	67.720624113236582	15.088408614284909	20028	4187	0	0.050581374999999998
20260909	2117	uniform_accepted	35.471157626543025	-20.618583257213778	13582	2804	0	0.040230916999999998
20260909	2117	upward_scan	58.091652270535064	4.8200946402456202	18701	3898	0	0.049882707999999998
20260909	2118	uniform_accepted	50.053448142121908	-4.0269857490194445	16365	3330	0	0.041329207999999999
20260909	2118	upward_scan	67.468700778517757	13.544173444623997	19470	4046	0	0.048645792
20260909	2119	uniform_accepted	34.912505275988202	-18.015194269264391	14532	3003	0	0.042533916999999997
20260909	2119	upward_scan	63.111839061935065	11.801264018106291	20168	4199	0	0.053240625
20260909	2120	uniform_accepted	37.045865524933433	-14.072944333842388	12955	2684	0	0.035522999999999999
20260909	2120	upward_scan	60.307770921330139	13.539292725021632	19194	4004	0	0.052314375000000003
20260909	2121	uniform_accepted	35.148138199268303	-15.382025457813205	15322	3127	0	0.042200291000000001
20260909	2121	upward_scan	60.639536957171273	9.7449486715491815	19410	4064	0	0.052365457999999997
20260909	2122	uniform_accepted	36.985420358137922	-12.22500666905278	13654	2866	0	0.037370250000000001
20260909	2122	upward_scan	57.85681301650596	11.90175534572899	16504	3442	0	0.044865084
20260909	2123	uniform_accepted	32.575400386930475	-21.567076295330239	12711	2606	0	0.034702875000000001
20260909	2123	upward_scan	58.846201624978541	9.1781372759885258	18771	3909	0	0.048332
20260909	2124	uniform_accepted	41.163539126348098	-5.8466008914250596	15037	3124	0	0.041645416999999997
20260909	2124	upward_scan	49.927546704634395	9.3912902503982973	14846	3102	0	0.039059542000000003
20260909	2125	uniform_accepted	31.831396119493206	-15.1311306685978	15005	3139	0	0.045457834000000003
20260909	2125	upward_scan	76.419885432894489	18.36552429157857	23053	4781	0	0.057195250000000003
20260909	2126	uniform_accepted	30.136699734003486	-29.491641054213986	14108	2909	0	0.042679665999999998
20260909	2126	upward_scan	55.281680195767485	5.1650655917733905	16316	3410	0	0.04275325
20260909	2127	uniform_accepted	29.320188428504991	-16.301885335429667	13205	2757	0	0.036693542000000003
20260909	2127	upward_scan	71.773557323316496	15.452299769688969	21757	4524	0	0.058310167000000003
20260909	2128	uniform_accepted	23.249090523067121	-32.185803522328122	12138	2539	0	0.033007333
20260909	2128	upward_scan	59.494580563814772	10.023061674341569	19724	4116	0	0.052399416999999997
20260909	2129	uniform_accepted	37.164253093516145	-20.661212790618524	16193	3371	0	0.043693416999999998
20260909	2129	upward_scan	54.108259611605753	9.9494342508832325	17686	3698	0	0.050192291
20260909	2130	uniform_accepted	33.552385753891684	-20.81382717821209	14275	2961	0	0.039367832999999998
20260909	2130	upward_scan	68.212933686763165	12.333634511231065	21348	4453	0	0.056955082999999997
20260909	2131	uniform_accepted	28.44596502973468	-21.626804567746731	13331	2791	0	0.040459124999999999
20260909	2131	upward_scan	66.359400912486279	10.869023301958457	18484	3833	0	0.047836625000000001
20260909	2132	uniform_accepted	29.070299238833712	-25.175479180224109	12449	2612	0	0.032513624999999997
20260909	2132	upward_scan	67.641302117568785	12.688099327737987	21343	4450	0	0.055004875000000002
20260909	2133	uniform_accepted	46.653993662240545	-13.82434918059047	15069	3119	0	0.036193666999999999
20260909	2133	upward_scan	72.67766732649865	18.938557406637564	22592	4707	0	0.062369708000000003
20260909	2134	uniform_accepted	37.658287744128081	-20.353789190743491	15891	3285	0	0.045563958000000002
20260909	2134	upward_scan	68.992789798150696	15.0919889681357	20514	4268	0	0.049349042000000003
20260909	2135	uniform_accepted	28.025891369513115	-17.940686323818241	12588	2593	0	0.031876209000000003
20260909	2135	upward_scan	64.014324494202896	13.73332822954622	20807	4336	0	0.055867915999999997
20260909	2136	uniform_accepted	35.518502598527064	-15.650643217106236	14856	3104	0	0.040938792000000002
20260909	2136	upward_scan	68.26080189457069	11.880556332873441	22083	4601	0	0.062621583999999994
20260909	2137	uniform_accepted	31.532743679981589	-24.945746402834214	13556	2829	0	0.039354541
20260909	2137	upward_scan	62.183235313923291	11.198072929714897	19155	4008	0	0.056196583000000001
20260909	2138	uniform_accepted	34.141889782305185	-12.568664805922008	16830	3489	0	0.049831709000000002
20260909	2138	upward_scan	57.00820763522173	9.8593361657704861	18433	3854	0	0.054929416000000002
20260909	2139	uniform_accepted	41.390999063005594	-13.248959068752356	14429	3029	0	0.038134708000000003
20260909	2139	upward_scan	55.359399041949196	7.825376051234457	15490	3234	0	0.040768458
20260909	2140	uniform_accepted	37.215677334325164	-17.040039790643146	14211	2912	0	0.037903667000000002
20260909	2140	upward_scan	60.941904511999873	12.795807127644689	18390	3832	0	0.048726582999999997
20260909	2141	uniform_accepted	36.404004414208806	-23.147213175103541	13541	2848	0	0.035009582999999997
20260909	2141	upward_scan	59.547779688096824	9.3478727052894328	18223	3799	0	0.054617208
20260909	2142	uniform_accepted	36.566636530701935	-13.657230440567194	16333	3376	0	0.046681166000000003
20260909	2142	upward_scan	71.708375061395017	18.024639703298629	22426	4680	0	0.063926499999999997
20260909	2143	uniform_accepted	37.682101333726301	-18.686536105521608	14109	2940	0	0.035730667000000001
20260909	2143	upward_scan	54.299426909480545	1.2973365843942191	16818	3509	0	0.044504208000000003
20260909	2144	uniform_accepted	30.147768148426326	-18.601331444050611	9814	2057	0	0.024866042000000001
20260909	2144	upward_scan	67.912145881212908	14.519907264268657	21832	4549	0	0.060865957999999998
20260909	2145	uniform_accepted	33.749957512338895	-14.768470847688038	13547	2801	0	0.033417250000000003
20260909	2145	upward_scan	58.27015513721318	8.7841945141923201	19025	3967	0	0.050598333000000002
20260909	2146	uniform_accepted	32.806302473972423	-20.70558423447612	13781	2866	0	0.037293709000000001
20260909	2146	upward_scan	82.343102972613806	23.240833472588204	25547	5320	0	0.071257874999999998
20260909	2147	uniform_accepted	41.136892740296325	-7.1311840138800662	14136	2907	0	0.037846333000000003
20260909	2147	upward_scan	89.046507339165842	24.893906589370896	27108	5647	0	0.072523915999999994
20260909	2148	uniform_accepted	32.070989608758701	-19.642404732558788	12181	2523	0	0.032708083999999998
20260909	2148	upward_scan	63.466707782906887	11.851123959795714	20993	4372	0	0.063467625
20260909	2149	uniform_accepted	37.234351157564127	-14.366664234907493	15479	3141	0	0.040319332999999999
20260909	2149	upward_scan	58.631401496332167	9.6530313084254669	17987	3739	0	0.052353458999999998
20260909	2150	uniform_accepted	22.627776464171845	-27.664208112411096	12725	2653	0	0.039643167
20260909	2150	upward_scan	66.499394231433982	14.797037281442826	21150	4403	0	0.064322749999999998
20260909	2151	uniform_accepted	39.604791675820017	-10.816093046513744	15775	3335	0	0.047679791999999999
20260909	2151	upward_scan	65.427795856489766	12.431111582824256	21919	4561	0	0.059426832999999998
20260909	2152	uniform_accepted	29.697676586654524	-29.440133182206246	12224	2535	0	0.033251749999999997
20260909	2152	upward_scan	50.053510598452498	2.409974744595055	15524	3234	0	0.047200832999999998
20260909	2153	uniform_accepted	34.136381665943304	-18.457361680812344	14338	2988	0	0.040252875
20260909	2153	upward_scan	71.63481200110985	19.539779018206819	21856	4548	0	0.056651124999999997
20260909	2154	uniform_accepted	37.692154939568006	-16.480462291454504	15773	3286	0	0.043824958999999997
20260909	2154	upward_scan	76.073692815658063	17.070849044155789	23296	4842	0	0.0614735
20260909	2155	uniform_accepted	37.239969079303307	-17.307912185117154	16747	3461	0	0.048048374999999997
20260909	2155	upward_scan	69.0613595912546	15.273864453172999	21164	4407	0	0.061806874999999997
20260909	2156	uniform_accepted	28.796805967491405	-20.626209059320384	13587	2831	0	0.036944833000000003
20260909	2156	upward_scan	66.10663145771197	15.854738196213228	19021	3961	0	0.051768250000000002
20260909	2157	uniform_accepted	35.167925199896061	-17.833061020975148	16707	3395	0	0.047563459000000002
20260909	2157	upward_scan	64.188120986971228	11.796700365227839	19935	4155	0	0.053060250000000003
20260909	2158	uniform_accepted	25.65411796167831	-28.245337432602881	12542	2595	0	0.030368208000000001
20260909	2158	upward_scan	66.414428614532383	13.054311329138143	19396	4041	0	0.056460375
20260909	2159	uniform_accepted	39.146636210231016	-15.460601466105945	14993	3098	0	0.038578500000000002
20260909	2159	upward_scan	56.624164999046819	10.381679337029791	17794	3714	0	0.051989250000000001
20260909	2160	uniform_accepted	30.458394020060634	-19.283023342016662	13050	2687	0	0.035252040999999998
20260909	2160	upward_scan	62.874763355130597	10.885079662697478	17717	3693	0	0.045322958000000003
20260909	2161	uniform_accepted	30.461124290134798	-17.774227765916816	14311	2995	0	0.040142625000000001
20260909	2161	upward_scan	75.409511627142862	17.86952340114933	24660	5125	0	0.069922042000000004
20260909	2162	uniform_accepted	23.531449073631034	-25.793774461508022	12149	2533	0	0.034957415999999998
20260909	2162	upward_scan	64.078585354026032	8.6723344960203814	19184	3996	0	0.054440958999999997
20260909	2163	uniform_accepted	30.717773070076358	-17.333360358694613	12769	2623	0	0.036102042000000001
20260909	2163	upward_scan	60.596411979032204	11.665281653797305	18950	3944	0	0.055794666999999999
20260909	2164	uniform_accepted	33.715942291369664	-14.852355055068793	14745	2989	0	0.041160334
20260909	2164	upward_scan	57.92198224912859	6.5838000223370399	18105	3779	0	0.046655624999999999
20260909	2165	uniform_accepted	28.570403376138358	-23.859980035501177	12802	2622	0	0.034702999999999998
20260909	2165	upward_scan	65.339212562873996	12.865205778136787	17426	3644	0	0.041277500000000002
20260909	2166	uniform_accepted	41.592198606622205	-6.4438131077004899	13803	2886	0	0.036696541999999999
20260909	2166	upward_scan	87.489937343226075	23.770950349809752	29127	6079	0	0.081174167000000005
20260909	2167	uniform_accepted	38.38896890087306	-13.866708374261943	17414	3648	0	0.052118708
20260909	2167	upward_scan	53.14024499769944	8.9749444441492283	15789	3291	0	0.038995083
20260909	2168	uniform_accepted	41.375148552268826	-17.132953891747391	15409	3153	0	0.039380999999999999
20260909	2168	upward_scan	59.105920972644213	6.659923779158909	17526	3650	0	0.046159249999999999
20260909	2169	uniform_accepted	25.122979187423862	-20.883611377204382	11762	2459	0	0.030974583999999999
20260909	2169	upward_scan	66.149852033637444	13.500684577331567	20490	4265	0	0.056357791999999997
20260909	2170	uniform_accepted	29.860232273885401	-18.20142614845512	14935	3181	0	0.043259459
20260909	2170	upward_scan	62.641904724589146	13.01180271788694	17725	3711	0	0.049499708000000003
20260909	2171	uniform_accepted	42.547054747573021	-9.0844482631677277	15918	3243	0	0.042119208999999998
20260909	2171	upward_scan	62.961248696555444	10.982972656512583	18247	3810	0	0.050598207999999999
20260909	2172	uniform_accepted	36.2104869330201	-16.66048740932775	13418	2794	0	0.038179708
20260909	2172	upward_scan	64.921464608804087	13.532684416134801	20623	4298	0	0.057357999999999999
20260909	2173	uniform_accepted	35.486358217635292	-21.058282780577898	14286	2996	0	0.039552166999999999
20260909	2173	upward_scan	54.778274505503887	9.2245990015686417	15723	3286	0	0.042201124999999999
20260909	2174	uniform_accepted	30.625017858263366	-26.403472201218701	13880	2886	0	0.041395374999999998
20260909	2174	upward_scan	67.1023294264199	12.184695942866682	19535	4070	0	0.049032458000000001
20260909	2175	uniform_accepted	30.894773486777463	-24.124229638507803	12575	2603	0	0.036229584000000002
20260909	2175	upward_scan	60.552482988950835	14.740437439002445	18333	3811	0	0.053905000000000002
20260909	2176	uniform_accepted	32.147774627432469	-16.678839485728613	13423	2743	0	0.039065707999999998
20260909	2176	upward_scan	63.372844083533515	15.697948095080127	19697	4106	0	0.052026166999999998
20260909	2177	uniform_accepted	25.792731674458658	-30.545871998982904	11638	2423	0	0.034211999999999999
20260909	2177	upward_scan	62.149971631481748	11.639927422582842	18444	3857	0	0.050345042
20260909	2178	uniform_accepted	30.269797239472695	-12.290939832341898	11593	2461	0	0.034764749999999997
20260909	2178	upward_scan	59.752729854069649	13.682079127943268	19955	4160	0	0.057967749999999998
20260909	2179	uniform_accepted	31.318486107413861	-20.037308306144769	15135	3123	0	0.044438290999999998
20260909	2179	upward_scan	66.816242913883244	13.847604633780708	21820	4544	0	0.064437666000000005
20260909	2180	uniform_accepted	41.276503275407514	-12.041730728283257	14747	3119	0	0.042353583
20260909	2180	upward_scan	45.567896819400119	1.2502065389674111	13643	2837	0	0.038190916999999998
20260909	2181	uniform_accepted	37.749492895020268	-9.018855372329293	15945	3284	0	0.046196624999999998
20260909	2181	upward_scan	66.441142515816651	16.337135817809539	20493	4277	0	0.057657750000000001
20260909	2182	uniform_accepted	34.510669439663907	-12.976129217697007	13094	2740	0	0.03694675
20260909	2182	upward_scan	63.288881462787522	12.361486726313327	19351	4016	0	0.052732750000000002
20260909	2183	uniform_accepted	31.369621739500165	-15.729770889456031	13364	2753	0	0.034243042000000001
20260909	2183	upward_scan	61.876806088420345	13.224030877560345	18268	3813	0	0.047475625
20260909	2184	uniform_accepted	30.169209972667936	-19.132945577052411	12258	2555	0	0.037581042000000002
20260909	2184	upward_scan	63.986192555846927	13.168296869708653	19884	4144	0	0.052504083999999999
20260909	2185	uniform_accepted	34.095961674728954	-16.53710775403572	15125	3135	0	0.043729499999999998
20260909	2185	upward_scan	72.938632953508787	16.15726795904158	20456	4273	0	0.052319707999999999
20260909	2186	uniform_accepted	41.910072847163271	-3.3080031560169765	18171	3821	0	0.052746416999999997
20260909	2186	upward_scan	73.418431989396225	18.012784673655634	20702	4308	0	0.059325333000000001
20260909	2187	uniform_accepted	32.717863458685386	-15.430661718381851	13767	2880	0	0.038685125000000001
20260909	2187	upward_scan	56.982175554552917	9.2592653968599841	17253	3596	0	0.049112999999999997
20260909	2188	uniform_accepted	30.731354563380624	-21.510398276741189	12863	2633	0	0.035522708
20260909	2188	upward_scan	77.25053146964693	19.637302168537747	22943	4790	0	0.062226958999999998
20260909	2189	uniform_accepted	42.572039713760354	-12.907277695333764	18213	3725	0	0.054525083000000002
20260909	2189	upward_scan	62.369509439431503	9.7928876698506517	20076	4177	0	0.061943125000000002
20260909	2190	uniform_accepted	45.548471335913689	-13.399161956819686	16406	3402	0	0.045074542000000002
20260909	2190	upward_scan	64.271774798148456	14.749586983195572	19796	4119	0	0.054312917000000002
20260909	2191	uniform_accepted	31.490087586591358	-18.304057774760413	13780	2820	0	0.039712999999999998
20260909	2191	upward_scan	66.054883537689079	15.216000116080066	21342	4450	0	0.059186666999999998
20260909	2192	uniform_accepted	32.990996695519023	-22.802348735188115	13734	2935	0	0.036139457999999999
20260909	2192	upward_scan	68.688612299080617	14.861774458660356	21817	4534	0	0.059364500000000001
20260909	2193	uniform_accepted	33.992986915684995	-18.778632385056518	10980	2296	0	0.029666374999999998
20260909	2193	upward_scan	51.478724620379005	7.9495899703740829	17301	3600	0	0.051716749999999999
20260909	2194	uniform_accepted	38.973993464416424	-17.466543664679705	14022	2941	0	0.038481833
20260909	2194	upward_scan	70.926780895175384	7.9706005291582525	22276	4655	0	0.065327499999999997
20260909	2195	uniform_accepted	31.022692948162863	-14.020338645915917	13959	2930	0	0.040222959000000003
20260909	2195	upward_scan	60.836279052225116	12.48989749012031	18939	3949	0	0.052025666999999998
20260909	2196	uniform_accepted	40.699768505146153	-10.1940269337223	15289	3194	0	0.042596416999999998
20260909	2196	upward_scan	69.968738673343978	15.209449067749874	22017	4581	0	0.053801250000000002
20260909	2197	uniform_accepted	27.122602627029547	-30.334020722110239	12596	2604	0	0.035936416999999998
20260909	2197	upward_scan	60.197167543047811	11.857872416254116	18182	3798	0	0.047734791999999998
20260909	2198	uniform_accepted	32.917917581942227	-17.58052730433031	15867	3296	0	0.047673374999999997
20260909	2198	upward_scan	50.339428092716439	6.0675194956313829	17072	3557	0	0.047697916999999999
20260909	2199	uniform_accepted	31.780353912819258	-20.142223288900126	13469	2777	0	0.037796666
20260909	2199	upward_scan	59.878793120165241	11.030538055973704	18393	3840	0	0.049295249999999999
20260909	2200	uniform_accepted	38.302710865654213	-10.855065412582206	13418	2780	0	0.033919458
20260909	2200	upward_scan	83.484563777899098	22.488067963783283	26751	5571	0	0.074330375000000004
20260909	2201	uniform_accepted	39.07115537717425	-10.180868955005289	14691	3069	0	0.041592166
20260909	2201	upward_scan	74.330896581727174	15.172625069792094	23326	4852	0	0.067938541000000005
20260909	2202	uniform_accepted	33.869435237523746	-15.329011727786556	13129	2682	0	0.034431916
20260909	2202	upward_scan	74.018368435202134	18.192456271372244	24023	5001	0	0.070193416999999994
20260909	2203	uniform_accepted	41.891957114122086	-14.051986938032185	15629	3245	0	0.043787791
20260909	2203	upward_scan	67.494156482173864	14.940022553554071	20717	4315	0	0.055269667000000001
20260909	2204	uniform_accepted	28.319302673142595	-20.361432869506618	13767	2836	0	0.036575916999999999
20260909	2204	upward_scan	78.059047919236605	21.256848634713343	25274	5257	0	0.070049542000000006
20260909	2205	uniform_accepted	24.94266035353327	-23.599832084922095	11516	2478	0	0.030394125000000001
20260909	2205	upward_scan	64.199026667516762	11.050148471258016	20166	4210	0	0.051095916999999998
20260909	2206	uniform_accepted	39.584323766493817	-15.451858258693644	17537	3608	0	0.047917666999999997
20260909	2206	upward_scan	60.086266808724709	12.018510806753618	19558	4095	0	0.057319624999999999
20260909	2207	uniform_accepted	34.084118475892517	-19.655640250697328	13640	2867	0	0.039420749999999997
20260909	2207	upward_scan	73.685813688459007	15.469299442066696	18497	3849	0	0.042701833000000002
20260909	2208	uniform_accepted	37.895314736329318	-15.740103454890589	14759	3065	0	0.040876124999999999
20260909	2208	upward_scan	47.945454018227331	-0.92144893077610557	13462	2825	0	0.034662375000000002
20260909	2209	uniform_accepted	43.518071297076162	-12.575746365171202	17073	3566	0	0.049112875
20260909	2209	upward_scan	69.847074913891305	13.642490269166439	20682	4317	0	0.051840458999999998
20260909	2210	uniform_accepted	38.424427059057699	-13.400822031626465	14917	3089	0	0.040033375000000003
20260909	2210	upward_scan	72.555845045418053	12.399961990930521	22461	4688	0	0.065050167000000006
20260909	2211	uniform_accepted	38.621297441561651	-14.284014672188006	15172	3149	0	0.043207291000000002
20260909	2211	upward_scan	76.22693029455526	19.922622054222355	22054	4604	0	0.055734417000000001
20260909	2212	uniform_accepted	31.591137008652726	-20.49369617393803	14012	2881	0	0.037821750000000001
20260909	2212	upward_scan	55.717116075081478	4.7774582735873503	15919	3320	0	0.038534458000000001
20260909	2213	uniform_accepted	37.719681165939022	-16.924960121740078	12885	2665	0	0.036020499999999997
20260909	2213	upward_scan	73.059609723671088	17.519340099367984	22792	4754	0	0.064129292000000004
20260909	2214	uniform_accepted	32.59089534635369	-17.814569751946074	15343	3110	0	0.044889541999999998
20260909	2214	upward_scan	64.284646043113298	12.223707072600615	19682	4112	0	0.058439083000000003
20260909	2215	uniform_accepted	35.501427035855144	-12.265394362534289	14266	2926	0	0.038638041999999997
20260909	2215	upward_scan	71.159342345795707	16.803968991350693	21929	4574	0	0.056706582999999998
20260909	2216	uniform_accepted	28.402313760669667	-22.734904671381692	10724	2287	0	0.030549584000000001
20260909	2216	upward_scan	63.781120559702437	12.109470986841478	19130	3983	0	0.050673292000000002
20260909	2217	uniform_accepted	34.469372034599601	-16.467895767669479	12804	2657	0	0.033572708
20260909	2217	upward_scan	81.064485806614627	20.026231998666379	27892	5817	0	0.082686124999999999
20260909	2218	uniform_accepted	22.101511014389779	-35.767833839691242	11880	2441	0	0.034027000000000002
20260909	2218	upward_scan	77.840392025466059	21.407404796358094	23715	4939	0	0.063312375000000004
20260909	2219	uniform_accepted	32.809715650055054	-20.703651004528584	13998	2911	0	0.040500874999999999
20260909	2219	upward_scan	73.737676248268002	14.856688791124608	20975	4366	0	0.056998
20260909	2220	uniform_accepted	42.796200818388265	-18.571537841257069	17367	3584	0	0.053823250000000003
20260909	2220	upward_scan	84.044142833593611	21.764380440244093	26416	5505	0	0.073025792000000006
20260909	2221	uniform_accepted	36.942428920661506	-11.210442304600662	12945	2681	0	0.034085583000000003
20260909	2221	upward_scan	58.524433821555668	10.092056152506455	19186	4005	0	0.054312375000000003
20260909	2222	uniform_accepted	32.453752916468822	-14.380575526028498	13116	2673	0	0.037068083000000002
20260909	2222	upward_scan	79.812707439548149	18.470321684747269	25179	5249	0	0.074296917000000004
20260909	2223	uniform_accepted	41.350160348381046	-10.526231951411122	13367	2780	0	0.034978457999999997
20260909	2223	upward_scan	74.865712510275515	18.112265111049147	23472	4887	0	0.073021500000000003
20260909	2224	uniform_accepted	24.178885667917903	-26.581812686479395	11551	2356	0	0.033800457999999999
20260909	2224	upward_scan	59.633467520210644	13.141034245524626	18200	3777	0	0.054024542000000002
20260909	2225	uniform_accepted	27.839295984925393	-22.621491178429924	13947	2842	0	0.037781583000000001
20260909	2225	upward_scan	60.077778002911231	8.707884873547183	20884	4346	0	0.058344374999999997
20260909	2226	uniform_accepted	30.883098851350294	-22.76569294726092	17394	3618	0	0.052845957999999998
20260909	2226	upward_scan	68.839540129113701	18.578911433128479	21698	4527	0	0.058311292000000001
20260909	2227	uniform_accepted	45.244021479984568	-10.200437523350761	16880	3525	0	0.0480545
20260909	2227	upward_scan	74.772052745911097	15.369461709437701	22802	4762	0	0.070189792000000001
20260909	2228	uniform_accepted	36.502079188154852	-16.610565006981183	17560	3587	0	0.052632917000000001
20260909	2228	upward_scan	60.417320679787089	13.676890407235685	17994	3751	0	0.050815416000000002
20260909	2229	uniform_accepted	27.901722233658713	-22.940555934668161	11930	2491	0	0.030797082999999999
20260909	2229	upward_scan	62.130707801448963	11.3398015516463	18192	3796	0	0.049153000000000002
20260909	2230	uniform_accepted	29.643512829249786	-24.552764029561896	13738	2841	0	0.038404541
20260909	2230	upward_scan	75.119869959336683	18.788736663275291	24099	5016	0	0.079518249999999999
20260909	2231	uniform_accepted	34.36085069335067	-16.15257036362723	13400	2799	0	0.052782042000000001
20260909	2231	upward_scan	61.034788378688631	9.5651774744153286	18435	3833	0	0.049634499999999998
20260909	2232	uniform_accepted	31.342931395470597	-13.970291573658292	12588	2565	0	0.033646500000000003
20260909	2232	upward_scan	67.097523687482052	12.612381521937706	21419	4455	0	0.064846833000000006
20260909	2233	uniform_accepted	38.706743418850863	-13.007872254922997	14281	2969	0	0.040721041999999999
20260909	2233	upward_scan	53.16643137066265	8.3086282918220373	17870	3725	0	0.049701750000000003
20260909	2234	uniform_accepted	31.874254614331818	-15.371407099872219	12619	2658	0	0.033406749999999999
20260909	2234	upward_scan	62.385857653819258	13.684293288019477	17150	3568	0	0.047196666999999998
20260909	2235	uniform_accepted	23.020793533511188	-29.273768867398182	12219	2506	0	0.032649667
20260909	2235	upward_scan	62.250258379295239	9.6102705633770373	21297	4426	0	0.069455166999999998
20260909	2236	uniform_accepted	34.27940135427459	-22.506362392413966	13294	2754	0	0.036806083000000003
20260909	2236	upward_scan	65.983410988605812	11.610229530729482	20447	4254	0	0.055256082999999998
20260909	2237	uniform_accepted	36.280526409056122	-18.857422096115197	11971	2527	0	0.032483832999999997
20260909	2237	upward_scan	63.783452384066791	8.5296280499071582	19350	4035	0	0.051086874999999997
20260909	2238	uniform_accepted	32.244970359457973	-13.026702343015149	15034	3171	0	0.040649042000000003
20260909	2238	upward_scan	61.50230820614302	12.99537574636545	17707	3707	0	0.048813209000000003
20260909	2239	uniform_accepted	35.087612607484047	-20.530601627605833	14259	2908	0	0.043522832999999997
20260909	2239	upward_scan	74.315426222959402	20.302126966446806	22669	4717	0	0.059618333000000003
20260909	2240	uniform_accepted	30.84802615989484	-19.978491665731354	13673	2850	0	0.033252499999999997
20260909	2240	upward_scan	57.335527678744761	8.7545140097016905	19453	4051	0	0.060395042000000003
20260909	2241	uniform_accepted	29.037674319365159	-23.197576623091116	14212	2928	0	0.039441542000000003
20260909	2241	upward_scan	61.814322906324747	12.875945141266707	18817	3932	0	0.048625083999999999
20260909	2242	uniform_accepted	41.104809932523963	-10.665040364262181	17097	3572	0	0.051465083000000002
20260909	2242	upward_scan	57.851840372719053	10.167578672504552	18258	3805	0	0.049366082999999998
20260909	2243	uniform_accepted	40.457526041942295	-7.5824079973642773	13340	2777	0	0.033922541
20260909	2243	upward_scan	70.316061823755618	13.690961148671144	22087	4604	0	0.073804458000000003
20260909	2244	uniform_accepted	33.849631418699794	-16.795776039751278	13011	2681	0	0.03392775
20260909	2244	upward_scan	65.757740428135051	12.961629714810567	20301	4231	0	0.067978874999999994
20260909	2245	uniform_accepted	30.025461963719575	-15.56626464673079	12252	2592	0	0.031620165999999998
20260909	2245	upward_scan	74.376645198121409	16.869296992257969	21944	4571	0	0.053120750000000001
20260909	2246	uniform_accepted	29.815452203468734	-30.919879230140747	10658	2256	0	0.028276334
20260909	2246	upward_scan	60.666382036489772	6.2864335287691713	20900	4365	0	0.066803833000000007
20260909	2247	uniform_accepted	34.168403229638159	-27.9508890214756	14072	2940	0	0.044227000000000002
20260909	2247	upward_scan	68.130059929051754	16.821420792834694	19842	4122	0	0.049393166000000002
20260909	2248	uniform_accepted	28.765607956889845	-29.081471626294309	13162	2799	0	0.037212750000000003
20260909	2248	upward_scan	66.936697357206313	16.489821766617474	20302	4228	0	0.05525675
20260909	2249	uniform_accepted	37.748779086172554	-13.139896883642496	13994	2996	0	0.038465583999999997
20260909	2249	upward_scan	69.048092785359046	16.619311111202087	20313	4226	0	0.051997042
20260909	2250	uniform_accepted	39.318913306409549	-18.246217866024892	16386	3444	0	0.048865959
20260909	2250	upward_scan	76.020219614981286	16.967906691595537	22495	4692	0	0.081321041999999996
20260909	2251	uniform_accepted	28.485754070214252	-17.998716155449369	18654	3809	0	0.079143709000000007
20260909	2251	upward_scan	66.472514731627669	15.694396702069584	20794	4331	0	0.059144665999999999
20260909	2252	uniform_accepted	33.385740366589559	-19.687280451113406	16432	3432	0	0.045599833999999999
20260909	2252	upward_scan	83.60818888613349	22.469899675396572	26865	5598	0	0.081535707999999998
20260909	2253	uniform_accepted	39.247474970024086	-11.112949557410557	15115	3144	0	0.046584708000000002
20260909	2253	upward_scan	74.227713938663385	14.738097961597978	26857	5589	0	0.086989416
20260909	2254	uniform_accepted	35.924425158982743	-11.702396884158558	16257	3381	0	0.047060833000000003
20260909	2254	upward_scan	74.345976231096813	14.76829015435686	22879	4779	0	0.068379916999999998
20260909	2255	uniform_accepted	38.054278102556822	-6.0745827695333094	12923	2747	0	0.034668375000000001
20260909	2255	upward_scan	74.899445975081235	18.78010372532016	22921	4769	0	0.065805166999999998
20260909	2256	uniform_accepted	30.531157624547589	-18.561559048881364	12414	2673	0	0.033654625000000001
20260909	2256	upward_scan	75.228021062257525	15.850022988057612	22952	4780	0	0.064903374999999999
20260909	2257	uniform_accepted	33.329639279802684	-18.683895208692075	11933	2515	0	0.032375250000000001
20260909	2257	upward_scan	68.546337142616451	16.853406785593872	20962	4372	0	0.060128167000000003
20260909	2258	uniform_accepted	34.356045073136237	-14.307062505197703	12920	2717	0	0.035881000000000003
20260909	2258	upward_scan	85.107461089313574	23.367987324533626	25509	5315	0	0.069064374999999997
20260909	2259	uniform_accepted	34.563017353218235	-9.2445770929367193	12706	2733	0	0.041533
20260909	2259	upward_scan	68.610505660154686	13.600072863900333	20357	4258	0	0.060820249999999999
20260909	2260	uniform_accepted	26.878995679089556	-28.85251912311934	14889	3016	0	0.043027666999999999
20260909	2260	upward_scan	67.497327745516387	16.431722878937535	20342	4235	0	0.060366749999999997
20260909	2261	uniform_accepted	40.588636023515534	-6.0846612767430672	16708	3450	0	0.051550458
20260909	2261	upward_scan	61.156731871186174	10.857104139086104	18876	3926	0	0.05293925
20260909	2262	uniform_accepted	29.476708597071845	-24.723244776921423	11290	2362	0	0.030741750000000002
20260909	2262	upward_scan	65.103425131201377	12.301070134097158	19647	4100	0	0.059137833000000001
20260909	2263	uniform_accepted	34.042585320776929	-25.542133465279399	16937	3512	0	0.049384208999999998
20260909	2263	upward_scan	65.441307496734453	14.711625259867239	21327	4447	0	0.063767208000000006
20260909	2264	uniform_accepted	32.641622821095552	-21.148435959207394	14346	3012	0	0.044634958000000002
20260909	2264	upward_scan	59.152340492433424	11.500261931766001	17944	3759	0	0.053395959
20260909	2265	uniform_accepted	32.785367257297892	-21.260903191407646	12109	2509	0	0.033450916999999997
20260909	2265	upward_scan	64.255401259835438	9.8949808023241701	18360	3825	0	0.049250916999999998
20260909	2266	uniform_accepted	35.734824622717639	-23.967220536252245	15297	3112	0	0.044540541000000003
20260909	2266	upward_scan	69.127439312836145	11.042766474707431	22367	4658	0	0.057664917000000003
20260909	2267	uniform_accepted	44.781003332148188	-9.7214140259014261	15357	3203	0	0.042371582999999997
20260909	2267	upward_scan	76.511054958921008	22.842925146409659	23461	4885	0	0.067554166999999998
20260909	2268	uniform_accepted	27.209363699921312	-25.169564897030561	13937	2768	0	0.037835832999999999
20260909	2268	upward_scan	76.660480566169397	21.28470701215614	26110	5437	0	0.084057459000000001
20260909	2269	uniform_accepted	31.263633668685525	-24.145549445019576	14380	3055	0	0.045208499999999999
20260909	2269	upward_scan	64.032663532324378	14.78504578580851	20320	4236	0	0.058301332999999997
20260909	2270	uniform_accepted	47.158163582256179	-7.1376453935487758	14537	3043	0	0.036975082999999999
20260909	2270	upward_scan	68.38438005262617	15.118873832818011	20718	4310	0	0.060773041999999999
20260909	2271	uniform_accepted	35.054528398186626	-13.538248572171357	13879	2886	0	0.041236541000000002
20260909	2271	upward_scan	64.24283415694137	14.74452730025331	19781	4116	0	0.055856042000000002
20260909	2272	uniform_accepted	24.070191188663614	-25.522160696795787	14001	2899	0	0.036845000000000003
20260909	2272	upward_scan	56.748791182206219	10.351434783408742	18446	3842	0	0.054251542
20260909	2273	uniform_accepted	33.954963535406733	-16.516769270396104	13577	2851	0	0.037776916000000001
20260909	2273	upward_scan	72.242284415842164	16.053436539730388	22686	4732	0	0.060686917
20260909	2274	uniform_accepted	23.190933034926779	-35.757521783202073	12642	2663	0	0.036780708000000002
20260909	2274	upward_scan	73.33162014136893	18.203227649831113	19994	4182	0	0.052251040999999998
20260909	2275	uniform_accepted	38.611605885108695	-9.1477663637286568	16821	3495	0	0.049581832999999999
20260909	2275	upward_scan	60.989965874476901	7.4372067574324205	20662	4327	0	0.060877915999999997
20260909	2276	uniform_accepted	32.583116449620043	-15.13820332708414	13160	2732	0	0.036985416
20260909	2276	upward_scan	62.07572670019389	7.2760274533687532	18841	3924	0	0.044103000000000003
20260909	2277	uniform_accepted	40.119028856874188	-11.511960129099313	16058	3353	0	0.044340457999999999
20260909	2277	upward_scan	73.500993225744395	19.197716562067434	22558	4706	0	0.066662290999999999
20260909	2278	uniform_accepted	35.65769749051919	-18.78218838527016	15272	3148	0	0.044044874999999997
20260909	2278	upward_scan	57.888118364912614	8.6422111281764558	19200	3999	0	0.052498749999999997
20260909	2279	uniform_accepted	30.244122695771299	-19.016301725416994	12690	2675	0	0.039080499999999997
20260909	2279	upward_scan	68.84727760694733	17.169751318573631	22441	4690	0	0.061241292000000003
20260909	2280	uniform_accepted	37.293898370483703	-17.018941703797509	14205	3006	0	0.037472708
20260909	2280	upward_scan	80.432022840543439	19.243908741326738	24633	5132	0	0.070028541999999999
20260909	2281	uniform_accepted	32.488212601386977	-10.912275188314775	13094	2778	0	0.035367999999999997
20260909	2281	upward_scan	75.591744229012505	18.116754466706539	23836	4965	0	0.063567917000000002
20260909	2282	uniform_accepted	42.832904204702558	-11.45479264365539	15952	3290	0	0.047750874999999998
20260909	2282	upward_scan	54.213957485164734	9.0729050778834139	16059	3347	0	0.047230000000000001
20260909	2283	uniform_accepted	31.181806965368484	-25.644953046186281	12622	2690	0	0.036642082999999999
20260909	2283	upward_scan	75.078828667507068	19.139720763812488	23411	4877	0	0.064300083999999993
20260909	2284	uniform_accepted	32.76288210641539	-20.213957102968156	13243	2719	0	0.035173708999999997
20260909	2284	upward_scan	51.278920679858984	1.5206826451636277	13528	2829	0	0.031265624999999998
20260909	2285	uniform_accepted	25.487811013351781	-23.420731573443998	11273	2394	0	0.034028457999999998
20260909	2285	upward_scan	57.671047971223786	9.2266682250668257	18195	3791	0	0.052593542
20260909	2286	uniform_accepted	41.147130488663677	-15.667866035532599	16187	3385	0	0.044324624999999999
20260909	2286	upward_scan	66.402367116746191	12.865164457522313	19245	4012	0	0.050784625
20260909	2287	uniform_accepted	28.572539670164591	-21.675202629926481	14011	2961	0	0.041559832999999997
20260909	2287	upward_scan	77.096954603539501	19.727251896367722	23790	4951	0	0.061172583000000003
20260909	2288	uniform_accepted	41.875065814140441	-13.516764353780024	15722	3206	0	0.041351541999999998
20260909	2288	upward_scan	69.553343670319975	17.407472054243595	19512	4054	0	0.049503208
20260909	2289	uniform_accepted	50.255656348450714	-3.2447497703508663	16503	3424	0	0.045306041999999998
20260909	2289	upward_scan	69.900148241824439	17.645887679294486	23496	4893	0	0.067888708000000006
20260909	2290	uniform_accepted	38.404699053339066	-9.159625924071511	14597	3017	0	0.040679416000000003
20260909	2290	upward_scan	71.595987561317671	12.820215340361248	21027	4374	0	0.061357624999999999
20260909	2291	uniform_accepted	31.210113046222236	-23.010363898410315	13625	2788	0	0.035961374999999997
20260909	2291	upward_scan	65.374833268189988	14.931699506785177	21962	4572	0	0.061705500000000003
20260909	2292	uniform_accepted	40.433771232461488	-10.486635526917203	16807	3431	0	0.047070874999999998
20260909	2292	upward_scan	69.318631109643988	15.492895707161965	22707	4723	0	0.060984707999999999
20260909	2293	uniform_accepted	27.999584810977129	-29.407565579048342	15082	3119	0	0.046227416
20260909	2293	upward_scan	51.589545452622176	3.7828016203090717	16775	3494	0	0.048257000000000001
20260909	2294	uniform_accepted	44.481196461599687	-3.9309088164037309	13482	2787	0	0.035290042000000001
20260909	2294	upward_scan	62.77186670129359	10.209656671901929	19362	4036	0	0.050609541000000001
20260909	2295	uniform_accepted	32.026366126609879	-23.361179715478343	13521	2818	0	0.039914790999999998
20260909	2295	upward_scan	70.565338533983535	13.933467046122983	21389	4448	0	0.058082874999999999
20260909	2296	uniform_accepted	35.696307433474175	-11.213610372206327	15905	3257	0	0.040423000000000001
20260909	2296	upward_scan	64.629120441321277	15.527860704013223	19794	4116	0	0.057009707999999999
20260909	2297	uniform_accepted	31.153086838907452	-23.856208186280512	12644	2592	0	0.035752708000000001
20260909	2297	upward_scan	51.591421990361212	6.0464918355246358	17380	3623	0	0.049494749999999997
20260909	2298	uniform_accepted	30.657666425018011	-17.22116351153517	15883	3343	0	0.048360041999999999
20260909	2298	upward_scan	87.625139232882333	27.260513184569533	26725	5565	0	0.071669166000000006
20260909	2299	uniform_accepted	35.420574579743558	-13.848816713372099	14654	3076	0	0.042150416000000003
20260909	2299	upward_scan	61.838935193516448	11.902361104958679	20091	4187	0	0.058289624999999998
20260909	2300	uniform_accepted	41.002137436884631	-11.982504223197438	15440	3169	0	0.045280374999999998
20260909	2300	upward_scan	75.615352407063654	15.356079733621812	25747	5359	0	0.078626000000000001
20260909	2301	uniform_accepted	36.082779449948262	-21.629282698237674	15153	3168	0	0.045853040999999997
20260909	2301	upward_scan	61.030927531444355	13.21766567580215	19503	4062	0	0.058579917000000002
20260909	2302	uniform_accepted	28.735598084169951	-20.628877318307513	11821	2478	0	0.035295290999999999
20260909	2302	upward_scan	62.531421894218475	12.622389793461311	20580	4295	0	0.063384291999999995
20260909	2303	uniform_accepted	26.687225736219133	-25.051498187667853	13255	2679	0	0.033202958999999997
20260909	2303	upward_scan	85.213793254220988	22.180479110212239	25646	5344	0	0.069404750000000001
20260909	2304	uniform_accepted	30.939239704386683	-19.496213219558509	15182	3193	0	0.046776834000000003
20260909	2304	upward_scan	56.225466313827077	9.7576766160935193	17798	3720	0	0.047501415999999998
20260909	2305	uniform_accepted	43.068127171031179	-9.2064185857847853	15795	3245	0	0.039933749999999997
20260909	2305	upward_scan	65.214412458770823	13.745453312499695	18628	3878	0	0.047696957999999998
20260909	2306	uniform_accepted	39.836246115563092	-21.770587262762277	14403	2937	0	0.037562582999999997
20260909	2306	upward_scan	60.245748841923103	10.144247383404124	19641	4090	0	0.052756999999999998
20260909	2307	uniform_accepted	35.870352454496278	-17.623480477999895	15201	3186	0	0.041444957999999997
20260909	2307	upward_scan	72.378579057069032	19.016364159053406	21244	4434	0	0.055069750000000001
20260909	2308	uniform_accepted	29.892231358448438	-32.202025306059653	12878	2687	0	0.033024999999999999
20260909	2308	upward_scan	51.104362720117742	3.5979603290270132	15570	3267	0	0.044876167000000002
20260909	2309	uniform_accepted	34.335909477644982	-16.660192769021403	14076	2868	0	0.039241416000000001
20260909	2309	upward_scan	65.386430679276046	15.205672685061186	18796	3932	0	0.084503707999999997
20260909	2310	uniform_accepted	37.203363846896067	-15.622510706495344	15199	3186	0	0.083278167
20260909	2310	upward_scan	92.808852022196561	22.914633976102131	29601	6159	0	0.102799083
20260909	2311	uniform_accepted	46.151626261120676	-12.958300388326517	15684	3253	0	0.049304958000000003
20260909	2311	upward_scan	73.75792081734312	16.74116985406884	21647	4495	0	0.058634625000000003
20260909	2312	uniform_accepted	35.271551783132267	-16.296074301736208	14169	2970	0	0.042008792000000003
20260909	2312	upward_scan	71.752803343373387	16.918905803769327	21207	4405	0	0.055260666999999999
20260909	2313	uniform_accepted	39.473434605951482	-13.090915280849115	15172	3153	0	0.046126250000000001
20260909	2313	upward_scan	68.930683482788254	14.61131897299857	22700	4726	0	0.062995082999999993
20260909	2314	uniform_accepted	32.293495750613559	-20.806770012212105	13157	2759	0	0.037456957999999999
20260909	2314	upward_scan	67.01809588254838	14.824762454940423	22216	4625	0	0.066938750000000005
20260909	2315	uniform_accepted	33.008154892239276	-14.359947840312454	17318	3618	0	0.052728042000000003
20260909	2315	upward_scan	59.537200429237316	6.9155719716898991	17998	3760	0	0.047843207999999998
20260909	2316	uniform_accepted	23.72079865643985	-25.038105461061026	13156	2709	0	0.038693959
20260909	2316	upward_scan	53.06035837785091	7.7674714326737968	15752	3280	0	0.040649708
20260909	2317	uniform_accepted	27.395218487437575	-27.966834939789674	12906	2694	0	0.031857165999999999
20260909	2317	upward_scan	70.781136595865192	15.562196888064324	21739	4519	0	0.060430917000000001
20260909	2318	uniform_accepted	38.24617249996065	-18.832487640703462	14934	3142	0	0.043940208000000001
20260909	2318	upward_scan	60.528379237819742	11.283549317314456	20097	4193	0	0.058629332999999999
20260909	2319	uniform_accepted	34.900063067743247	-13.620067778262023	17107	3556	0	0.051397958000000001
20260909	2319	upward_scan	53.318963120110503	8.8886677255909312	16884	3523	0	0.045775375
20260909	2320	uniform_accepted	22.327970590231654	-29.599048833348746	13176	2760	0	0.035546957999999997
20260909	2320	upward_scan	73.027349340935871	17.694554706793213	21547	4494	0	0.058500791000000003
20260909	2321	uniform_accepted	31.585619594829812	-16.21799075652066	15470	3202	0	0.044095457999999997
20260909	2321	upward_scan	58.204391074003347	10.585912559819985	18606	3861	0	0.054342874999999999
20260909	2322	uniform_accepted	39.987796916574595	-3.0074747073389845	12882	2698	0	0.037668874999999997
20260909	2322	upward_scan	73.263858153397692	20.058214046822552	24582	5135	0	0.074502499999999999
20260909	2323	uniform_accepted	31.473880273497812	-20.108049200800316	12200	2521	0	0.036635708000000003
20260909	2323	upward_scan	63.134472640679817	10.229436333707234	18342	3819	0	0.047882374999999998
20260909	2324	uniform_accepted	28.34769202958428	-20.250315447229713	10561	2196	0	0.03020575
20260909	2324	upward_scan	72.184009515214527	17.609651258504844	22241	4624	0	0.060649707999999997
20260909	2325	uniform_accepted	35.840687745537615	-11.396107636727031	14169	2937	0	0.039452874999999998
20260909	2325	upward_scan	64.565020084485965	11.161594314023187	21170	4404	0	0.063528874999999999
20260909	2326	uniform_accepted	38.732363592058029	-16.17997592901094	12788	2674	0	0.033066291999999997
20260909	2326	upward_scan	71.264901273944901	16.012704148389492	23198	4835	0	0.061730124999999997
20260909	2327	uniform_accepted	36.019119686399144	-18.909422058704649	16149	3388	0	0.0489145
20260909	2327	upward_scan	73.970633575082303	18.391862617472491	24153	5031	0	0.070014959000000002
20260909	2328	uniform_accepted	32.703091452430492	-15.455449122413967	14717	3004	0	0.044231332999999998
20260909	2328	upward_scan	71.947792024104615	16.437927444309334	22259	4630	0	0.062683208000000004
20260909	2329	uniform_accepted	28.209884465265709	-18.290112187583574	13537	2842	0	0.037640874999999997
20260909	2329	upward_scan	66.216815733088438	15.648881598707373	22929	4774	0	0.065673333
20260909	2330	uniform_accepted	39.547531122798155	-11.884747043375846	17157	3592	0	0.046959541
20260909	2330	upward_scan	54.521830358595778	7.8867599624755869	16721	3475	0	0.043838209000000003
20260909	2331	uniform_accepted	35.800501920297812	-13.064898967675292	12478	2602	0	0.033928291999999999
20260909	2331	upward_scan	84.80492795695929	19.878951518032736	25398	5286	0	0.069836750000000003
20260909	2332	uniform_accepted	45.380892721084258	-6.2677855405794576	17571	3612	0	0.052256583000000002
20260909	2332	upward_scan	62.255882028289925	11.286515598011935	19439	4050	0	0.056893375000000003
20260909	2333	uniform_accepted	22.508461317605246	-23.095353118997195	11512	2387	0	0.032296166000000001
20260909	2333	upward_scan	61.456565821137119	13.19695293875268	19513	4049	0	0.055866499999999999
20260909	2334	uniform_accepted	35.231618368847606	-25.774042911793124	14850	3089	0	0.039034209
20260909	2334	upward_scan	67.376577567956289	16.008213261297819	19501	4061	0	0.048228709000000002
20260909	2335	uniform_accepted	40.910340431565189	-14.460671866146191	15997	3310	0	0.046539249999999997
20260909	2335	upward_scan	55.006717911592048	6.9855322419607395	17171	3583	0	0.054396666000000003
20260909	2336	uniform_accepted	36.000579629520871	-9.9192361379231979	17264	3582	0	0.057267999999999999
20260909	2336	upward_scan	64.659902296261762	12.858392508264837	20634	4307	0	0.065220500000000001
20260909	2337	uniform_accepted	34.622063631279929	-18.461592184442011	14123	2889	0	0.040293124999999999
20260909	2337	upward_scan	63.981986997755527	15.063684862392957	20865	4365	0	0.054245874999999999
20260909	2338	uniform_accepted	29.898309391769313	-20.158375291972259	12189	2523	0	0.034903125
20260909	2338	upward_scan	51.233040303432674	7.8984303647115324	16839	3518	0	0.047516875
20260909	2339	uniform_accepted	30.734716579808225	-13.401138952049832	13915	2940	0	0.039735709000000001
20260909	2339	upward_scan	65.812780428802611	16.451956356559506	21402	4451	0	0.060960582999999999
20260909	2340	uniform_accepted	22.859138815953852	-32.78663594995465	10219	2155	0	0.026852042
20260909	2340	upward_scan	53.193946600051426	6.386563653064071	16497	3434	0	0.042531541999999999
20260909	2341	uniform_accepted	30.455306765423586	-16.134526042643916	17562	3576	0	0.053344250000000003
20260909	2341	upward_scan	67.345634134596168	15.269093592742081	22187	4623	0	0.060924084000000003
20260909	2342	uniform_accepted	32.772282861179967	-21.168638585636241	15308	3152	0	0.040843249999999998
20260909	2342	upward_scan	77.570106039929669	21.429537537816007	24668	5139	0	0.071126042
20260909	2343	uniform_accepted	24.717814140063329	-27.815486522792867	14611	2993	0	0.041599333000000002
20260909	2343	upward_scan	67.229132939192141	13.782295154412044	20490	4273	0	0.049668625000000001
20260909	2344	uniform_accepted	34.541116168779567	-14.440432140661965	14027	2934	0	0.038269167
20260909	2344	upward_scan	73.400230961047512	15.251638967223014	23636	4924	0	0.069910166999999995
20260909	2345	uniform_accepted	30.858936181013824	-19.182573144782751	11652	2456	0	0.034128832999999997
20260909	2345	upward_scan	66.044973856035014	16.50082191022662	21425	4472	0	0.059111749999999998
20260909	2346	uniform_accepted	40.829191297819527	-9.0549825964459192	15312	3190	0	0.040620042000000002
20260909	2346	upward_scan	74.669968143512122	13.51206786874339	20891	4346	0	0.058030208
20260909	2347	uniform_accepted	24.630435028679148	-28.320138017525128	12667	2665	0	0.032988334000000001
20260909	2347	upward_scan	71.688531134244641	14.288726440667141	23118	4810	0	0.067008041000000004
20260909	2348	uniform_accepted	30.196840267312659	-25.932106763572001	14143	2896	0	0.037980291999999999
20260909	2348	upward_scan	55.133543237095743	4.7955992924729696	16511	3440	0	0.044196082999999997
20260909	2349	uniform_accepted	33.056053053902403	-18.835738158211299	14209	2939	0	0.039335500000000002
20260909	2349	upward_scan	67.194261550357879	18.905797194745123	20872	4349	0	0.059699834
20260909	2350	uniform_accepted	32.366236757823494	-15.511739111093766	13108	2725	0	0.038779374999999998
20260909	2350	upward_scan	71.027837835863778	15.682738599988827	22383	4659	0	0.062878417000000006
20260909	2351	uniform_accepted	35.704828912187232	-20.596033858287321	15168	3188	0	0.040114291000000003
20260909	2351	upward_scan	76.40811696894356	14.268485056968577	25542	5325	0	0.075189292000000005
20260909	2352	uniform_accepted	36.163381167811032	-15.168083667931935	13498	2811	0	0.038434792000000002
20260909	2352	upward_scan	70.219087795149264	16.323463399050407	22778	4749	0	0.065990707999999995
20260909	2353	uniform_accepted	29.977331834906977	-26.470131947085502	11921	2508	0	0.031059040999999999
20260909	2353	upward_scan	56.344947716707331	9.6365541788892468	16983	3520	0	0.048667666999999998
20260909	2354	uniform_accepted	35.556245565796623	-15.208527546313071	14532	2975	0	0.042410792000000003
20260909	2354	upward_scan	58.280556187852007	8.3359630086584051	16940	3520	0	0.041526750000000001
20260909	2355	uniform_accepted	39.53178213416335	-11.250932458622849	16374	3454	0	0.043440667000000002
20260909	2355	upward_scan	65.753345311356341	15.413487131011369	19535	4079	0	0.051166375
20260909	2356	uniform_accepted	32.370970166529098	-13.034453536275405	14339	2963	0	0.037666708
20260909	2356	upward_scan	61.114895639336098	11.144435278407562	18993	3975	0	0.049652416999999997
20260909	2357	uniform_accepted	37.916590010148909	-19.383018101715049	15491	3233	0	0.043559332999999999
20260909	2357	upward_scan	58.730854619317775	9.6020159911114291	17280	3610	0	0.047275084000000002
20260909	2358	uniform_accepted	30.042261711266246	-19.428535235438098	12671	2594	0	0.033667333000000001
20260909	2358	upward_scan	55.013052412545456	1.8415338685452818	16925	3527	0	0.046947042000000001
20260909	2359	uniform_accepted	34.050084705446316	-20.420457473996517	13534	2799	0	0.037215125000000002
20260909	2359	upward_scan	59.029812338258075	10.069709734270647	16671	3464	0	0.043667499999999998
20260909	2360	uniform_accepted	39.065505962679389	-13.463149640546121	14193	2990	0	0.044852166999999998
20260909	2360	upward_scan	89.104332537765416	23.789941709253284	27267	5680	0	0.083400958999999997
20260909	2361	uniform_accepted	43.572498585137417	-12.061808337284017	15012	3081	0	0.040168542000000002
20260909	2361	upward_scan	64.593000860185057	15.252951122914872	18554	3858	0	0.057322249999999998
20260909	2362	uniform_accepted	33.202053237627688	-18.373131307509254	14172	2952	0	0.039668083
20260909	2362	upward_scan	66.976038928645679	15.093671803530667	22190	4621	0	0.065481125000000001
20260909	2363	uniform_accepted	24.518064101685294	-29.760003045954601	11362	2426	0	0.033935291999999999
20260909	2363	upward_scan	94.765186385182432	25.837520621773706	29188	6064	0	0.083288457999999996
20260909	2364	uniform_accepted	32.886037714957212	-25.231489799945539	14098	2905	0	0.041114833000000003
20260909	2364	upward_scan	64.319035757268693	15.553065601833545	19403	4049	0	0.053912042
20260909	2365	uniform_accepted	37.13098143856768	-12.400281976849771	16130	3290	0	0.048829499999999998
20260909	2365	upward_scan	75.330515949956947	10.530242603839355	26225	5462	0	0.077057625000000005
20260909	2366	uniform_accepted	28.387789758072103	-31.403771935954595	12934	2657	0	0.034930416999999998
20260909	2366	upward_scan	59.573070204165809	11.318391417196764	17767	3707	0	0.043353707999999998
20260909	2367	uniform_accepted	47.313762323924159	-4.9306557003318581	17260	3541	0	0.047359249999999999
20260909	2367	upward_scan	57.143870126242518	6.9468217379095316	16821	3502	0	0.044964875000000001
20260909	2368	uniform_accepted	39.152075798582722	-13.434706430481299	15062	3158	0	0.043734542000000001
20260909	2368	upward_scan	78.156342729978192	18.555251049995178	23203	4827	0	0.063102915999999995
20260909	2369	uniform_accepted	33.898707949598283	-21.763504067687016	15465	3173	0	0.042425292000000003
20260909	2369	upward_scan	76.423248007111312	20.360475767791435	23926	4988	0	0.066043375000000001
20260909	2370	uniform_accepted	30.064784081917807	-27.813693966757118	12257	2520	0	0.031819750000000001
20260909	2370	upward_scan	58.564219144486181	7.4350734650701096	17348	3617	0	0.047149000000000003
20260909	2371	uniform_accepted	35.083066897732763	-18.898352357078917	13681	2815	0	0.038390166000000003
20260909	2371	upward_scan	66.705566396847075	18.050344024978447	19115	3978	0	0.048791500000000002
20260909	2372	uniform_accepted	33.93425775015038	-16.212153584075875	13789	2895	0	0.037407583000000001
20260909	2372	upward_scan	82.148966012695297	19.31033377902515	25167	5232	0	0.068434333999999999
20260909	2373	uniform_accepted	30.4646941016195	-14.640618569584902	10319	2155	0	0.025199708000000001
20260909	2373	upward_scan	89.435879981645314	24.375361958433068	28652	5969	0	0.077693791999999998
20260909	2374	uniform_accepted	33.209493960284682	-13.423722186162017	12349	2595	0	0.034888124999999999
20260909	2374	upward_scan	64.497939673922687	12.290628259460577	20651	4306	0	0.055897792000000002
20260909	2375	uniform_accepted	31.470971934481842	-24.101167383850864	12272	2555	0	0.030701417000000002
20260909	2375	upward_scan	80.473147605598172	21.513815305619872	25380	5274	0	0.069743749999999993
20260909	2376	uniform_accepted	36.540347771797045	-18.288628131615564	12855	2731	0	0.037111959
20260909	2376	upward_scan	58.192941697029568	10.595422561189556	17497	3641	0	0.049410457999999997
20260909	2377	uniform_accepted	37.855736391421289	-12.326900419553928	14221	2956	0	0.040032208
20260909	2377	upward_scan	57.886701823100083	9.8568648472229512	16415	3436	0	0.042251457999999999
20260909	2378	uniform_accepted	34.288647607723874	-18.1763506301272	11968	2520	0	0.032245915999999999
20260909	2378	upward_scan	57.698867446370066	9.1212698919101243	19010	3952	0	0.055017416999999999
20260909	2379	uniform_accepted	28.013210910081028	-24.888427841884234	12141	2535	0	0.031311290999999998
20260909	2379	upward_scan	72.773432776541313	16.199716860876958	20764	4320	0	0.058871041999999998
20260909	2380	uniform_accepted	37.738962195993707	-15.789401950609982	12411	2620	0	0.033066041999999997
20260909	2380	upward_scan	65.305586417300191	11.449396389241365	20406	4229	0	0.055302457999999999
20260909	2381	uniform_accepted	34.84492200223788	-17.216823803090524	15552	3218	0	0.042851082999999998
20260909	2381	upward_scan	65.813364763474425	9.9521805239070336	19219	3996	0	0.054157792000000003
20260909	2382	uniform_accepted	36.811945708117079	-10.001754446808379	14500	3046	0	0.040146916999999997
20260909	2382	upward_scan	68.127511020586795	15.901409035645045	19163	3982	0	0.050058791999999998
20260909	2383	uniform_accepted	44.830844529846523	-10.851172458600864	16560	3469	0	0.047178749999999998
20260909	2383	upward_scan	62.307667553829049	13.170551912479741	20443	4263	0	0.057111750000000003
20260909	2384	uniform_accepted	30.911798036243439	-22.193855455888606	13843	2874	0	0.034650458000000002
20260909	2384	upward_scan	73.156053872069265	18.28988237281154	23219	4837	0	0.062934375000000001
20260909	2385	uniform_accepted	28.840352698329351	-19.645226262407402	12460	2582	0	0.035955708000000003
20260909	2385	upward_scan	63.432968484715211	8.7196797025057435	19493	4078	0	0.048249041999999999
20260909	2386	uniform_accepted	27.086135366873112	-24.950616717811307	10545	2171	0	0.027525332999999999
20260909	2386	upward_scan	62.01287655957325	12.780271334577016	19278	4002	0	0.053123999999999998
20260909	2387	uniform_accepted	27.259951891184588	-20.956222818942702	12159	2486	0	0.032812333999999999
20260909	2387	upward_scan	64.221202371990799	11.060921960889813	18233	3803	0	0.084261832999999994
20260909	2388	uniform_accepted	32.265599733822221	-18.460209214460249	14890	3057	0	0.082585166000000002
20260909	2388	upward_scan	57.284514597731103	10.263709604793233	18405	3837	0	0.058236333000000001
20260909	2389	uniform_accepted	32.059788777297094	-25.766702571792216	11938	2471	0	0.036815500000000001
20260909	2389	upward_scan	64.350994151309976	14.710510162748944	19905	4163	0	0.063367667000000003
20260909	2390	uniform_accepted	33.025374733775877	-13.423051865813088	14388	3019	0	0.042906167000000002
20260909	2390	upward_scan	68.980787975550328	13.245052333089589	21626	4519	0	0.058665665999999998
20260909	2391	uniform_accepted	29.749929150754273	-26.168444133082208	12929	2678	0	0.035361666
20260909	2391	upward_scan	76.963684789013385	20.828558126408055	22346	4667	0	0.063589499999999993
20260909	2392	uniform_accepted	32.478510310596683	-18.028477976560655	17448	3632	0	0.053582791999999997
20260909	2392	upward_scan	73.234871186017969	14.987117137707875	21654	4518	0	0.064094708
20260909	2393	uniform_accepted	32.183312812188852	-21.688429608138261	12838	2683	0	0.035144083
20260909	2393	upward_scan	58.045716335680204	10.392687603957693	17274	3603	0	0.044566583
20260909	2394	uniform_accepted	32.661184985760215	-20.65441236543985	14064	2944	0	0.042325415999999998
20260909	2394	upward_scan	58.84525648292459	6.9644132565076413	19152	3997	0	0.052091875000000003
20260909	2395	uniform_accepted	29.331619812586673	-22.025328046068246	14214	2938	0	0.03689075
20260909	2395	upward_scan	68.616841012562787	13.318044271268198	21387	4478	0	0.059670750000000002
20260909	2396	uniform_accepted	22.845783003318981	-29.699143782498592	9973	2060	0	0.029987125
20260909	2396	upward_scan	64.080689517572338	11.878782712128389	19369	4036	0	0.049919166000000001
20260909	2397	uniform_accepted	37.722370341237998	-11.840909429729598	14555	3033	0	0.040158291999999998
20260909	2397	upward_scan	72.296438266723158	18.486741440844973	22901	4765	0	0.066156083000000004
20260909	2398	uniform_accepted	38.276153307813509	-19.212255864456786	16885	3496	0	0.049072417
20260909	2398	upward_scan	61.602574789018838	6.314328867209416	20136	4199	0	0.058400167000000003
20260909	2399	uniform_accepted	43.368935183883451	-6.8845856835682957	13714	2858	0	0.035863291999999998
20260909	2399	upward_scan	72.694044047194865	15.023334977012045	23971	4987	0	0.073963625000000005
20260909	2400	uniform_accepted	29.437756611506366	-21.2311074896277	11712	2394	0	0.032986042
20260909	2400	upward_scan	61.953632813884454	10.976280937410765	20065	4192	0	0.059902917
20260909	2401	uniform_accepted	30.867313187440523	-23.510051824115024	14518	3023	0	0.035271207999999998
20260909	2401	upward_scan	54.533444706967074	10.24023085832388	16992	3546	0	0.046144084000000002
20260909	2402	uniform_accepted	31.183976981328044	-20.807068982803933	12375	2574	0	0.034421333999999998
20260909	2402	upward_scan	70.72877980821653	18.350834344433352	19798	4117	0	0.053560749999999997
20260909	2403	uniform_accepted	28.707565564786748	-20.655347452714558	14707	3073	0	0.041868833000000001
20260909	2403	upward_scan	46.880869681393527	2.9571760058790439	15734	3280	0	0.044488041999999998
20260909	2404	uniform_accepted	33.570337387645466	-17.265311930544168	12657	2662	0	0.036851291000000001
20260909	2404	upward_scan	70.466979465652159	13.269361826233474	22892	4765	0	0.067624208000000005
20260909	2405	uniform_accepted	37.13267443516699	-10.484217109669116	14511	2971	0	0.039684875000000001
20260909	2405	upward_scan	72.058427972948706	13.640129206682204	23647	4918	0	0.069559458000000005
20260909	2406	uniform_accepted	44.096323450941803	-1.9635325537736517	15191	3102	0	0.040963125000000003
20260909	2406	upward_scan	62.965292695805459	12.964232144828085	18224	3795	0	0.051712791000000001
20260909	2407	uniform_accepted	36.294632282164294	-13.290174541952643	15761	3295	0	0.042706415999999997
20260909	2407	upward_scan	66.222457648920951	12.759276393615075	20798	4331	0	0.060538082999999999
20260909	2408	uniform_accepted	32.460125091494049	-17.117365796878726	12396	2640	0	0.031546625000000002
20260909	2408	upward_scan	63.743827585737847	10.680106636893038	21024	4377	0	0.061121457999999997
20260909	2409	uniform_accepted	33.039302126622218	-22.320666626244712	13692	2835	0	0.040319208000000002
20260909	2409	upward_scan	62.231971639363714	13.606260440540808	18124	3778	0	0.051661416000000002
20260909	2410	uniform_accepted	28.869538501767813	-21.117464186496886	14338	2987	0	0.038991625000000002
20260909	2410	upward_scan	66.948343721705669	13.428147319605404	21592	4496	0	0.065746750000000007
20260909	2411	uniform_accepted	34.976369381976042	-17.506979231999107	13508	2822	0	0.039717374999999999
20260909	2411	upward_scan	70.485015172190572	15.141706267682597	21125	4402	0	0.061265917000000003
20260909	2412	uniform_accepted	29.380061789639704	-21.963015654152848	14480	3011	0	0.041137417000000003
20260909	2412	upward_scan	60.011978491709797	10.447580611784618	16993	3551	0	0.046153540999999999
20260909	2413	uniform_accepted	30.700238102548511	-22.729857663513762	12284	2520	0	0.032154333
20260909	2413	upward_scan	72.689334281343605	15.038156859180534	21993	4606	0	0.057241582999999999
20260909	2414	uniform_accepted	43.35084748588384	-10.422165995226029	15197	3214	0	0.040950708000000002
20260909	2414	upward_scan	56.385790163645289	11.55688389308899	18744	3903	0	0.057261958000000002
20260909	2415	uniform_accepted	36.653589123622695	-18.401584359099409	15766	3274	0	0.045199165999999999
20260909	2415	upward_scan	66.313119712293386	17.59049839427589	21340	4452	0	0.062462749999999997
20260909	2416	uniform_accepted	22.380049754842069	-33.31667242344313	11619	2399	0	0.030747750000000001
20260909	2416	upward_scan	63.493759601531146	8.540268722906962	19558	4068	0	0.049252749999999998
20260909	2417	uniform_accepted	32.768296653351989	-15.822081002659905	14159	3025	0	0.039773375
20260909	2417	upward_scan	54.678711629200066	3.865202315649952	16095	3363	0	0.042391416000000001
20260909	2418	uniform_accepted	30.152968936794785	-19.511077147352172	14165	3044	0	0.041905833000000003
20260909	2418	upward_scan	61.616799873968802	15.541550624265229	19600	4081	0	0.054971875000000003
20260909	2419	uniform_accepted	29.107939964382776	-24.918149195740096	13290	2769	0	0.037728625000000002
20260909	2419	upward_scan	69.953589872850216	17.486053758723084	21287	4435	0	0.059643750000000002
20260909	2420	uniform_accepted	29.2720978920707	-24.536697782389052	11678	2412	0	0.034181749999999997
20260909	2420	upward_scan	63.156774968354227	11.424551325857731	17602	3672	0	0.048571875
20260909	2421	uniform_accepted	27.630283491012587	-29.362535891397332	14085	2873	0	0.038442125000000001
20260909	2421	upward_scan	68.673717342167606	17.632375882110832	21524	4494	0	0.059495582999999998
20260909	2422	uniform_accepted	29.919418976407414	-20.950257854560192	13223	2741	0	0.038423709
20260909	2422	upward_scan	60.892918764317358	12.17807744170708	18088	3787	0	0.049712249999999999
20260909	2423	uniform_accepted	42.544851110400614	-8.4051314094111653	15714	3274	0	0.041659416999999997
20260909	2423	upward_scan	82.581051329591943	23.900711528391447	23141	4820	0	0.060737582999999998
20260909	2424	uniform_accepted	29.361148820026919	-18.865289687556103	13012	2710	0	0.035608374999999998
20260909	2424	upward_scan	65.264805652708162	11.123355218687722	20132	4187	0	0.062362915999999997
20260909	2425	uniform_accepted	35.650496531951084	-22.972497547638397	17262	3571	0	0.047064458000000003
20260909	2425	upward_scan	81.72634175242996	21.377632559027056	26037	5419	0	0.074033832999999993
20260909	2426	uniform_accepted	31.576406129794808	-21.586030190907344	13373	2806	0	0.034584249999999997
20260909	2426	upward_scan	65.402794587352346	12.58260917752316	20521	4282	0	0.058716042000000003
20260909	2427	uniform_accepted	34.382290928669839	-11.751367699485645	12163	2493	0	0.034322959
20260909	2427	upward_scan	71.582813744914048	18.661521090753691	22595	4702	0	0.058027124999999999
20260909	2428	uniform_accepted	48.205460883304475	-6.7270009038720326	16835	3578	0	0.044735707999999999
20260909	2428	upward_scan	70.150629029568719	17.880490422264611	20941	4389	0	0.055013125000000003
20260909	2429	uniform_accepted	26.427766777283395	-23.998123144960338	13004	2700	0	0.032861000000000001
20260909	2429	upward_scan	67.835807109708696	18.223651864274153	20735	4323	0	0.057655084000000002
20260909	2430	uniform_accepted	40.15613622824845	-10.614279158791984	14893	3076	0	0.040329125
20260909	2430	upward_scan	68.473035546362837	15.316053166039067	22275	4633	0	0.064231916999999999
20260909	2431	uniform_accepted	32.623221060244695	-16.328096150979057	13662	2837	0	0.041870167
20260909	2431	upward_scan	67.87139196034137	12.177429555816659	19741	4128	0	0.050403834000000002
20260909	2432	uniform_accepted	33.410539133170488	-19.177979870221794	12773	2624	0	0.033147916999999999
20260909	2432	upward_scan	61.406967705342034	15.249538401471444	19315	4028	0	0.050724667000000001
20260909	2433	uniform_accepted	37.07468248837538	-10.619139651090467	13114	2737	0	0.034192459000000001
20260909	2433	upward_scan	69.570555166038034	11.197940090480779	23422	4872	0	0.065742290999999994
20260909	2434	uniform_accepted	27.933348156085959	-19.671236916508743	10372	2165	0	0.030525917
20260909	2434	upward_scan	66.465692669314819	15.259137521881932	21012	4378	0	0.060515959000000001
20260909	2435	uniform_accepted	33.083174678513537	-17.781294018784571	15598	3259	0	0.044709249999999999
20260909	2435	upward_scan	52.074759063236343	4.1770185932289525	15519	3230	0	0.043364917000000003
20260909	2436	uniform_accepted	33.199023970597125	-20.606140676014828	13704	2817	0	0.039363459000000003
20260909	2436	upward_scan	80.318280366998991	18.731693122533972	26685	5575	0	0.079886457999999994
20260909	2437	uniform_accepted	31.713225146377532	-19.535960204503827	12346	2544	0	0.032634375
20260909	2437	upward_scan	57.472487509788373	7.8887643818271238	17428	3646	0	0.048933249999999998
20260909	2438	uniform_accepted	34.779922812951291	-8.6621843916602543	14491	3006	0	0.039669792000000002
20260909	2438	upward_scan	68.491368823836353	17.768197825582202	21148	4409	0	0.061019958999999999
20260909	2439	uniform_accepted	42.475451464897539	-13.587199889839326	13080	2734	0	0.035042792000000003
20260909	2439	upward_scan	53.164517278420433	7.5969471909692032	16231	3384	0	0.048319750000000002
20260909	2440	uniform_accepted	28.610198467464112	-33.629984983788603	13048	2768	0	0.040960166999999999
20260909	2440	upward_scan	64.55827844482765	13.680878528291112	19106	3991	0	0.052199083
20260909	2441	uniform_accepted	43.921227010407897	-0.81295332809105081	17361	3588	0	0.048773207999999998
20260909	2441	upward_scan	70.216560529220402	13.406291155710518	18973	3965	0	0.050465999999999997
20260909	2442	uniform_accepted	26.491303946506314	-26.867624513315857	14576	3037	0	0.040955540999999998
20260909	2442	upward_scan	66.202768034242993	15.439244788397486	20059	4185	0	0.055811874999999997
20260909	2443	uniform_accepted	27.035901578409852	-22.609073802095686	11963	2502	0	0.033195916999999998
20260909	2443	upward_scan	61.957331445036253	13.713393418940234	17732	3694	0	0.048274499999999998
20260909	2444	uniform_accepted	26.797794782440754	-28.877087295808437	14230	2909	0	0.039721958000000002
20260909	2444	upward_scan	58.36278991397544	10.029144720501979	17476	3649	0	0.048341250000000002
20260909	2445	uniform_accepted	23.78317598595239	-34.353576262882683	11448	2363	0	0.030887958
20260909	2445	upward_scan	62.831225013729643	14.358374155261707	19808	4146	0	0.054870457999999997
20260909	2446	uniform_accepted	28.979901257465642	-25.341553628932108	11828	2459	0	0.034331250000000001
20260909	2446	upward_scan	68.91527304428358	17.314283824585889	21376	4443	0	0.058960667000000001
20260909	2447	uniform_accepted	33.63881093998593	-19.585785059407105	14714	3088	0	0.042756500000000003
20260909	2447	upward_scan	77.046082455812154	21.153104116141186	23230	4843	0	0.062810708000000007
20260909	2448	uniform_accepted	38.010370153555883	-14.285543194981711	15616	3232	0	0.043167542000000003
20260909	2448	upward_scan	69.360629091499248	12.660334547347414	20278	4214	0	0.054595375000000002
20260909	2449	uniform_accepted	38.153247189344654	-15.135284990971698	12396	2637	0	0.034398084000000002
20260909	2449	upward_scan	65.465742582603866	15.350980198724821	20326	4238	0	0.053699666
20260909	2450	uniform_accepted	31.20804038285042	-18.103728182428029	11835	2442	0	0.029881458999999999
20260909	2450	upward_scan	57.155635751043569	8.187739811875705	17272	3600	0	0.045059584
20260909	2451	uniform_accepted	38.272381082471739	-7.2122033153447784	16085	3371	0	0.045314041999999999
20260909	2451	upward_scan	63.749607089018362	14.188876867366638	19193	3999	0	0.052192250000000003
20260909	2452	uniform_accepted	39.866174469516501	-14.574627263838419	17934	3690	0	0.048870749999999998
20260909	2452	upward_scan	67.335000600037915	12.98010617314608	22295	4646	0	0.061720166
20260909	2453	uniform_accepted	37.275807062900697	-12.319507171131249	14178	2913	0	0.037338375
20260909	2453	upward_scan	74.658092551324899	15.524034520860321	22686	4731	0	0.060382041999999997
20260909	2454	uniform_accepted	27.249305366282943	-27.175724673648414	13368	2747	0	0.038670415999999999
20260909	2454	upward_scan	71.044532637782964	17.523028290254231	24263	5051	0	0.071537792000000003
20260909	2455	uniform_accepted	36.646770134073513	-11.383870611356857	14718	3011	0	0.041590833000000001
20260909	2455	upward_scan	90.434753002973451	26.89225718366631	28988	6028	0	0.084026708000000006
20260909	2456	uniform_accepted	38.359989509146097	-12.848416734800251	18652	3800	0	0.052486999999999999
20260909	2456	upward_scan	68.221881948699178	18.62967991019277	20448	4263	0	0.054410082999999998
20260909	2457	uniform_accepted	29.071324298952881	-26.406625823775762	14266	2937	0	0.040293875
20260909	2457	upward_scan	70.563723870125571	11.310056023525668	23736	4950	0	0.071270625000000004
20260909	2458	uniform_accepted	26.434635280721515	-27.361652072819275	12804	2574	0	0.033871166000000001
20260909	2458	upward_scan	69.054413561827744	11.647608595017704	19761	4132	0	0.054148916999999998
20260909	2459	uniform_accepted	34.741376995439794	-25.123303184875311	12270	2575	0	0.032445208000000003
20260909	2459	upward_scan	68.672374035547278	17.824862637464111	22616	4714	0	0.062052250000000003
20260909	2460	uniform_accepted	28.253759272243084	-24.223045548480787	14633	3037	0	0.040660041000000001
20260909	2460	upward_scan	61.445602959261784	7.4107498165788845	19503	4055	0	0.058609874999999999
20260909	2461	uniform_accepted	26.653654757268264	-19.350103733489942	13218	2711	0	0.035141749999999999
20260909	2461	upward_scan	52.589098220990969	6.8623364613806404	15198	3161	0	0.040933834000000002
20260909	2462	uniform_accepted	21.532962926965357	-37.641292476404658	11174	2339	0	0.029562708
20260909	2462	upward_scan	64.635802652966944	13.049087873670331	20530	4287	0	0.056619792000000002
20260909	2463	uniform_accepted	34.55298913266688	-15.988759305390303	14926	3214	0	0.044709832999999997
20260909	2463	upward_scan	65.063105893163225	13.889021440652973	19226	4010	0	0.056589166000000003
20260909	2464	uniform_accepted	36.270935810760854	-11.356074425162628	13952	2857	0	0.037520958
20260909	2464	upward_scan	57.632441138404594	5.9740804137519845	17163	3581	0	0.045595666999999999
20260909	2465	uniform_accepted	33.084672782651985	-18.972614924946679	14072	2927	0	0.040735291999999999
20260909	2465	upward_scan	69.282401469326047	17.794311832136824	20747	4328	0	0.058200624999999999
20260909	2466	uniform_accepted	52.532045879044077	-8.5942213444767575	18658	3847	0	0.054096249999999999
20260909	2466	upward_scan	62.99409011242728	14.053856427070878	19609	4095	0	0.050402915999999999
20260909	2467	uniform_accepted	30.654987497263068	-25.006964344669676	12572	2683	0	0.035675458
20260909	2467	upward_scan	59.698915605407933	13.076168473395365	17419	3641	0	0.046960624999999999
20260909	2468	uniform_accepted	39.829216717779076	-13.518344991773169	16178	3319	0	0.045376791999999999
20260909	2468	upward_scan	75.456322568656859	14.775092973311253	22088	4599	0	0.064340499999999995
20260909	2469	uniform_accepted	35.221042045956068	-15.067168218245927	12645	2638	0	0.039342750000000003
20260909	2469	upward_scan	64.832676628673255	12.8106462998228	18294	3809	0	0.049125209000000003
20260909	2470	uniform_accepted	32.91789725338819	-12.728683447939432	11798	2525	0	0.033960457999999999
20260909	2470	upward_scan	62.279636170164316	12.560789426483602	17832	3712	0	0.049141749999999998
20260909	2471	uniform_accepted	42.253173325383557	-5.9543302695641884	14496	3009	0	0.043190833999999997
20260909	2471	upward_scan	55.378688645948017	7.6959639996823572	17506	3642	0	0.049313999999999997
20260909	2472	uniform_accepted	28.678355898687006	-30.190962126541596	10813	2258	0	0.030915249999999998
20260909	2472	upward_scan	65.698110643771159	16.03902816278735	20063	4167	0	0.060115250000000002
20260909	2473	uniform_accepted	35.969007211096979	-17.200834410449751	15055	3083	0	0.047002708999999997
20260909	2473	upward_scan	61.738618748260507	10.596144633303524	20879	4363	0	0.063740749999999999
20260909	2474	uniform_accepted	28.098040954467375	-21.182565330504659	11691	2458	0	0.034900500000000001
20260909	2474	upward_scan	59.27138723704293	11.554315048084838	16672	3476	0	0.045971417000000001
20260909	2475	uniform_accepted	41.217571266696069	-7.3024172777723297	14591	3005	0	0.041050749999999997
20260909	2475	upward_scan	62.074207559831578	10.983164685889216	19075	3969	0	0.053694208
20260909	2476	uniform_accepted	31.411187784915732	-21.671145810728579	13977	2942	0	0.042964333
20260909	2476	upward_scan	78.990019665489655	18.245206433193029	26239	5459	0	0.074150875000000005
20260909	2477	uniform_accepted	32.44279430002679	-24.668864363620177	13067	2700	0	0.037048790999999998
20260909	2477	upward_scan	72.77434119836461	15.60333796877903	22736	4734	0	0.071410500000000002
20260909	2478	uniform_accepted	32.64354726578032	-19.020590318864624	12984	2699	0	0.037030624999999998
20260909	2478	upward_scan	53.681764511873681	4.581132796159471	17355	3625	0	0.047838540999999998
20260909	2479	uniform_accepted	20.564477764195999	-30.247475999537713	10696	2273	0	0.029929125000000001
20260909	2479	upward_scan	62.95319375605068	13.681054065319181	21449	4465	0	0.063353124999999996
20260909	2480	uniform_accepted	34.486857315996531	-12.102710377517342	16047	3282	0	0.041258875
20260909	2480	upward_scan	74.616637914346825	16.168626815450803	26841	5585	0	0.086575291999999998
20260909	2481	uniform_accepted	31.8009451761076	-20.851858060396406	12190	2599	0	0.032613792000000003
20260909	2481	upward_scan	70.936824924939614	16.176347659203199	20958	4368	0	0.058520457999999997
20260909	2482	uniform_accepted	28.320518213354163	-25.637392267736026	13507	2813	0	0.038280208000000003
20260909	2482	upward_scan	77.576752099615462	21.834927162037662	24626	5118	0	0.070251833
20260909	2483	uniform_accepted	30.291614382114425	-27.682488878693778	13455	2809	0	0.041861834000000001
20260909	2483	upward_scan	56.038226707088	7.9526340892966569	18280	3815	0	0.056384875000000001
20260909	2484	uniform_accepted	36.67093472004138	-13.915102195578896	14778	3138	0	0.043815791999999999
20260909	2484	upward_scan	74.022789535189148	15.998840961960354	21752	4519	0	0.053577708000000002
20260909	2485	uniform_accepted	39.426407364567993	-20.292869151757504	14472	2971	0	0.037217915999999997
20260909	2485	upward_scan	57.554348859738511	10.619134460008942	19181	4009	0	0.053068292000000003
20260909	2486	uniform_accepted	38.536944703270123	-7.4052703066442884	17488	3685	0	0.049499042
20260909	2486	upward_scan	61.098652223063482	8.0200458016373908	18561	3879	0	0.060052792000000001
20260909	2487	uniform_accepted	29.985300573316643	-24.303322624397346	11004	2314	0	0.029955790999999999
20260909	2487	upward_scan	44.071312849606038	-1.9912790535216065	13443	2808	0	0.041479542000000001
20260909	2488	uniform_accepted	31.945708895246728	-10.721048221143226	14888	3123	0	0.043560416999999997
20260909	2488	upward_scan	63.137998735710703	12.57916435348513	20117	4179	0	0.061909125000000002
20260909	2489	uniform_accepted	38.109238042287217	-12.530485118654278	15708	3162	0	0.044879457999999997
20260909	2489	upward_scan	69.512242523004616	14.401257868494646	22266	4641	0	0.063980541000000002
20260909	2490	uniform_accepted	30.237541835873557	-19.624643070053398	11488	2377	0	0.029633375
20260909	2490	upward_scan	80.028673502371134	15.550139528517526	21850	4554	0	0.054684917
20260909	2491	uniform_accepted	28.364909653506388	-24.13254322026042	13467	2752	0	0.039135999999999997
20260909	2491	upward_scan	97.048603798483413	28.200824232076044	30586	6362	0	0.084199791999999996
20260909	2492	uniform_accepted	40.256270486461631	-9.3955378454305745	14646	3042	0	0.043387042000000001
20260909	2492	upward_scan	60.630084614693622	14.6257181403369	17020	3557	0	0.044913082999999999
20260909	2493	uniform_accepted	25.296396280424585	-23.723349052300957	11897	2448	0	0.033581374999999997
20260909	2493	upward_scan	64.469413288386022	8.9413203425052075	19261	4025	0	0.049427667000000002
20260909	2494	uniform_accepted	28.727158796429148	-22.528430855524352	11326	2395	0	0.031110249999999999
20260909	2494	upward_scan	52.724050163233883	7.2379475061223539	16180	3370	0	0.043989792
20260909	2495	uniform_accepted	32.964328248869236	-14.519614883764199	14092	2965	0	0.041189875000000001
20260909	2495	upward_scan	58.297200302571568	8.184598673668269	18621	3885	0	0.051901916999999999
20260909	2496	uniform_accepted	28.017996101543556	-26.241307932738746	11426	2331	0	0.028128334000000001
20260909	2496	upward_scan	76.876619900218287	19.612988807004399	23826	4938	0	0.066794458000000001
20260909	2497	uniform_accepted	25.422849857570867	-19.716063625407877	12934	2690	0	0.037685708999999998
20260909	2497	upward_scan	62.366914890293927	9.2583175428817182	18305	3816	0	0.048647875
20260909	2498	uniform_accepted	39.663232280839622	-4.713413785503521	14105	2942	0	0.039723374999999998
20260909	2498	upward_scan	68.889241919951147	17.187598112273164	19616	4088	0	0.054860208000000001
20260909	2499	uniform_accepted	37.814895362841277	-17.082312620786421	19286	3976	0	0.060044832999999999
20260909	2499	upward_scan	64.514645277602824	11.657517260962308	17650	3673	0	0.044964917
20260909	2500	uniform_accepted	43.659196749479136	-7.2541190627037606	17122	3580	0	0.049186417000000003
20260909	2500	upward_scan	77.718687770060413	21.517125010611135	25993	5405	0	0.074467375000000002
20260909	2501	uniform_accepted	44.477411177146855	-2.8967795126512224	17205	3581	0	0.048430750000000002
20260909	2501	upward_scan	70.496009712779284	16.665343646481595	22080	4607	0	0.064671958000000002
20260909	2502	uniform_accepted	31.040708742416523	-26.944056546520109	13273	2755	0	0.037044916999999997
20260909	2502	upward_scan	62.922675551521323	12.649359427934771	20285	4223	0	0.055125665999999997
20260909	2503	uniform_accepted	31.190101533708845	-21.530991315390001	13598	2829	0	0.035688583000000003
20260909	2503	upward_scan	70.239948844127113	19.181730980064735	21627	4513	0	0.060958125000000002
20260909	2504	uniform_accepted	38.324039974163618	-16.369460157660342	16803	3471	0	0.045855832999999999
20260909	2504	upward_scan	61.543105729177171	14.628525225253036	18925	3937	0	0.065244833000000002
20260909	2505	uniform_accepted	32.100274789872806	-25.941423829185396	12740	2657	0	0.047892333000000002
20260909	2505	upward_scan	73.141686021692493	20.412966727150682	23054	4810	0	0.063673959000000002
20260909	2506	uniform_accepted	34.628667493702324	-12.454793636686802	12424	2569	0	0.034213166000000003
20260909	2506	upward_scan	64.838241395890336	15.804858529792797	19454	4049	0	0.052924667000000002
20260909	2507	uniform_accepted	39.689302392786104	-13.813642932549891	16014	3262	0	0.042256209000000003
20260909	2507	upward_scan	82.857547547004614	25.024330327550167	23531	4900	0	0.067316208000000002
20260909	2508	uniform_accepted	28.924513980759087	-16.716419738742601	13710	2858	0	0.040120625
20260909	2508	upward_scan	87.102570082278788	22.563014494899072	23958	4999	0	0.070040707999999993
20260909	2509	uniform_accepted	33.392839932127131	-18.820718869855021	13251	2758	0	0.035648290999999999
20260909	2509	upward_scan	63.098197344917743	12.457316626977367	19406	4044	0	0.050236625
20260909	2510	uniform_accepted	43.761243189524045	-13.65721192498507	16718	3504	0	0.047407125000000001
20260909	2510	upward_scan	56.6474232673635	5.856888955790966	18693	3893	0	0.054046584000000002
20260909	2511	uniform_accepted	26.483264295180941	-23.619316549278494	11697	2342	0	0.031048583000000001
20260909	2511	upward_scan	84.746710438697306	22.464229936901969	25128	5239	0	0.071723750000000003
20260909	2512	uniform_accepted	28.420055141459944	-19.91081163977605	12585	2611	0	0.034347250000000003
20260909	2512	upward_scan	69.523375670875268	13.538912168945046	20674	4319	0	0.06125125
20260909	2513	uniform_accepted	38.156533490618308	-11.355616632336544	14086	2936	0	0.038414249999999997
20260909	2513	upward_scan	61.330612187870166	11.519926222755903	20181	4208	0	0.062345999999999999
20260909	2514	uniform_accepted	41.041518138766236	-3.3351127523357649	15093	3150	0	0.040024917
20260909	2514	upward_scan	73.333890746177616	16.344426077133992	23578	4909	0	0.068364542
20260909	2515	uniform_accepted	28.142917515588049	-22.637966650887503	13622	2837	0	0.039788457999999999
20260909	2515	upward_scan	68.403488849092653	12.633566506677893	23298	4859	0	0.066114000000000006
20260909	2516	uniform_accepted	28.877838230269052	-20.583057408916083	13355	2806	0	0.039525249999999998
20260909	2516	upward_scan	63.346580612254265	7.2530266450152014	19671	4101	0	0.064870167000000006
20260909	2517	uniform_accepted	27.780425543175046	-20.765543409634237	12357	2597	0	0.044084417000000001
20260909	2517	upward_scan	61.172978096329388	10.523211041599176	18571	3871	0	0.050665833
20260909	2518	uniform_accepted	39.215958364031714	-10.9405811264552	16938	3586	0	0.044624375000000001
20260909	2518	upward_scan	60.903369034369895	9.6779249051764218	18544	3880	0	0.047828792000000002
20260909	2519	uniform_accepted	25.447035527067541	-26.653449501085277	12115	2507	0	0.033247291999999998
20260909	2519	upward_scan	68.162809876183957	14.307687987327663	21645	4515	0	0.061260333
20260909	2520	uniform_accepted	45.244945071565617	-9.4474396814175048	15582	3190	0	0.043696541999999998
20260909	2520	upward_scan	61.03415831504514	13.560511152300826	19772	4112	0	0.054933250000000003
20260909	2521	uniform_accepted	44.398188729166051	-18.242412228617795	14106	2904	0	0.037514582999999997
20260909	2521	upward_scan	72.17747314294445	16.056883244056259	24455	5094	0	0.074622042
20260909	2522	uniform_accepted	32.414492946858758	-15.592474262456134	12226	2551	0	0.033089124999999997
20260909	2522	upward_scan	64.064126332759656	14.75794379073392	21297	4437	0	0.058569207999999998
20260909	2523	uniform_accepted	40.154766395115075	-19.297082446908838	15921	3311	0	0.04632025
20260909	2523	upward_scan	74.28589182066996	19.400509680337159	22345	4645	0	0.059302374999999997
20260909	2524	uniform_accepted	28.533960595539334	-24.693460216607857	13838	2835	0	0.036010167000000003
20260909	2524	upward_scan	61.85416472510758	14.077334704646532	18008	3739	0	0.047544250000000003
20260909	2525	uniform_accepted	32.230475489060218	-11.922609826744642	12752	2704	0	0.033583374999999999
20260909	2525	upward_scan	64.079294689973167	15.894028073132201	19236	3995	0	0.051673583000000002
20260909	2526	uniform_accepted	34.844018045593344	-14.475107577018774	13083	2731	0	0.03334575
20260909	2526	upward_scan	64.217238708284924	11.588177649394897	21404	4460	0	0.063461416000000007
20260909	2527	uniform_accepted	28.193541405731551	-20.533174805219108	12188	2499	0	0.036790165999999999
20260909	2527	upward_scan	53.298599754950466	5.1101449456874199	16983	3541	0	0.047678417000000001
20260909	2528	uniform_accepted	38.131495000602499	-17.774298126943339	13672	2889	0	0.041075332999999999
20260909	2528	upward_scan	71.113430868106292	18.404345164312751	21544	4488	0	0.062393707999999999
20260909	2529	uniform_accepted	33.782502221678918	-18.744589304497261	14194	2940	0	0.041115791999999998
20260909	2529	upward_scan	60.410409259523682	10.107908960781671	17978	3755	0	0.049640833000000002
20260909	2530	uniform_accepted	33.724023888810734	-14.227038690230717	11502	2402	0	0.031564874999999999
20260909	2530	upward_scan	54.976836571123549	10.756424013379956	17471	3663	0	0.050536125000000001
20260909	2531	uniform_accepted	44.198816579289058	-7.9294792228058917	17168	3571	0	0.048272625
20260909	2531	upward_scan	71.758030693413687	16.267053323545348	23030	4803	0	0.060855667000000002
20260909	2532	uniform_accepted	38.153902941949518	-20.424126691541858	13706	2830	0	0.035360541000000002
20260909	2532	upward_scan	61.259825596970373	9.1900184319079976	19796	4127	0	0.062281207999999998
20260909	2533	uniform_accepted	27.543653812505084	-21.272893168389636	12732	2685	0	0.040316667
20260909	2533	upward_scan	61.137105221347952	10.380896226328353	19239	4016	0	0.053393375
20260909	2534	uniform_accepted	18.532109256332692	-42.225953544100669	8021	1651	0	0.022815833000000001
20260909	2534	upward_scan	56.670826477092241	9.053369207058072	19734	4119	0	0.059968915999999997
20260909	2535	uniform_accepted	39.671162316641222	-15.555884726333524	15259	3125	0	0.040665624999999997
20260909	2535	upward_scan	64.969266682971579	14.798607230223482	19338	4024	0	0.054319958000000002
20260909	2536	uniform_accepted	25.889209690215527	-31.636227918670695	12648	2672	0	0.035347249999999997
20260909	2536	upward_scan	62.968845715056929	11.266352134413458	17534	3652	0	0.046287915999999998
20260909	2537	uniform_accepted	48.854844853235413	-19.02478467946753	17621	3666	0	0.050417207999999998
20260909	2537	upward_scan	72.820738459026103	18.127421020132161	19831	4131	0	0.050902957999999998
20260909	2538	uniform_accepted	34.573879912445435	-15.899601995621447	13920	2894	0	0.039692958
20260909	2538	upward_scan	59.802027137564437	10.842885301435167	18358	3821	0	0.056070042
20260909	2539	uniform_accepted	35.698490743361681	-18.004375282960719	15215	3147	0	0.039795584000000002
20260909	2539	upward_scan	80.594081588788612	15.305297612597807	24454	5091	0	0.071166958000000002
20260909	2540	uniform_accepted	28.80842669282826	-26.287893161590787	12356	2598	0	0.037238832999999999
20260909	2540	upward_scan	53.692828564926721	7.6941034457744903	16768	3489	0	0.046834124999999997
20260909	2541	uniform_accepted	34.846067731730429	-23.699917757160385	12911	2688	0	0.035334333000000002
20260909	2541	upward_scan	60.941026253142347	8.537950981425654	20229	4218	0	0.059547625
20260909	2542	uniform_accepted	27.847263849083383	-25.547034608855874	14145	2876	0	0.037530959000000003
20260909	2542	upward_scan	62.230547334287294	12.771246668868482	19647	4088	0	0.057010041999999997
20260909	2543	uniform_accepted	33.120704782914011	-19.169141521840125	11567	2398	0	0.027845000000000002
20260909	2543	upward_scan	71.075873667146325	15.260051647683023	22140	4613	0	0.065070249999999996
20260909	2544	uniform_accepted	36.11739972400683	-19.59173597354847	13197	2725	0	0.03859775
20260909	2544	upward_scan	79.671413308323878	23.833724028166323	23990	4992	0	0.066423833000000002
20260909	2545	uniform_accepted	40.121296781015538	-11.817545079267465	13950	2913	0	0.038533249999999998
20260909	2545	upward_scan	63.121729036953937	11.368054692093798	20715	4323	0	0.057407125000000003
20260909	2546	uniform_accepted	39.383600135124766	-13.894668511047444	16265	3347	0	0.045892000000000002
20260909	2546	upward_scan	68.897352148812445	10.890407250925863	21201	4410	0	0.054740542000000003
20260909	2547	uniform_accepted	36.195382996985551	-11.027651135423094	15770	3302	0	0.042682667000000001
20260909	2547	upward_scan	65.532694274923443	12.829660468491348	20864	4347	0	0.057923707999999997
20260909	2548	uniform_accepted	38.894621913982839	-30.644521187213311	12983	2688	0	0.032170499999999998
20260909	2548	upward_scan	66.856407269427734	15.54199705810133	20478	4264	0	0.055863084
20260909	2549	uniform_accepted	34.741289487180318	-22.414257262704005	14229	2958	0	0.034657624999999997
20260909	2549	upward_scan	64.037984455546564	13.002884324595307	18592	3871	0	0.049157208000000001
20260909	2550	uniform_accepted	40.807950973311712	-9.9074190993230165	12774	2641	0	0.030947124999999999
20260909	2550	upward_scan	78.617109257197313	17.563888079242325	24483	5113	0	0.070200250000000006
20260909	2551	uniform_accepted	38.477981460900182	-12.001065155730283	15749	3250	0	0.046384374999999999
20260909	2551	upward_scan	71.431901683481314	15.168701122949638	23572	4907	0	0.066651249999999995
20260909	2552	uniform_accepted	46.085005483407542	-9.8822160949466991	15353	3215	0	0.043717708000000001
20260909	2552	upward_scan	71.326780002927521	16.093557867662984	19546	4091	0	0.053117375000000001
20260909	2553	uniform_accepted	34.526451590686932	-18.910253344208574	13603	2896	0	0.043373416999999997
20260909	2553	upward_scan	90.698908859350027	26.807089367843808	26963	5620	0	0.069508291
20260909	2554	uniform_accepted	38.021200608974034	-14.111105221361704	11676	2436	0	0.032741458000000001
20260909	2554	upward_scan	66.043189864319018	14.80148701590703	19378	4033	0	0.049191958000000001
20260909	2555	uniform_accepted	29.475267703268052	-13.436160138392307	11422	2404	0	0.028461917
20260909	2555	upward_scan	67.363902380391153	14.435382900337618	21748	4522	0	0.064296167000000001
20260909	2556	uniform_accepted	28.334690832262609	-22.076937535436564	12925	2612	0	0.037253459000000003
20260909	2556	upward_scan	62.366081693824199	16.156006799262446	20222	4220	0	0.078767957999999999
20260909	2557	uniform_accepted	32.761926760137506	-18.769185803079534	15943	3282	0	0.072673249999999995
20260909	2557	upward_scan	71.396191541624646	16.83102471449612	21124	4393	0	0.057582833999999999
20260909	2558	uniform_accepted	35.513861509628462	-18.192156699564045	14933	3133	0	0.040456249999999999
20260909	2558	upward_scan	72.126931702038291	17.988723148603814	22981	4785	0	0.070748792000000005
20260909	2559	uniform_accepted	22.095514706710777	-33.210750386545506	10120	2091	0	0.028242416999999999
20260909	2559	upward_scan	69.622119804918967	16.82067815186479	20213	4220	0	0.054518875000000001
20260909	2560	uniform_accepted	39.358653457945337	-14.07257124047279	15248	3193	0	0.043642792
20260909	2560	upward_scan	68.945257974375409	18.416300549760951	22423	4682	0	0.065571500000000005
20260909	2561	uniform_accepted	33.632233428807552	-22.86163266657287	14805	3045	0	0.042270416999999998
20260909	2561	upward_scan	62.00096642933498	11.359825569740043	17943	3745	0	0.046630417
20260909	2562	uniform_accepted	37.610728219399562	-14.45473896466719	12661	2628	0	0.034623791000000001
20260909	2562	upward_scan	61.578932497488871	10.151614354641167	21047	4369	0	0.064794084000000002
20260909	2563	uniform_accepted	33.864838736389608	-16.30789467472038	13604	2817	0	0.03845925
20260909	2563	upward_scan	67.059674103535116	16.960092250077651	21074	4384	0	0.066106290999999998
20260909	2564	uniform_accepted	27.854867027385954	-26.378628310723613	13196	2686	0	0.037618709
20260909	2564	upward_scan	65.343374873496984	12.514959550999263	19401	4031	0	0.082124292000000002
20260909	2565	uniform_accepted	33.854886384864145	-14.770553123296018	11839	2442	0	0.048223624999999999
20260909	2565	upward_scan	57.374090111736891	10.790259684186248	18649	3890	0	0.051168625000000002
20260909	2566	uniform_accepted	35.506376165530412	-14.799458161367189	14257	2944	0	0.037138958
20260909	2566	upward_scan	61.77130214042807	10.905275322122568	18960	3962	0	0.052940291
20260909	2567	uniform_accepted	41.11623308456614	-11.242370242111344	16553	3498	0	0.053534417000000001
20260909	2567	upward_scan	61.552318777830216	9.4503620092716538	17124	3574	0	0.044636042000000001
20260909	2568	uniform_accepted	37.69043874987301	-16.976591839150469	15728	3266	0	0.045812582999999997
20260909	2568	upward_scan	65.922884974198325	16.02596746915755	20169	4209	0	0.057781166000000002
20260909	2569	uniform_accepted	30.946667626657838	-24.472111607902761	15186	3181	0	0.045639958000000001
20260909	2569	upward_scan	67.616337666792717	16.853342614276862	21275	4445	0	0.060481791999999999
20260909	2570	uniform_accepted	46.366147751278781	-6.0428425770621805	16517	3444	0	0.051124957999999998
20260909	2570	upward_scan	82.195449509674759	22.104215979739781	24366	5081	0	0.071821250000000003
20260909	2571	uniform_accepted	39.778182574915945	-16.445391423241478	12675	2586	0	0.035106291999999997
20260909	2571	upward_scan	67.659713787548583	14.609390608137407	22312	4646	0	0.060785667000000002
20260909	2572	uniform_accepted	33.490234130053452	-17.807393465281976	13705	2794	0	0.038086792000000001
20260909	2572	upward_scan	69.313693097739957	13.281329483160791	21845	4567	0	0.060196582999999998
20260909	2573	uniform_accepted	40.409978610920092	-8.7560415511912808	15288	3173	0	0.042920291999999999
20260909	2573	upward_scan	78.116795204055151	19.121523130795669	23655	4911	0	0.067748708000000005
20260909	2574	uniform_accepted	32.176813221292292	-20.388562902962928	16843	3484	0	0.054682042
20260909	2574	upward_scan	69.514644164020524	15.894415314756301	21288	4435	0	0.067345292000000001
20260909	2575	uniform_accepted	37.455669904425577	-18.660085836095011	13810	2864	0	0.041858082999999997
20260909	2575	upward_scan	70.718076306370421	15.575658287878399	22881	4767	0	0.067499416000000007
20260909	2576	uniform_accepted	37.169024261811614	-17.261630264258265	13174	2770	0	0.039568375000000003
20260909	2576	upward_scan	64.636998998096402	11.001994602387498	17544	3646	0	0.044844500000000002
20260909	2577	uniform_accepted	40.30083611490695	-15.735740586404432	15514	3217	0	0.044682375000000003
20260909	2577	upward_scan	56.941047435062231	9.7548444545374959	17621	3682	0	0.047793750000000003
20260909	2578	uniform_accepted	33.720132170819447	-14.871871900492698	13349	2727	0	0.0382505
20260909	2578	upward_scan	61.974188995117217	10.764959495416134	20261	4222	0	0.059322332999999998
20260909	2579	uniform_accepted	34.823188226857972	-13.208798251811775	13867	2837	0	0.038237291999999999
20260909	2579	upward_scan	63.548146412914328	11.8142649458223	18932	3943	0	0.051176958000000002
20260909	2580	uniform_accepted	39.337491475087411	-15.509421646439916	13592	2784	0	0.038274792000000002
20260909	2580	upward_scan	82.158069412743558	18.752250945436177	24610	5124	0	0.068874249999999998
20260909	2581	uniform_accepted	35.145573501767259	-16.039470279634614	13849	2875	0	0.038311625000000002
20260909	2581	upward_scan	62.598866135649246	8.2209092859700323	19630	4097	0	0.055887708000000001
20260909	2582	uniform_accepted	30.130966615996734	-14.220132843670109	13170	2738	0	0.032297458000000001
20260909	2582	upward_scan	93.811511853278731	26.786668838541235	30183	6277	0	0.089839875
20260909	2583	uniform_accepted	34.393987542657342	-13.024970595608039	14743	3167	0	0.041764957999999998
20260909	2583	upward_scan	60.382745840700231	11.173642937257254	17290	3604	0	0.052948207999999997
20260909	2584	uniform_accepted	29.456644428082921	-23.667772826423658	12816	2629	0	0.036617125
20260909	2584	upward_scan	67.210482814802944	10.020041887869825	21036	4376	0	0.065013208000000003
20260909	2585	uniform_accepted	35.688463581964889	-10.452848650978941	12417	2545	0	0.035640125000000002
20260909	2585	upward_scan	86.973824883650551	21.29584616313527	27192	5660	0	0.075964292000000003
20260909	2586	uniform_accepted	27.372375681092581	-30.362015546476542	11889	2450	0	0.033950915999999998
20260909	2586	upward_scan	64.580341224555383	15.268627406458045	19938	4139	0	0.053903458000000001
20260909	2587	uniform_accepted	29.603266183443569	-22.949430911724534	14176	2967	0	0.040541874999999998
20260909	2587	upward_scan	77.841077415867602	20.341443166336703	23638	4918	0	0.063678542000000005
20260909	2588	uniform_accepted	31.74245991292992	-22.324980410615481	13093	2786	0	0.040213875000000003
20260909	2588	upward_scan	71.663593171032716	16.193285209724223	23470	4892	0	0.066335208000000007
20260909	2589	uniform_accepted	29.117118291722111	-20.915240200271267	13401	2758	0	0.040261790999999998
20260909	2589	upward_scan	62.685284729714496	13.168117272134632	18763	3901	0	0.048719499999999999
20260909	2590	uniform_accepted	34.566749014360255	-12.593846323636747	15602	3252	0	0.045442999999999997
20260909	2590	upward_scan	67.061641466671574	16.92083326982954	22855	4763	0	0.070577209000000002
20260909	2591	uniform_accepted	42.644332725035497	-14.035892544210784	16281	3422	0	0.044329458000000002
20260909	2591	upward_scan	59.272171927101923	13.14161175888627	17602	3668	0	0.051327875000000002
20260909	2592	uniform_accepted	43.998300203073107	-9.3046398750163792	14319	3007	0	0.039706499999999999
20260909	2592	upward_scan	63.374412188361759	14.650975255094503	19336	4044	0	0.048854000000000002
20260909	2593	uniform_accepted	26.854137936482356	-22.78512473545004	13617	2836	0	0.041204666000000001
20260909	2593	upward_scan	65.543929858158961	11.06808010600122	20652	4296	0	0.061412208000000003
20260909	2594	uniform_accepted	30.219187887648829	-19.934857917572945	12146	2561	0	0.034485542000000001
20260909	2594	upward_scan	68.685693779640644	16.108938742119161	21590	4493	0	0.059216584000000003
20260909	2595	uniform_accepted	31.222195005902755	-22.303144967618646	13360	2756	0	0.037523542
20260909	2595	upward_scan	78.840368963140477	17.989984887196783	23193	4835	0	0.066472375
20260909	2596	uniform_accepted	33.820659537353166	-14.386398067987667	12780	2612	0	0.032472083999999998
20260909	2596	upward_scan	75.200492460247602	18.092891625994152	23663	4938	0	0.067437999999999998
20260909	2597	uniform_accepted	33.792159118350824	-11.818653972487734	14559	3005	0	0.040783332999999998
20260909	2597	upward_scan	67.047283060020391	8.7231970651827737	19668	4102	0	0.051256084
20260909	2598	uniform_accepted	25.073129448780062	-28.359848677466459	14679	3125	0	0.045123625000000001
20260909	2598	upward_scan	66.169926370990382	11.726933689015382	20193	4212	0	0.058515666000000001
20260909	2599	uniform_accepted	28.042013003012308	-28.11348003411241	12042	2554	0	0.035246917000000003
20260909	2599	upward_scan	67.04159959285812	17.19595257446964	20307	4246	0	0.051845707999999997
20260909	2600	uniform_accepted	39.991818438885481	-12.570645224305325	14709	3056	0	0.036025874999999999
20260909	2600	upward_scan	74.177679883614033	14.173472998580689	23162	4828	0	0.062522833
20260909	2601	uniform_accepted	33.759308849262041	-15.733575931488186	17906	3691	0	0.053220207999999998
20260909	2601	upward_scan	64.872931072581423	14.439556220486768	20817	4354	0	0.059365082999999999
20260909	2602	uniform_accepted	28.662924185100184	-29.567275756841628	12213	2554	0	0.033602917000000003
20260909	2602	upward_scan	64.240479094732351	12.198133147807827	20167	4209	0	0.060710082999999998
20260909	2603	uniform_accepted	29.273640405819961	-19.536786151832992	12143	2530	0	0.033715374999999999
20260909	2603	upward_scan	66.472081520239087	14.376814747177697	22741	4752	0	0.066802291999999999
20260909	2604	uniform_accepted	38.079011233693109	-17.168974993584033	12587	2618	0	0.034080874999999997
20260909	2604	upward_scan	78.875677844401338	22.308965950791805	23758	4954	0	0.065015708000000005
20260909	2605	uniform_accepted	32.971268131875519	-17.140132444065561	13049	2659	0	0.038078624999999998
20260909	2605	upward_scan	57.573125191011876	3.8594380280577929	17456	3646	0	0.044437084000000002
20260909	2606	uniform_accepted	34.844250500109176	-18.618831102273223	16551	3454	0	0.049870708999999999
20260909	2606	upward_scan	57.355447984430036	8.445413412556519	17043	3545	0	0.045954500000000002
20260909	2607	uniform_accepted	35.619268390005509	-18.07357059717593	15903	3289	0	0.044978125000000001
20260909	2607	upward_scan	50.875919885115486	4.9542756492219224	15914	3315	0	0.045126874999999997
20260909	2608	uniform_accepted	31.950525642943283	-18.281634255330946	13125	2741	0	0.036714375
20260909	2608	upward_scan	55.010343108776304	9.12237011790649	16032	3334	0	0.038127166999999997
20260909	2609	uniform_accepted	30.439085642521942	-16.546821140904598	15061	3162	0	0.044399541000000001
20260909	2609	upward_scan	77.858120727351874	20.475878598930787	22941	4775	0	0.057271292000000001
20260909	2610	uniform_accepted	36.351801300702206	-22.376603652026795	14076	2946	0	0.036461582999999999
20260909	2610	upward_scan	54.465020622755333	8.6633639248922378	16342	3402	0	0.042646084000000001
20260909	2611	uniform_accepted	32.648142130304002	-16.4488684517857	13543	2770	0	0.040223750000000003
20260909	2611	upward_scan	66.268322053057503	16.818267444645485	20841	4342	0	0.056973915999999999
20260909	2612	uniform_accepted	36.892821861220135	-13.971452081417707	15172	3103	0	0.040064958999999997
20260909	2612	upward_scan	54.725259729905559	4.6165443278522842	16842	3507	0	0.040854834
20260909	2613	uniform_accepted	31.915367151647995	-19.038610110750639	13605	2838	0	0.036746042
20260909	2613	upward_scan	75.970486182945777	20.696499498743314	24161	5041	0	0.069513041999999997
20260909	2614	uniform_accepted	37.454122666543384	-14.755035457100899	16897	3530	0	0.046850875
20260909	2614	upward_scan	73.268771970696534	20.332552963469741	23168	4837	0	0.064315625000000001
20260909	2615	uniform_accepted	30.694424845381434	-21.742682935355585	15306	3163	0	0.038956875000000002
20260909	2615	upward_scan	59.895125901005905	6.8224270385057242	20321	4229	0	0.059178000000000001
20260909	2616	uniform_accepted	36.246646473563089	-22.394984785257062	14825	3037	0	0.042754
20260909	2616	upward_scan	53.813355285991499	6.9973513231253239	16690	3469	0	0.043956707999999997
20260909	2617	uniform_accepted	41.121971883927181	-3.6712332297953232	17249	3642	0	0.051176874999999997
20260909	2617	upward_scan	80.708060095421146	23.296042995697615	24229	5048	0	0.068829249999999995
20260909	2618	uniform_accepted	34.376087366419419	-12.521521252474711	14279	2923	0	0.041547709000000002
20260909	2618	upward_scan	73.376961147431103	12.291434269979126	22163	4608	0	0.063034083000000005
20260909	2619	uniform_accepted	34.190943056367466	-20.996620377701124	13252	2805	0	0.033560624999999997
20260909	2619	upward_scan	76.929898437221667	19.315929191095549	25191	5255	0	0.078732458000000005
20260909	2620	uniform_accepted	30.073005051402308	-26.055063757450117	15361	3132	0	0.041278957999999998
20260909	2620	upward_scan	68.796704452332179	18.15716836271557	20371	4243	0	0.054705499999999997
20260909	2621	uniform_accepted	34.797821521596823	-15.774744264782752	12838	2660	0	0.035059667000000003
20260909	2621	upward_scan	59.59061832571885	8.7181163474321117	19064	3955	0	0.054692958999999999
20260909	2622	uniform_accepted	37.598955447669844	-8.7134542586728045	14478	2982	0	0.042748708000000003
20260909	2622	upward_scan	62.77942405869436	11.15153783834387	19476	4068	0	0.053696124999999997
20260909	2623	uniform_accepted	37.768826902848886	-15.123296868595308	13571	2868	0	0.036689082999999997
20260909	2623	upward_scan	64.87542488409936	9.9246320663926522	20222	4219	0	0.057941166000000002
20260909	2624	uniform_accepted	32.703717362937354	-14.486972455046644	13847	2841	0	0.039456249999999998
20260909	2624	upward_scan	55.758896858338822	5.0111886687314442	16424	3431	0	0.040677958
20260909	2625	uniform_accepted	33.523634518260423	-21.013159247986888	15312	3214	0	0.040857625000000002
20260909	2625	upward_scan	67.357762126652119	15.982023352057043	21303	4447	0	0.061204624999999999
20260909	2626	uniform_accepted	40.334292884927663	-14.279655609463036	15739	3320	0	0.044358959000000003
20260909	2626	upward_scan	82.479094215596987	20.091256324503892	22520	4709	0	0.059656041
20260909	2627	uniform_accepted	36.13751226519409	-16.401849317778691	14026	2924	0	0.039279165999999997
20260909	2627	upward_scan	68.096001328722224	17.172149372962949	21718	4532	0	0.062782458999999999
20260909	2628	uniform_accepted	26.577827736609208	-26.416567677494225	14217	2926	0	0.041255208000000002
20260909	2628	upward_scan	62.699653709208377	12.777785141204768	17883	3724	0	0.046687541999999999
20260909	2629	uniform_accepted	38.600062942319283	-11.965504282216779	16307	3408	0	0.047238374999999999
20260909	2629	upward_scan	69.878915316580859	16.20601995848935	22246	4640	0	0.068602750000000004
20260909	2630	uniform_accepted	36.972882903620871	-9.7395348583484562	15719	3281	0	0.047839791
20260909	2630	upward_scan	67.440193049137491	16.727733782797412	20312	4212	0	0.057055500000000002
20260909	2631	uniform_accepted	23.494975837600627	-34.911418296870174	9628	2024	0	0.026770708000000001
20260909	2631	upward_scan	57.573404591580719	11.599601623789004	17042	3554	0	0.048094583000000003
20260909	2632	uniform_accepted	48.701769953571713	-7.4405920749178378	18376	3785	0	0.048186833999999998
20260909	2632	upward_scan	62.315110906561273	12.700686433125126	18460	3852	0	0.047842166999999998
20260909	2633	uniform_accepted	28.115187300878208	-18.223067212414971	13867	2838	0	0.036871374999999998
20260909	2633	upward_scan	64.728298097203634	14.040588153579641	20762	4309	0	0.056585166999999999
20260909	2634	uniform_accepted	35.840973459922608	-9.6038062086723688	14121	2944	0	0.039607625
20260909	2634	upward_scan	60.749098221714718	7.3467433181608053	21543	4502	0	0.062700124999999995
20260909	2635	uniform_accepted	35.428469207426197	-13.717565030273658	13823	2883	0	0.036645875000000001
20260909	2635	upward_scan	55.085077570133564	4.7645256437296606	16970	3533	0	0.043154540999999998
20260909	2636	uniform_accepted	28.194433285870986	-28.618323470028123	11609	2442	0	0.030155375000000002
20260909	2636	upward_scan	60.709021035095851	11.950723835714472	18830	3919	0	0.051418084000000003
20260909	2637	uniform_accepted	31.692371291994384	-22.560001288746193	12972	2665	0	0.035224708
20260909	2637	upward_scan	69.299695643204458	11.780712505891456	20887	4339	0	0.057387708000000003
20260909	2638	uniform_accepted	36.022760843850122	-13.555772990774061	14606	3044	0	0.039155415999999998
20260909	2638	upward_scan	61.334654910919134	14.613290013283967	18311	3812	0	0.049038917000000001
20260909	2639	uniform_accepted	42.80309593453854	-7.7583349753715769	18991	4012	0	0.052737874999999997
20260909	2639	upward_scan	69.921048759266341	10.938016854303484	21568	4476	0	0.061874499999999999
20260909	2640	uniform_accepted	41.667262997261361	-11.666449473323013	16462	3447	0	0.044935165999999999
20260909	2640	upward_scan	57.638837124736568	10.767451172931557	18344	3829	0	0.052148915999999997
20260909	2641	uniform_accepted	27.76921518701306	-23.437141958815925	12923	2722	0	0.039007958000000002
20260909	2641	upward_scan	62.664150921689881	8.9413970865741188	19232	4010	0	0.053281457999999997
20260909	2642	uniform_accepted	30.903764864683342	-19.064167334854218	12095	2481	0	0.035504124999999997
20260909	2642	upward_scan	55.493153547057375	10.322737561505734	18145	3785	0	0.053871041000000001
20260909	2643	uniform_accepted	35.217959405121917	-19.558899407187099	16043	3316	0	0.044387625
20260909	2643	upward_scan	59.3603967680694	10.571518711064808	18126	3769	0	0.045730416000000003
20260909	2644	uniform_accepted	29.488683868736068	-26.534440485672125	14481	2983	0	0.038764832999999999
20260909	2644	upward_scan	64.568607762844579	14.53512044902701	20526	4258	0	0.055354082999999998
20260909	2645	uniform_accepted	37.053410356973579	-15.59428477653592	14745	3071	0	0.039077792
20260909	2645	upward_scan	76.163005778095837	16.866792835599657	25477	5324	0	0.072001667000000005
20260909	2646	uniform_accepted	29.328311897982797	-20.005635644545354	11477	2390	0	0.028219542
20260909	2646	upward_scan	70.802223099451282	14.901816058389713	23177	4836	0	0.071705541999999997
20260909	2647	uniform_accepted	36.698827858897467	-17.365306259162011	13117	2717	0	0.036293167000000001
20260909	2647	upward_scan	69.943784957378924	16.316829419963398	20305	4234	0	0.056071124999999999
20260909	2648	uniform_accepted	45.073129380216685	-2.0431351206597776	15912	3293	0	0.047628292000000003
20260909	2648	upward_scan	66.019077087882266	11.963020617556957	19871	4148	0	0.069228166999999993
20260909	2649	uniform_accepted	36.229817163042824	-10.413027514767117	13959	2945	0	0.043808667000000003
20260909	2649	upward_scan	82.116143069720735	24.266978542210147	24837	5176	0	0.080592167000000006
20260909	2650	uniform_accepted	29.142769503655419	-20.101290769558688	13469	2838	0	0.041649249999999999
20260909	2650	upward_scan	69.217640627402488	14.874593237609995	21389	4452	0	0.060136124999999999
20260909	2651	uniform_accepted	25.422771632085208	-29.990749819147247	11623	2463	0	0.034687457999999997
20260909	2651	upward_scan	62.763584974216982	13.072346905940739	18528	3856	0	0.050309874999999997
20260909	2652	uniform_accepted	28.305558751428503	-19.51118330320579	13352	2819	0	0.038846708000000001
20260909	2652	upward_scan	59.394245761454457	6.8934974138996177	18836	3922	0	0.056343042000000003
20260909	2653	uniform_accepted	33.118510323062104	-23.060577338903983	11352	2363	0	0.030235167
20260909	2653	upward_scan	57.253367488902875	7.8928009667408183	17077	3567	0	0.045597166000000001
20260909	2654	uniform_accepted	36.533243942945802	-20.826346589463196	15169	3105	0	0.045280750000000002
20260909	2654	upward_scan	69.823503262465337	20.253844370464037	20792	4325	0	0.059406374999999997
20260909	2655	uniform_accepted	31.893707996595548	-23.719662664751098	13141	2753	0	0.038951790999999999
20260909	2655	upward_scan	49.104371697365266	2.8186880336925242	14452	3018	0	0.040148166999999998
20260909	2656	uniform_accepted	27.707409651964934	-26.3080399391763	13400	2773	0	0.040853291999999999
20260909	2656	upward_scan	70.013347923443504	16.017853676578007	22552	4702	0	0.066873374999999999
20260909	2657	uniform_accepted	31.268393138977128	-16.343596487319047	12497	2621	0	0.038598750000000001
20260909	2657	upward_scan	76.456085856101495	17.139682864104994	23734	4949	0	0.070718792000000003
20260909	2658	uniform_accepted	30.98900519258617	-29.7985283381628	12773	2612	0	0.037540540999999997
20260909	2658	upward_scan	70.764453601677033	17.23080210934225	19416	4054	0	0.054743417000000003
20260909	2659	uniform_accepted	29.160654675542457	-23.935444980409766	12887	2742	0	0.038503458999999997
20260909	2659	upward_scan	62.201348964277649	12.364782409454952	18787	3900	0	0.052029540999999999
20260909	2660	uniform_accepted	30.358348710581357	-14.464504801950513	12071	2514	0	0.033761708000000001
20260909	2660	upward_scan	63.99318963709284	11.997993227885225	19942	4153	0	0.057450750000000002
20260909	2661	uniform_accepted	37.259173453667451	-20.793378654862046	15987	3312	0	0.043862208
20260909	2661	upward_scan	58.70607510395358	8.8011394145329334	17510	3651	0	0.046539708999999999
20260909	2662	uniform_accepted	34.374143887866616	-12.491307923914407	14396	2951	0	0.038593124999999999
20260909	2662	upward_scan	65.032004848366839	15.150012412205157	20870	4330	0	0.060120667000000003
20260909	2663	uniform_accepted	25.810581434146638	-28.539795191745	13455	2804	0	0.037570333999999997
20260909	2663	upward_scan	75.823109423242059	11.672434020927668	25831	5371	0	0.079151042000000005
20260909	2664	uniform_accepted	36.750908355142649	-10.482615892845342	14456	3029	0	0.042336166000000001
20260909	2664	upward_scan	69.574561720946591	14.873973595618281	21172	4413	0	0.055613375
20260909	2665	uniform_accepted	42.272389972903213	-8.5480558727925651	16517	3410	0	0.043235000000000003
20260909	2665	upward_scan	65.619514123991451	8.8754089728485237	20694	4313	0	0.060392000000000001
20260909	2666	uniform_accepted	36.92417980177725	-22.770509259666486	14861	3113	0	0.040587208
20260909	2666	upward_scan	66.098959029835285	16.504352163108027	19599	4087	0	0.053762457999999999
20260909	2667	uniform_accepted	30.753171358245197	-24.076757425039908	13621	2781	0	0.037764583999999997
20260909	2667	upward_scan	67.713928801345219	9.6589198247936743	20884	4343	0	0.053605708000000002
20260909	2668	uniform_accepted	43.256846481289372	-17.357780376367288	15190	3190	0	0.048847833
20260909	2668	upward_scan	63.259611741592131	11.802769812891727	19430	4046	0	0.053257916000000002
20260909	2669	uniform_accepted	35.459884937787123	-16.452652668799242	14414	2992	0	0.043097457999999998
20260909	2669	upward_scan	62.89127126589905	10.636278068098266	21461	4467	0	0.063875792000000001
20260909	2670	uniform_accepted	31.5997662871148	-21.682316323635895	13887	2925	0	0.042808832999999998
20260909	2670	upward_scan	52.43428173114674	5.4739423420686979	15163	3163	0	0.04144975
20260909	2671	uniform_accepted	34.38267332241886	-9.511317102535445	13109	2746	0	0.039026417000000001
20260909	2671	upward_scan	73.061301732359851	16.395221754723924	21994	4589	0	0.061785167000000002
20260909	2672	uniform_accepted	29.899405061980801	-16.189977721278169	13646	2844	0	0.036715666000000001
20260909	2672	upward_scan	60.989096545660061	10.798110319029867	18751	3911	0	0.049408832999999999
20260909	2673	uniform_accepted	36.878611003675879	-17.07725575334354	15341	3167	0	0.044431875000000003
20260909	2673	upward_scan	70.161348335420286	19.567914465600158	19568	4087	0	0.053095916999999999
20260909	2674	uniform_accepted	40.298607334804096	-15.349759249075477	14818	3150	0	0.045634082999999999
20260909	2674	upward_scan	57.190692336229461	8.2372694107551947	17557	3658	0	0.051766167000000002
20260909	2675	uniform_accepted	38.137051076221276	-12.618187059041153	14937	3103	0	0.043830624999999998
20260909	2675	upward_scan	67.505118337021571	14.259334953231384	21026	4386	0	0.063229250000000001
20260909	2676	uniform_accepted	38.759269245673423	-17.764786779363835	13874	2856	0	0.034905417000000001
20260909	2676	upward_scan	72.983862639966389	17.186336250646988	24310	5070	0	0.071704041999999996
20260909	2677	uniform_accepted	34.771903743936058	-17.421930590837295	13675	2875	0	0.038289334000000001
20260909	2677	upward_scan	59.217347368066427	10.578039116340015	18081	3773	0	0.046369083999999998
20260909	2678	uniform_accepted	46.18196409229364	-4.2579451928661003	16702	3519	0	0.046925124999999998
20260909	2678	upward_scan	71.346867746098027	13.671408725133224	22636	4722	0	0.063249125000000003
20260909	2679	uniform_accepted	32.199130678801303	-15.915474934274867	14650	3094	0	0.036459667000000001
20260909	2679	upward_scan	55.803990606100498	7.1081784464724009	17210	3596	0	0.049727667000000003
20260909	2680	uniform_accepted	21.599499773451786	-35.838622308968972	10555	2187	0	0.02764925
20260909	2680	upward_scan	81.917674909155451	17.681354751898755	25556	5307	0	0.077488000000000001
20260909	2681	uniform_accepted	37.514290881143474	-12.122985554692988	13551	2806	0	0.035540333
20260909	2681	upward_scan	72.447752880731969	19.021321377957968	22615	4706	0	0.064066083999999995
20260909	2682	uniform_accepted	31.947700748423475	-12.599885740629766	10662	2230	0	0.031206500000000002
20260909	2682	upward_scan	64.016065762492005	13.675500484418491	19556	4068	0	0.049596624999999998
20260909	2683	uniform_accepted	26.229880637907765	-30.152539876924131	13817	2923	0	0.040285500000000002
20260909	2683	upward_scan	55.06125962450087	2.3993568836986863	17015	3562	0	0.048432916999999999
20260909	2684	uniform_accepted	30.227221791091296	-21.926382313527785	13744	2880	0	0.043407082999999999
20260909	2684	upward_scan	64.853461918464546	13.348043696174082	22502	4681	0	0.071090542000000007
20260909	2685	uniform_accepted	35.763766240567605	-15.865192145749011	15234	3120	0	0.045315374999999998
20260909	2685	upward_scan	74.673221483009414	20.104958590198589	24566	5105	0	0.073253791999999998
20260909	2686	uniform_accepted	36.941769711451379	-12.231819580421718	14401	3002	0	0.042015416999999999
20260909	2686	upward_scan	74.123486459956993	14.057338401469437	20610	4299	0	0.053050958000000002
20260909	2687	uniform_accepted	32.622774116813915	-13.696925324405758	11879	2455	0	0.030649875
20260909	2687	upward_scan	66.082004120052162	16.592170085447638	20254	4221	0	0.058504374999999997
20260909	2688	uniform_accepted	40.971192539455835	-5.8506736073778924	15901	3254	0	0.044027125
20260909	2688	upward_scan	72.036990352537515	19.447295050411284	21812	4542	0	0.062328915999999998
20260909	2689	uniform_accepted	26.167053659080032	-26.514091341944631	11795	2499	0	0.034255082999999999
20260909	2689	upward_scan	89.550085917039667	24.019732170360673	28036	5823	0	0.078329750000000004
20260909	2690	uniform_accepted	37.807248939338677	-9.0042421784986235	17382	3618	0	0.050214083999999999
20260909	2690	upward_scan	61.394312841601028	9.9365675452111653	18509	3869	0	0.050373792000000001
20260909	2691	uniform_accepted	40.466917688125875	-17.498919574626594	14967	3096	0	0.042454208
20260909	2691	upward_scan	55.826510113299911	9.1416828210960013	16809	3502	0	0.048088791999999998
20260909	2692	uniform_accepted	27.677776578327812	-23.557280658217678	12563	2621	0	0.037239916999999997
20260909	2692	upward_scan	76.044501905420717	19.966284693353881	24286	5077	0	0.071524041999999996
20260909	2693	uniform_accepted	40.345829024845642	-11.321640078266906	15975	3297	0	0.043018165999999997
20260909	2693	upward_scan	68.042415796091021	15.253954687072941	21974	4583	0	0.061228167
20260909	2694	uniform_accepted	37.298525819603782	-16.144518668417135	14039	2897	0	0.037802500000000003
20260909	2694	upward_scan	60.125767876063307	10.422640777715168	18091	3779	0	0.049480833000000002
20260909	2695	uniform_accepted	43.312349014138164	-10.941867821635727	15425	3218	0	0.042445499999999997
20260909	2695	upward_scan	80.926388745863363	21.85514711233164	22779	4769	0	0.062198499999999997
20260909	2696	uniform_accepted	34.800599913183213	-22.255675056042524	12797	2661	0	0.036057041999999997
20260909	2696	upward_scan	68.957844860494873	15.265580379719069	20943	4384	0	0.056482583000000003
20260909	2697	uniform_accepted	24.146594584345003	-25.784777261201761	10318	2120	0	0.027344457999999999
20260909	2697	upward_scan	90.832022681354047	22.706818825262353	27109	5655	0	0.074284625000000007
20260909	2698	uniform_accepted	32.75511311556707	-24.242834308742701	17034	3494	0	0.051228791000000003
20260909	2698	upward_scan	63.548571047533876	12.139585873632063	20277	4231	0	0.060331375
20260909	2699	uniform_accepted	37.255996037203808	-21.745075941115445	15863	3254	0	0.048594458
20260909	2699	upward_scan	47.763293668986357	2.6264121636797793	14687	3059	0	0.042076750000000003
20260909	2700	uniform_accepted	32.243516816656893	-17.774221334081094	12487	2623	0	0.028444250000000001
20260909	2700	upward_scan	68.079867151571463	15.804430493578639	21201	4415	0	0.052825125000000001
20260909	2701	uniform_accepted	36.008176291000119	-13.732646123318712	13563	2863	0	0.037178833000000001
20260909	2701	upward_scan	58.621389880923694	8.5846513553744295	19106	3981	0	0.055066833000000003
20260909	2702	uniform_accepted	33.576779424360218	-23.667218668687578	14799	3070	0	0.038820209000000001
20260909	2702	upward_scan	75.357650768900612	18.248533881463334	20828	4339	0	0.055607875000000001
20260909	2703	uniform_accepted	43.501600376958443	-8.7333891588904038	15996	3278	0	0.044503624999999998
20260909	2703	upward_scan	66.264341978231556	15.746332003472439	21350	4438	0	0.060998666999999999
20260909	2704	uniform_accepted	30.349159757895627	-22.954355909889927	12006	2473	0	0.032519791999999999
20260909	2704	upward_scan	51.120507027322688	6.9563954827119661	16513	3440	0	0.046503165999999999
20260909	2705	uniform_accepted	44.738121545507198	-6.7168385232249781	16113	3389	0	0.045727833000000002
20260909	2705	upward_scan	65.36546395254264	15.170900588792462	19958	4174	0	0.056895292
20260909	2706	uniform_accepted	27.951524189198775	-22.724610265828275	14874	3112	0	0.044656124999999998
20260909	2706	upward_scan	71.800133056139842	17.602614520658943	20770	4318	0	0.057226458000000001
20260909	2707	uniform_accepted	30.720929613996763	-18.73985263126108	12483	2615	0	0.032820042000000001
20260909	2707	upward_scan	51.380618258604223	1.8015756625492494	17381	3622	0	0.050817792000000001
20260909	2708	uniform_accepted	39.215867012377416	-16.296095169874288	14824	3109	0	0.041637583999999998
20260909	2708	upward_scan	66.453016550540525	15.269448805549217	20794	4339	0	0.058634291999999998
20260909	2709	uniform_accepted	40.019642936111993	-12.052546444641481	14355	2928	0	0.034720665999999997
20260909	2709	upward_scan	74.48927700942842	17.330893653647301	23317	4875	0	0.066321124999999995
20260909	2710	uniform_accepted	32.293438911193718	-14.068655744156265	13459	2789	0	0.039684417
20260909	2710	upward_scan	68.898838561264341	18.025642368541384	22188	4616	0	0.060771458
20260909	2711	uniform_accepted	33.827013047949727	-18.466028664668968	16106	3370	0	0.045142166999999997
20260909	2711	upward_scan	60.045442427663282	10.782834939024085	18324	3819	0	0.053474374999999998
20260909	2712	uniform_accepted	35.670395890092422	-16.235751365288888	13395	2779	0	0.039471917000000002
20260909	2712	upward_scan	65.467406406819649	14.554441351665641	18108	3780	0	0.045765332999999998
20260909	2713	uniform_accepted	37.585245564600896	-8.4156276865917139	13196	2787	0	0.036585791999999999
20260909	2713	upward_scan	76.082969723328716	17.288297178703061	24278	5052	0	0.068968540999999994
20260909	2714	uniform_accepted	32.084669143295862	-25.365004097471889	13408	2800	0	0.036397082999999997
20260909	2714	upward_scan	54.909980511783147	6.7886011735654401	18483	3847	0	0.055091000000000001
20260909	2715	uniform_accepted	23.895402796333418	-29.192866909566956	10555	2163	0	0.029552584
20260909	2715	upward_scan	57.77948278862651	4.255501419033779	17734	3705	0	0.047633709000000003
20260909	2716	uniform_accepted	28.802500080675518	-22.27811060010281	13502	2802	0	0.039160333999999998
20260909	2716	upward_scan	54.69458527823658	7.6138679252431123	17913	3749	0	0.051178041000000001
20260909	2717	uniform_accepted	26.758876243511782	-28.740794000783531	12014	2506	0	0.033011625000000003
20260909	2717	upward_scan	65.739082182293231	14.786132873157921	18888	3939	0	0.054780457999999997
20260909	2718	uniform_accepted	29.595749140422829	-32.078856888502621	11589	2447	0	0.032154333
20260909	2718	upward_scan	73.538956460468981	19.335615552482032	23934	4977	0	0.065924458000000005
20260909	2719	uniform_accepted	31.154791812746833	-18.380804703312908	15046	3149	0	0.043921750000000002
20260909	2719	upward_scan	85.318250766672605	25.723127868869593	27813	5777	0	0.080270707999999996
20260909	2720	uniform_accepted	39.284261925460292	-12.642531557696524	14285	2953	0	0.036755041000000002
20260909	2720	upward_scan	66.551031821616291	16.149726728796566	20128	4182	0	0.056272542000000002
20260909	2721	uniform_accepted	39.886969910982266	-9.1374426181355251	18211	3748	0	0.053625040999999998
20260909	2721	upward_scan	61.421114892875785	10.570667337765205	18755	3919	0	0.046169292000000001
20260909	2722	uniform_accepted	25.20374861910107	-26.875751552130321	11218	2348	0	0.032448584000000003
20260909	2722	upward_scan	66.898932093997772	13.10276009428117	19281	4035	0	0.051717708000000001
20260909	2723	uniform_accepted	44.692226748510102	-5.8798886461683617	14998	3100	0	0.042902042000000001
20260909	2723	upward_scan	59.661268280281448	12.783328241521085	18543	3867	0	0.053840459
20260909	2724	uniform_accepted	34.809503203978061	-13.389426092682358	16651	3384	0	0.047325290999999998
20260909	2724	upward_scan	68.43757679325654	11.81375994547567	19334	4033	0	0.048296875000000003
20260909	2725	uniform_accepted	31.476032692381587	-22.410037551384651	15104	3128	0	0.03969425
20260909	2725	upward_scan	54.477755646956766	3.8411224367042314	18176	3775	0	0.053303916999999999
20260909	2726	uniform_accepted	38.224928215375996	-14.749071730000853	16119	3330	0	0.045938916000000003
20260909	2726	upward_scan	55.254656615655904	8.2393860923018085	16639	3465	0	0.047815875000000001
20260909	2727	uniform_accepted	37.274090805128751	-10.051337682988548	14243	2965	0	0.040701208000000003
20260909	2727	upward_scan	69.486917109867107	15.99608015076795	21223	4421	0	0.058029667
20260909	2728	uniform_accepted	27.316615512652774	-22.334407353310802	12670	2607	0	0.035479207999999998
20260909	2728	upward_scan	72.401413226444689	16.363006878102077	24918	5191	0	0.072057999999999997
20260909	2729	uniform_accepted	44.429362963888408	-6.014271792376352	17027	3533	0	0.047594540999999997
20260909	2729	upward_scan	62.533861884292193	16.087997027296296	19461	4061	0	0.055819082999999999
20260909	2730	uniform_accepted	38.678411646087255	-11.357600489579212	15667	3209	0	0.044638999999999998
20260909	2730	upward_scan	70.214766705163612	15.986163217603295	20302	4242	0	0.05180125
20260909	2731	uniform_accepted	41.967974352783834	-11.171012549107639	14786	3120	0	0.042201665999999999
20260909	2731	upward_scan	61.586486046764286	5.7018734491090992	21975	4577	0	0.067282167000000004
20260909	2732	uniform_accepted	26.623868275869579	-24.672687503309991	12399	2629	0	0.035617292000000002
20260909	2732	upward_scan	58.673301888192405	8.1894590234580864	20365	4243	0	0.061188167000000002
20260909	2733	uniform_accepted	37.287184234632349	-10.279357127139324	14817	3076	0	0.041100625000000002
20260909	2733	upward_scan	70.488629176838714	15.153708854020092	22759	4749	0	0.065689665999999994
20260909	2734	uniform_accepted	33.09403549898866	-20.717468608819477	13282	2789	0	0.037239750000000002
20260909	2734	upward_scan	80.991695801419695	19.499552823033529	23518	4898	0	0.057844040999999999
20260909	2735	uniform_accepted	25.858506252991255	-25.676433170352187	11907	2442	0	0.031623999999999999
20260909	2735	upward_scan	75.097705571740221	20.772024648770518	24563	5131	0	0.075115166999999997
20260909	2736	uniform_accepted	25.269884184191607	-24.087950782162075	13663	2825	0	0.040010957999999999
20260909	2736	upward_scan	69.466194044340213	14.827561416051898	19657	4103	0	0.053321500000000001
20260909	2737	uniform_accepted	38.97105473530987	-9.5313352354119925	14471	3029	0	0.040138374999999997
20260909	2737	upward_scan	55.73926390798556	7.2622435274425081	17262	3600	0	0.048067166000000001
20260909	2738	uniform_accepted	35.888455889262978	-18.680149814096936	14104	2990	0	0.041498708000000002
20260909	2738	upward_scan	61.820159460753757	9.6332184763961184	19993	4171	0	0.055740333000000003
20260909	2739	uniform_accepted	27.423753108811432	-21.567560348985179	12981	2647	0	0.034734291
20260909	2739	upward_scan	72.631382811164713	18.890191991538593	24193	5040	0	0.068539708000000005
20260909	2740	uniform_accepted	36.703698934155049	-10.728928386953291	15071	3073	0	0.039932500000000003
20260909	2740	upward_scan	64.540308972444976	12.116041463583903	20004	4171	0	0.053679958
20260909	2741	uniform_accepted	27.58116064628566	-32.221250611803619	12720	2605	0	0.033501250000000003
20260909	2741	upward_scan	56.26927902390662	6.5400197848835315	17126	3572	0	0.050055750000000003
20260909	2742	uniform_accepted	26.815145638023971	-23.524797199246571	13237	2775	0	0.034983582999999999
20260909	2742	upward_scan	89.208255450637893	26.219136905522667	25726	5357	0	0.064652374999999998
20260909	2743	uniform_accepted	34.678856525677269	-16.580848946119612	15984	3325	0	0.044998999999999997
20260909	2743	upward_scan	72.395757488691572	14.748106415315727	23507	4899	0	0.069898208000000003
20260909	2744	uniform_accepted	32.368614988432157	-21.072442890986913	14925	3076	0	0.039008124999999998
20260909	2744	upward_scan	63.082156138115707	11.89370976355748	19468	4053	0	0.056560874999999997
20260909	2745	uniform_accepted	34.143109084139191	-19.382274023742745	13414	2826	0	0.039007082999999998
20260909	2745	upward_scan	61.0472774641134	10.113846450464626	19071	3984	0	0.054358875000000001
20260909	2746	uniform_accepted	33.730751446866655	-14.622034948692596	14376	3021	0	0.039137917000000001
20260909	2746	upward_scan	62.74701575812697	12.754034878711217	19905	4142	0	0.057416916999999998
20260909	2747	uniform_accepted	26.987698718485962	-22.73254594305746	12272	2567	0	0.037855624999999997
20260909	2747	upward_scan	69.47623619515447	17.394021448337742	20406	4256	0	0.059618834000000002
20260909	2748	uniform_accepted	25.891379012824888	-19.5271616563168	12916	2689	0	0.035151000000000002
20260909	2748	upward_scan	74.487368790808617	16.996916374530521	24458	5088	0	0.070939792000000002
20260909	2749	uniform_accepted	36.92775955484678	-12.816388583934089	15361	3209	0	0.043682459
20260909	2749	upward_scan	53.583716261176889	3.6685697699932565	16688	3469	0	0.042510458000000001
20260909	2750	uniform_accepted	30.671814434531878	-20.811973463503026	12235	2595	0	0.033295167000000001
20260909	2750	upward_scan	59.520605886100761	6.9003558744840534	18157	3799	0	0.054072666999999998
20260909	2751	uniform_accepted	40.357838620833256	-17.632926678835897	15096	3097	0	0.043840083000000002
20260909	2751	upward_scan	80.651798760525438	18.20443483543815	24498	5100	0	0.073325125000000005
20260909	2752	uniform_accepted	44.466202191864511	-3.3274853477974125	13553	2824	0	0.037397332999999998
20260909	2752	upward_scan	58.271763015087714	8.5427358682093928	20826	4345	0	0.065757750000000004
20260909	2753	uniform_accepted	26.983868135080439	-27.576871288667519	11411	2396	0	0.034322875000000003
20260909	2753	upward_scan	70.848844564857984	15.625427797470337	19983	4172	0	0.055235332999999998
20260909	2754	uniform_accepted	33.109191334896209	-25.417103184244425	13426	2825	0	0.034406832999999998
20260909	2754	upward_scan	72.425941213853619	18.021008867729719	23548	4914	0	0.072705916999999995
20260909	2755	uniform_accepted	27.929884442844301	-27.813677420973523	12412	2570	0	0.032921208
20260909	2755	upward_scan	55.414617693906486	7.0493593014585212	16396	3420	0	0.042613999999999999
20260909	2756	uniform_accepted	30.11550642835283	-21.710136189251088	11828	2468	0	0.034468291999999998
20260909	2756	upward_scan	64.88951463194222	12.347809552994551	20845	4357	0	0.056079166
20260909	2757	uniform_accepted	44.962294469617355	-14.308905385155832	18032	3713	0	0.046596125000000002
20260909	2757	upward_scan	73.908286224408513	16.285425610414293	21719	4524	0	0.061945
20260909	2758	uniform_accepted	31.486656275384473	-19.998462466170363	13469	2827	0	0.038025084000000001
20260909	2758	upward_scan	61.800673760239732	11.442772405793226	16897	3504	0	0.042018291999999999
20260909	2759	uniform_accepted	41.605232750210476	-8.5308159490091509	14590	2989	0	0.039602166000000001
20260909	2759	upward_scan	67.423883503322074	13.699009666434458	20376	4249	0	0.054913792000000003
20260909	2760	uniform_accepted	28.942745932705588	-20.736086753583017	9856	2040	0	0.025963750000000001
20260909	2760	upward_scan	64.898755075638661	13.87401820224742	21469	4476	0	0.063630083000000004
20260909	2761	uniform_accepted	32.08426157665351	-19.012935387203616	14275	2999	0	0.039689415999999998
20260909	2761	upward_scan	72.818544856010149	18.89022708854754	22737	4742	0	0.065772125000000001
20260909	2762	uniform_accepted	37.088535442348324	-9.0039711352683529	12932	2690	0	0.035421082999999999
20260909	2762	upward_scan	66.804086585763116	14.046198468425871	22046	4592	0	0.069869749999999994
20260909	2763	uniform_accepted	36.206103755804534	-10.70412415901756	17014	3464	0	0.048742124999999997
20260909	2763	upward_scan	68.050301447607808	13.878042922243987	20736	4331	0	0.058438540999999997
20260909	2764	uniform_accepted	37.154255407003674	-14.825622761483279	14623	2998	0	0.039618500000000001
20260909	2764	upward_scan	79.519613248424861	21.656170954129308	23556	4904	0	0.062120957999999997
20260909	2765	uniform_accepted	38.433013534472849	-9.3698203310445507	12978	2719	0	0.032625000000000001
20260909	2765	upward_scan	58.502176208222011	6.8355711579767089	17317	3605	0	0.042965999999999997
20260909	2766	uniform_accepted	33.858036093653908	-19.810837928286301	14154	2997	0	0.038759833
20260909	2766	upward_scan	55.859723856797402	7.6862192739949169	17345	3621	0	0.046974334
20260909	2767	uniform_accepted	29.242419074585687	-18.443304132793614	14492	2980	0	0.042806457999999999
20260909	2767	upward_scan	64.697238283915951	10.282155539029036	20799	4348	0	0.058791083000000001
20260909	2768	uniform_accepted	26.794512164638171	-25.259598788532003	13288	2793	0	0.039784208000000001
20260909	2768	upward_scan	60.483488941507566	12.700827354416745	18612	3872	0	0.053584666000000003
20260909	2769	uniform_accepted	31.825749570500733	-18.280794888143177	15243	3184	0	0.042053041999999999
20260909	2769	upward_scan	76.473641954205064	18.164265832314225	24170	5033	0	0.067209749999999999
20260909	2770	uniform_accepted	41.399985273150904	-13.467003682466299	17671	3634	0	0.048714500000000001
20260909	2770	upward_scan	67.952120332918156	18.380629584401039	21135	4402	0	0.056715624999999999
20260909	2771	uniform_accepted	38.104989054565827	-12.254729398338077	14478	3028	0	0.039408832999999997
20260909	2771	upward_scan	60.533927105991737	12.413383807733775	18825	3927	0	0.053624040999999997
20260909	2772	uniform_accepted	27.603432779547582	-25.664666024388893	12396	2552	0	0.031982375
20260909	2772	upward_scan	72.070420130954375	14.698399589659282	24596	5113	0	0.075221083999999994
20260909	2773	uniform_accepted	28.441975121346086	-23.721902055603788	13381	2742	0	0.038206207999999998
20260909	2773	upward_scan	74.957443369832859	21.523120066362594	25502	5302	0	0.071967875000000001
20260909	2774	uniform_accepted	35.363695408586935	-15.709550455158347	16571	3400	0	0.04222675
20260909	2774	upward_scan	60.09979079145355	10.182398273094346	19039	3965	0	0.047748040999999998
20260909	2775	uniform_accepted	26.423141047389638	-26.319868604071701	14400	3005	0	0.036139749999999998
20260909	2775	upward_scan	78.459697777695382	19.511816411389233	23328	4853	0	0.060336958000000003
20260909	2776	uniform_accepted	35.936143327659458	-20.706243477860703	14897	3120	0	0.042257916999999999
20260909	2776	upward_scan	67.731587812450542	17.084005203258744	21745	4549	0	0.063444749999999994
20260909	2777	uniform_accepted	37.807253981061805	-10.675239626721755	13378	2800	0	0.037005166999999999
20260909	2777	upward_scan	72.864513730361764	20.741103936522578	23824	4956	0	0.065951666000000006
20260909	2778	uniform_accepted	24.438033322141649	-22.079075018826536	11510	2371	0	0.030011665999999999
20260909	2778	upward_scan	58.359338228736043	12.311702632731132	17334	3619	0	0.046540958
20260909	2779	uniform_accepted	22.960457398730398	-33.213853081118565	11398	2420	0	0.028761542000000001
20260909	2779	upward_scan	64.008177406005657	14.486331967381165	20843	4356	0	0.059056457999999999
20260909	2780	uniform_accepted	42.886051358874127	-8.2013388593795611	15441	3256	0	0.044431959
20260909	2780	upward_scan	68.903430203718827	17.665512882287821	21433	4454	0	0.056409916999999997
20260909	2781	uniform_accepted	30.442536550700481	-18.003200738378183	10674	2232	0	0.030531583000000001
20260909	2781	upward_scan	65.949467531279581	12.576763725385431	21475	4470	0	0.066285374999999994
20260909	2782	uniform_accepted	35.124448785162585	-11.45300388286862	14463	3008	0	0.041931415999999999
20260909	2782	upward_scan	59.150000064129173	7.9542288799836989	18954	3956	0	0.052154125000000003
20260909	2783	uniform_accepted	40.793390121813637	-5.1026745286747239	16203	3417	0	0.047555792
20260909	2783	upward_scan	67.501856021156826	11.884331066385073	18808	3921	0	0.046928667
20260909	2784	uniform_accepted	26.278442775832275	-24.727986674249895	11860	2427	0	0.031820042
20260909	2784	upward_scan	74.395073623833312	21.105891928929672	24220	5047	0	0.067480834000000003
20260909	2785	uniform_accepted	31.760199197594989	-18.766233471894459	12359	2601	0	0.034097165999999998
20260909	2785	upward_scan	61.993794145500324	13.441295918296646	18649	3874	0	0.046796167
20260909	2786	uniform_accepted	30.342623572484833	-18.434770568464806	12937	2683	0	0.039137041999999997
20260909	2786	upward_scan	62.473380897706662	14.152051649545182	18466	3846	0	0.049153084
20260909	2787	uniform_accepted	33.865280009598187	-18.386352642089221	13629	2785	0	0.035617207999999997
20260909	2787	upward_scan	63.140507650537899	7.2655692637241147	19061	3980	0	0.054348374999999997
20260909	2788	uniform_accepted	32.05475430006102	-21.79635696897116	12924	2729	0	0.035221833000000001
20260909	2788	upward_scan	66.255243361582416	15.589744880513507	19856	4137	0	0.056712875000000003
20260909	2789	uniform_accepted	34.926318359783274	-22.500366479067061	14821	3028	0	0.040890957999999998
20260909	2789	upward_scan	62.389440008056404	13.070660638340797	19470	4069	0	0.054836042000000002
20260909	2790	uniform_accepted	25.866204048655998	-27.306919177517692	11319	2353	0	0.028366584
20260909	2790	upward_scan	66.740377900162841	13.10251071116944	19951	4170	0	0.052914500000000003
20260909	2791	uniform_accepted	36.514706638065149	-14.333265053204753	13994	2915	0	0.040062
20260909	2791	upward_scan	66.417857542150585	13.825940442086409	21303	4455	0	0.059878958000000003
20260909	2792	uniform_accepted	36.394726504194331	-8.2082998605902784	15200	3158	0	0.045147374999999997
20260909	2792	upward_scan	72.337101432342905	14.541691931404374	23107	4807	0	0.067560166000000005
20260909	2793	uniform_accepted	26.591393104177381	-20.368324952485999	12712	2637	0	0.038083583999999997
20260909	2793	upward_scan	65.245708981349651	13.560041219688401	19797	4123	0	0.053743583999999997
20260909	2794	uniform_accepted	35.651480117611612	-15.621732410905064	15032	3154	0	0.041608417000000002
20260909	2794	upward_scan	63.772763938796878	7.8277792640453807	22063	4600	0	0.067391083000000004
20260909	2795	uniform_accepted	30.405485118712676	-19.339333677612853	13022	2701	0	0.035850541999999999
20260909	2795	upward_scan	72.941453089938278	19.397766110733116	22998	4792	0	0.069493457999999994
20260909	2796	uniform_accepted	46.326308942191282	-9.1964698095623199	17280	3559	0	0.050366332999999999
20260909	2796	upward_scan	58.44595263128366	11.753849181326679	16778	3500	0	0.046649665999999999
20260909	2797	uniform_accepted	32.925068977504573	-18.279410142974701	13638	2789	0	0.037559958999999997
20260909	2797	upward_scan	60.898841005179321	11.548725386020413	17793	3708	0	0.048480207999999997
20260909	2798	uniform_accepted	34.575371674233914	-24.183368159225864	14512	2954	0	0.038045833000000001
20260909	2798	upward_scan	64.585418284666304	15.48296336285846	19948	4149	0	0.058172624999999999
20260909	2799	uniform_accepted	32.631079122296164	-15.467738006065352	12628	2606	0	0.034870875000000003
20260909	2799	upward_scan	64.118761205172888	6.9264103807311459	19904	4148	0	0.057253667000000001
20260909	2800	uniform_accepted	35.96974426804119	-17.499792122160471	15039	3112	0	0.043924749999999999
20260909	2800	upward_scan	77.757027360195949	13.55591194536478	23947	4975	0	0.065263541999999994
20260909	2801	uniform_accepted	33.632157243296021	-24.886657196144288	15856	3294	0	0.043354249999999997
20260909	2801	upward_scan	68.582939844850301	14.066170576154782	22734	4729	0	0.065863749999999999
20260909	2802	uniform_accepted	30.648796066148385	-19.647700467231711	12356	2568	0	0.032869875
20260909	2802	upward_scan	69.136465360634261	19.320882852415227	21532	4481	0	0.060576125000000001
20260909	2803	uniform_accepted	38.559965994073671	-8.6418980169696429	15453	3163	0	0.047163499999999997
20260909	2803	upward_scan	60.478752660148338	12.119447408922854	19543	4072	0	0.056804832999999999
20260909	2804	uniform_accepted	35.14170294329471	-17.801340250705749	13384	2796	0	0.037790249999999997
20260909	2804	upward_scan	51.726428280640235	5.7374025056237778	15888	3313	0	0.047519791999999998
20260909	2805	uniform_accepted	33.200573964491582	-17.833366267052522	14015	2897	0	0.039128708999999998
20260909	2805	upward_scan	65.639016719436128	11.44061824304061	21698	4516	0	0.061174125000000003
20260909	2806	uniform_accepted	38.458322449058251	-17.556841592485476	12601	2618	0	0.032906999999999999
20260909	2806	upward_scan	62.359025570483119	11.850181385166692	18297	3820	0	0.051339625
20260909	2807	uniform_accepted	37.39213512139122	-8.7864311701088234	16039	3240	0	0.040653416999999997
20260909	2807	upward_scan	60.07852240047071	9.099528232010444	16767	3487	0	0.044787415999999997
20260909	2808	uniform_accepted	39.615225894628082	-16.186390045448558	16970	3573	0	0.050536040999999997
20260909	2808	upward_scan	75.683842891736234	15.413175578425024	24007	5009	0	0.062145582999999997
20260909	2809	uniform_accepted	26.9445421603284	-33.482554601827246	14115	2863	0	0.046554790999999998
20260909	2809	upward_scan	55.753612547815322	8.8467673427463573	16232	3384	0	0.042461040999999998
20260909	2810	uniform_accepted	36.910870702817014	-7.0586764919749854	14503	3057	0	0.043657000000000001
20260909	2810	upward_scan	72.044587794824579	18.020028716195988	21442	4479	0	0.055634792000000002
20260909	2811	uniform_accepted	30.747444636224785	-19.099269913541079	14502	3005	0	0.040973416999999998
20260909	2811	upward_scan	75.301915239274649	15.925498318702434	22715	4725	0	0.065843457999999994
20260909	2812	uniform_accepted	30.329576440816226	-19.532461780452817	13174	2726	0	0.040573834000000003
20260909	2812	upward_scan	56.979586270549483	5.4854549457177484	17477	3648	0	0.048031249999999998
20260909	2813	uniform_accepted	34.852634961922249	-9.9981643291857427	14412	2986	0	0.039131666000000002
20260909	2813	upward_scan	64.146738759229649	10.968775557747826	20086	4178	0	0.061193833000000003
20260909	2814	uniform_accepted	38.112380755585015	-12.165124619279727	14211	2968	0	0.040187374999999997
20260909	2814	upward_scan	80.307819930952604	22.48935622773061	23040	4793	0	0.061117541999999997
20260909	2815	uniform_accepted	27.77611283567515	-25.848849875921026	14228	2905	0	0.040143208999999999
20260909	2815	upward_scan	63.793720881032165	14.515167074347435	19694	4109	0	0.068197542
20260909	2816	uniform_accepted	26.370370246215963	-30.824570510587233	10815	2334	0	0.031310540999999997
20260909	2816	upward_scan	67.206294152764627	10.184761887646212	21107	4397	0	0.074006666999999998
20260909	2817	uniform_accepted	28.921660019539765	-21.603088099031133	13750	2836	0	0.040381
20260909	2817	upward_scan	70.279147704951271	19.299793644778315	20746	4326	0	0.056382666999999997
20260909	2818	uniform_accepted	26.447495119771901	-35.337449813521935	11543	2412	0	0.032287250000000003
20260909	2818	upward_scan	58.900617117820424	8.7715425260340361	17219	3599	0	0.047704708999999998
20260909	2819	uniform_accepted	51.207735303654346	-2.1185502574335251	16111	3348	0	0.044464042000000002
20260909	2819	upward_scan	64.455139131482539	13.82895967825185	18245	3804	0	0.049529875000000001
20260909	2820	uniform_accepted	39.137271291064749	-9.696171177577062	17413	3617	0	0.052199250000000003
20260909	2820	upward_scan	81.402939217147036	17.985830271520886	24899	5175	0	0.070978833000000005
20260909	2821	uniform_accepted	35.863837615372752	-16.888681882184155	12280	2542	0	0.035147334000000002
20260909	2821	upward_scan	64.706410306382736	13.835855400729278	20124	4192	0	0.058982540999999999
20260909	2822	uniform_accepted	31.508188164105501	-18.020100682576739	13296	2749	0	0.038547416000000001
20260909	2822	upward_scan	76.020105756959623	16.333024508609565	22401	4667	0	0.054799916999999997
20260909	2823	uniform_accepted	35.5616152176759	-14.819371411773931	15104	3071	0	0.040141583000000002
20260909	2823	upward_scan	70.548348541062907	13.227085380231461	21627	4510	0	0.059064208
20260909	2824	uniform_accepted	35.821983306347171	-16.825223993111706	14657	3011	0	0.039356042000000001
20260909	2824	upward_scan	59.445682700043889	8.827624843910435	18357	3817	0	0.053986416000000002
20260909	2825	uniform_accepted	45.549165955636859	-4.7023574098624872	15489	3217	0	0.045093583
20260909	2825	upward_scan	59.903061011301311	12.336197681704842	19981	4174	0	0.055838666000000002
20260909	2826	uniform_accepted	42.696061127622137	-2.540601911175369	16897	3513	0	0.046293124999999997
20260909	2826	upward_scan	70.630950701460762	15.820690491871929	20300	4230	0	0.056219540999999998
20260909	2827	uniform_accepted	21.649517230568922	-39.507750331975039	12319	2633	0	0.038823625
20260909	2827	upward_scan	64.642746613289717	13.061830570653584	21034	4392	0	0.065004540999999999
20260909	2828	uniform_accepted	50.906952475868586	-4.276194534348468	17657	3651	0	0.054830042000000002
20260909	2828	upward_scan	60.594043391090814	8.4021458931306441	18348	3829	0	0.063309500000000005
20260909	2829	uniform_accepted	22.358562731040564	-31.928559050213508	12019	2536	0	0.048029875
20260909	2829	upward_scan	73.198299936871379	16.789493221751819	22629	4709	0	0.065353707999999996
20260909	2830	uniform_accepted	44.206137330436221	-8.9065415364670173	18504	3812	0	0.050518874999999998
20260909	2830	upward_scan	60.137014934861014	11.872948308193429	18219	3800	0	0.049333957999999997
20260909	2831	uniform_accepted	35.3111031623489	-13.927590010685158	17397	3574	0	0.052909625000000002
20260909	2831	upward_scan	63.261539274629193	9.941569290297009	20664	4305	0	0.054699457999999999
20260909	2832	uniform_accepted	32.977256209593854	-21.401557145346001	12668	2602	0	0.037068333000000002
20260909	2832	upward_scan	83.72249495338778	21.32142236175131	28323	5903	0	0.083101333999999999
20260909	2833	uniform_accepted	39.136803578244958	-18.449691319160682	16375	3428	0	0.045773166999999997
20260909	2833	upward_scan	64.815529702410544	15.42001499674152	19625	4096	0	0.052657124999999999
20260909	2834	uniform_accepted	34.012849043482234	-17.151131263100094	14333	3023	0	0.042663290999999999
20260909	2834	upward_scan	68.146947734845284	9.6821981873258753	19186	4006	0	0.049497874999999997
20260909	2835	uniform_accepted	37.601039975730593	-16.825796430297206	13726	2874	0	0.035393208000000002
20260909	2835	upward_scan	73.813904161932555	19.939347967365975	23619	4905	0	0.066682124999999995
20260909	2836	uniform_accepted	25.513916498909897	-26.250629658832906	15666	3216	0	0.047505041999999997
20260909	2836	upward_scan	64.022233523078512	8.9729230939042139	20134	4207	0	0.057194459000000003
20260909	2837	uniform_accepted	27.824863908557013	-23.790216716838337	13783	2864	0	0.039448083000000002
20260909	2837	upward_scan	68.476544239595924	15.77704066934764	21908	4562	0	0.060073500000000002
20260909	2838	uniform_accepted	35.004768547776024	-15.890911761734598	15136	3111	0	0.036987459
20260909	2838	upward_scan	67.335636508292851	14.340632671007981	20752	4332	0	0.054375459000000001
20260909	2839	uniform_accepted	32.142233233338978	-14.177952159249207	11530	2403	0	0.031355500000000001
20260909	2839	upward_scan	59.57652105313845	7.1328128761835847	18528	3858	0	0.054561167000000001
20260909	2840	uniform_accepted	44.225452267993504	-7.6519192375418807	17964	3699	0	0.051587459000000002
20260909	2840	upward_scan	60.327127013793593	12.521817038152697	19552	4065	0	0.054773165999999998
20260909	2841	uniform_accepted	33.773530679438821	-19.640506958177877	13306	2767	0	0.038543624999999998
20260909	2841	upward_scan	80.008264444752342	19.535862342030796	23077	4817	0	0.065897958000000006
20260909	2842	uniform_accepted	40.446549141548473	-9.842677837005354	15676	3242	0	0.048894167000000002
20260909	2842	upward_scan	69.560542513796875	17.352803793008672	21668	4504	0	0.063502583000000001
20260909	2843	uniform_accepted	39.408795721184724	-9.8282942543672043	13270	2788	0	0.037404333999999997
20260909	2843	upward_scan	65.423234484693552	15.155824869918259	20268	4229	0	0.052619666000000002
20260909	2844	uniform_accepted	38.658996558769445	-13.776069837558383	14297	2991	0	0.039156125
20260909	2844	upward_scan	56.348929220801033	11.643577600054506	18697	3891	0	0.054693584000000003
20260909	2845	uniform_accepted	27.984346828664503	-27.751204851261729	12940	2669	0	0.038717083999999999
20260909	2845	upward_scan	52.73111456873054	9.6397467099337231	17026	3561	0	0.045417875000000003
20260909	2846	uniform_accepted	37.811446217526125	-14.859775266821853	15184	3106	0	0.039912084
20260909	2846	upward_scan	70.566909971534628	15.654633629166216	19462	4069	0	0.0472355
20260909	2847	uniform_accepted	30.402034007371149	-18.387484806810907	15207	3170	0	0.044634917000000003
20260909	2847	upward_scan	70.567066373046771	19.919688311242531	22553	4708	0	0.064966999999999997
20260909	2848	uniform_accepted	34.058268367346969	-14.153878318786179	13423	2821	0	0.040313792000000001
20260909	2848	upward_scan	60.496872936038628	5.8498959640546433	18017	3763	0	0.054545499999999997
20260909	2849	uniform_accepted	32.207196532639941	-25.216890721998542	12965	2716	0	0.038548708000000001
20260909	2849	upward_scan	75.174629057813164	17.17634268010854	26191	5457	0	0.082092708
20260909	2850	uniform_accepted	45.64533813151094	-8.5634969018734584	19205	4008	0	0.054696959000000003
20260909	2850	upward_scan	73.701248440839805	16.67961862196988	23974	4992	0	0.068461833999999999
20260909	2851	uniform_accepted	39.138737837301385	-8.0643259305062216	16512	3444	0	0.046754499999999997
20260909	2851	upward_scan	49.518220450571896	4.9921803914152036	16263	3398	0	0.046684041000000003
20260909	2852	uniform_accepted	26.729596495493894	-32.051618241909814	13567	2744	0	0.038801792000000002
20260909	2852	upward_scan	64.09125697296794	13.365904716958289	20748	4327	0	0.058767459000000001
20260909	2853	uniform_accepted	34.612105685652651	-15.04184446090172	13670	2836	0	0.039005791999999997
20260909	2853	upward_scan	68.436091403095489	17.955902460232281	22764	4734	0	0.066513916000000006
20260909	2854	uniform_accepted	45.310616885949663	-5.2026627761223789	17609	3646	0	0.051262833000000001
20260909	2854	upward_scan	69.773826627365267	10.568607885905807	23080	4809	0	0.068776000000000004
20260909	2855	uniform_accepted	34.352572191155403	-15.265391269159647	13718	2853	0	0.041690834000000003
20260909	2855	upward_scan	82.196718062010362	14.034163109862831	24289	5066	0	0.065752041999999997
20260909	2856	uniform_accepted	36.554611179308758	-10.669159253265226	13420	2798	0	0.038994292
20260909	2856	upward_scan	62.211194754114658	10.618695942541718	20889	4336	0	0.062144708
20260909	2857	uniform_accepted	37.045982391691275	-14.98467058423236	14685	3060	0	0.043470583
20260909	2857	upward_scan	71.123656600504887	15.373534005015166	21963	4591	0	0.056784333999999999
20260909	2858	uniform_accepted	27.359479314897477	-29.628783913491564	14532	2980	0	0.039179249999999999
20260909	2858	upward_scan	60.778929053848266	14.035921076430043	19131	3990	0	0.052157833000000001
20260909	2859	uniform_accepted	41.934123426933752	-12.758274438343278	17622	3665	0	0.046597332999999998
20260909	2859	upward_scan	69.940049029677226	13.124328992246451	22804	4756	0	0.064475541999999997
20260909	2860	uniform_accepted	32.178118992847288	-14.152464962142071	16937	3440	0	0.045174917000000002
20260909	2860	upward_scan	56.750372449648836	9.9503030505728862	18833	3936	0	0.051159792000000003
20260909	2861	uniform_accepted	27.950188156739465	-17.746979141283298	14869	3071	0	0.043764166
20260909	2861	upward_scan	68.466057346948318	14.676459648500586	21955	4569	0	0.097716167000000007
20260909	2862	uniform_accepted	32.141817804578153	-14.339788502600655	12080	2478	0	0.070412041999999994
20260909	2862	upward_scan	70.388816377561398	14.985380398260638	22014	4595	0	0.065397207999999998
20260909	2863	uniform_accepted	41.366947587565235	-8.5959998763502892	14504	2973	0	0.040041958000000002
20260909	2863	upward_scan	63.293359878024603	12.463086680817046	19211	4012	0	0.055188000000000001
20260909	2864	uniform_accepted	39.664398606565634	-12.750956179925977	16984	3501	0	0.049205541999999998
20260909	2864	upward_scan	58.12493744288448	7.8750475249417979	16380	3418	0	0.044189291999999998
20260909	2865	uniform_accepted	31.710923436506025	-16.324911629664854	15176	3146	0	0.042093499999999999
20260909	2865	upward_scan	66.712080105977762	14.059333842323536	19048	3963	0	0.050276583
20260909	2866	uniform_accepted	33.819173944949618	-11.669143368031509	13588	2760	0	0.038890874999999998
20260909	2866	upward_scan	68.163696533722913	17.575971461526311	22695	4731	0	0.062060292000000003
20260909	2867	uniform_accepted	46.551826939183009	-5.9374780903847295	17962	3691	0	0.050756374999999999
20260909	2867	upward_scan	74.345290179795057	14.641908438392312	23444	4898	0	0.068938166999999995
20260909	2868	uniform_accepted	34.580530405700728	-19.694627492953813	14292	3051	0	0.041241374999999997
20260909	2868	upward_scan	60.402900394275953	10.890343976361784	17378	3622	0	0.049803958000000002
20260909	2869	uniform_accepted	41.574673972332711	-17.642775345419597	18206	3784	0	0.055766042000000002
20260909	2869	upward_scan	79.927438710289891	21.374046026294579	22085	4606	0	0.066058749999999999
20260909	2870	uniform_accepted	35.306394093461371	-15.709687929871336	14499	3031	0	0.040698416000000001
20260909	2870	upward_scan	72.126218892500887	17.030491764982813	23825	4962	0	0.066383958000000007
20260909	2871	uniform_accepted	33.02539118366326	-17.988553254096988	14994	3111	0	0.041240209
20260909	2871	upward_scan	82.284798291678598	21.997108021048728	26724	5562	0	0.081668167
20260909	2872	uniform_accepted	31.54539118084957	-21.928491057296284	12619	2594	0	0.037559708999999997
20260909	2872	upward_scan	47.73362840217569	6.5263315975561582	15119	3160	0	0.046460708000000003
20260909	2873	uniform_accepted	36.836724389874313	-16.269591920410171	13435	2840	0	0.040812332999999999
20260909	2873	upward_scan	74.738628137808007	18.492464938328855	24361	5085	0	0.069913084
20260909	2874	uniform_accepted	35.831723051015842	-13.154437699670114	14438	3015	0	0.040477040999999998
20260909	2874	upward_scan	55.590766391756034	8.0310164169933902	18049	3762	0	0.047987750000000003
20260909	2875	uniform_accepted	36.811360442546082	-17.99213468856664	17722	3695	0	0.053199375
20260909	2875	upward_scan	65.130022844320877	13.477268225759561	19440	4046	0	0.052319958
20260909	2876	uniform_accepted	37.182158415460989	-16.949622573847922	13970	2903	0	0.040966207999999997
20260909	2876	upward_scan	76.687818594936658	10.811757477585477	23210	4852	0	0.064029000000000003
20260909	2877	uniform_accepted	41.33457898145047	-13.582018364754145	13702	2863	0	0.038707459
20260909	2877	upward_scan	60.898384639931244	8.9647062556308512	18563	3870	0	0.051697124999999997
20260909	2878	uniform_accepted	33.236803572649045	-18.685091683461525	13663	2792	0	0.038180499999999999
20260909	2878	upward_scan	62.029629624956627	11.652413805346326	21214	4404	0	0.057803332999999998
20260909	2879	uniform_accepted	33.600763267669635	-17.225328646073187	12622	2610	0	0.033716125
20260909	2879	upward_scan	73.875709009310796	16.785188449122721	22433	4693	0	0.064161999999999997
20260909	2880	uniform_accepted	34.037700039185808	-18.037794420838342	12132	2532	0	0.032347874999999998
20260909	2880	upward_scan	72.796947197069656	16.312652056980465	21334	4452	0	0.059483541000000001
20260909	2881	uniform_accepted	39.544902820528485	-10.482841912578966	12938	2709	0	0.032992374999999997
20260909	2881	upward_scan	60.245424253178719	9.1955922848917897	19009	3962	0	0.057593208
20260909	2882	uniform_accepted	40.384453937936215	-14.474349389444988	15248	3253	0	0.047638374999999997
20260909	2882	upward_scan	72.391337417195516	18.848857733612135	22236	4632	0	0.060264291999999997
20260909	2883	uniform_accepted	43.011765072956429	-4.8241327706316319	16075	3267	0	0.045001458000000001
20260909	2883	upward_scan	55.952760956770284	11.051187397423348	18415	3837	0	0.054933583000000001
20260909	2884	uniform_accepted	32.191337477274566	-21.700173765520802	13648	2871	0	0.042966584000000002
20260909	2884	upward_scan	58.306007300545602	8.9762549190065126	18130	3778	0	0.049864625000000003
20260909	2885	uniform_accepted	32.824895982952526	-18.878723905963845	14229	3010	0	0.038836084
20260909	2885	upward_scan	65.342359268926756	11.422332564479696	20078	4187	0	0.058285291000000003
20260909	2886	uniform_accepted	29.902459501864399	-18.824764237257469	10183	2138	0	0.031204042000000001
20260909	2886	upward_scan	65.333923147774954	14.498451511710291	20597	4291	0	0.056340708000000003
20260909	2887	uniform_accepted	35.409232393723599	-19.670677644300724	14050	2990	0	0.040207
20260909	2887	upward_scan	70.052220744416459	16.84775408963305	20464	4262	0	0.051979040999999997
20260909	2888	uniform_accepted	29.96748055471723	-22.12395719143608	13244	2753	0	0.038765417000000003
20260909	2888	upward_scan	83.897441133328542	23.871479114709345	27889	5806	0	0.084692584000000001
20260909	2889	uniform_accepted	30.205646414567958	-21.756871024113078	13251	2801	0	0.036843915999999997
20260909	2889	upward_scan	61.454051623664597	9.9729090525679354	18626	3886	0	0.050650333999999998
20260909	2890	uniform_accepted	30.196157361603305	-20.721488836400692	14359	2995	0	0.042760291999999998
20260909	2890	upward_scan	64.201661099523093	12.992669513164142	19268	4010	0	0.054125167000000002
20260909	2891	uniform_accepted	30.942052991061512	-22.626204518312164	13670	2849	0	0.037148542
20260909	2891	upward_scan	64.179124929153517	13.336190899915596	21824	4545	0	0.068396750000000006
20260909	2892	uniform_accepted	34.320833694463033	-21.394645450661926	16529	3426	0	0.050641125000000002
20260909	2892	upward_scan	51.320126667836206	7.1698828261783945	15502	3244	0	0.043310916999999997
20260909	2893	uniform_accepted	34.366588368102335	-17.47764850701515	14377	3040	0	0.038824999999999998
20260909	2893	upward_scan	71.731803542080513	13.740820358114465	24426	5077	0	0.07036125
20260909	2894	uniform_accepted	40.850354958272703	-6.4308942959687467	17210	3548	0	0.050675584000000003
20260909	2894	upward_scan	77.11047781292433	22.631916696293843	24184	5038	0	0.072555291999999993
20260909	2895	uniform_accepted	24.418087163951963	-25.132621539652195	10684	2216	0	0.032282541999999997
20260909	2895	upward_scan	68.940608199297742	11.975902768597944	19266	4013	0	0.050058333000000003
20260909	2896	uniform_accepted	41.901044281345243	-23.13972351918984	14112	2955	0	0.041810167000000002
20260909	2896	upward_scan	63.0197647250722	14.69660928030051	19859	4138	0	0.056203333000000001
20260909	2897	uniform_accepted	32.106109996488335	-18.183461694387361	13924	2882	0	0.038081334000000001
20260909	2897	upward_scan	63.393336784423326	13.041428888694648	17886	3726	0	0.048360040999999999
20260909	2898	uniform_accepted	35.940947949229532	-16.726347854989317	14759	3053	0	0.039932957999999998
20260909	2898	upward_scan	63.311485203218346	10.819116945436345	20153	4202	0	0.062293500000000002
20260909	2899	uniform_accepted	37.086045901368699	-8.6465400297301116	15236	3235	0	0.045945874999999997
20260909	2899	upward_scan	83.555447007536529	24.324171761977269	27530	5733	0	0.078973334000000006
20260909	2900	uniform_accepted	33.394082616059222	-11.288620964740732	13981	2960	0	0.039840082999999998
20260909	2900	upward_scan	74.749569308929523	20.303049617510613	21652	4520	0	0.063340583000000006
20260909	2901	uniform_accepted	38.010347775189175	-11.947359901811604	17501	3607	0	0.047184042000000002
20260909	2901	upward_scan	71.224371267745312	12.713244359810421	22142	4614	0	0.060090833000000003
20260909	2902	uniform_accepted	37.279159377255596	-14.873841136126275	14371	2999	0	0.038633333999999998
20260909	2902	upward_scan	67.60272323597151	8.2884695559996651	19833	4127	0	0.055708459000000002
20260909	2903	uniform_accepted	28.34898828517974	-26.88941954315764	11455	2410	0	0.034075083999999999
20260909	2903	upward_scan	87.081054110293422	23.055817109375191	25726	5364	0	0.067059415999999997
20260909	2904	uniform_accepted	31.594691557394391	-14.294693806087487	12427	2565	0	0.032993250000000002
20260909	2904	upward_scan	80.606497161087205	20.696048388429372	25580	5324	0	0.075070165999999994
20260909	2905	uniform_accepted	25.052743329609235	-26.702597256311179	12746	2634	0	0.038435999999999998
20260909	2905	upward_scan	71.894459936096652	16.684272013596601	20740	4310	0	0.063288417
20260909	2906	uniform_accepted	32.565933685180163	-15.509116481648975	13998	2878	0	0.041905125000000001
20260909	2906	upward_scan	58.482868015856539	13.46463197249083	17306	3613	0	0.046328250000000001
20260909	2907	uniform_accepted	47.914174254141948	-5.9828678683793823	19571	4053	0	0.058273040999999998
20260909	2907	upward_scan	61.335435868764947	11.644893050146896	17968	3750	0	0.050427791999999999
20260909	2908	uniform_accepted	30.896396863465768	-16.727009788299696	12478	2512	0	0.035675208
20260909	2908	upward_scan	64.404490565303817	12.808077839663891	18997	3958	0	0.053986209
20260909	2909	uniform_accepted	46.135362062373801	-9.2205062505957311	18442	3825	0	0.055475166999999999
20260909	2909	upward_scan	57.900813660347879	12.998015036951013	18266	3808	0	0.055035041
20260909	2910	uniform_accepted	34.503910185539517	-16.693204790169418	14403	2978	0	0.038489791000000002
20260909	2910	upward_scan	63.612179533025433	13.660232956622909	19547	4084	0	0.053860958
20260909	2911	uniform_accepted	38.612924457845921	-15.376222402292525	14351	3009	0	0.036007166
20260909	2911	upward_scan	58.344025718499893	7.0619333052651125	17319	3614	0	0.046393707999999999
20260909	2912	uniform_accepted	25.500464963770312	-24.374422075596165	12879	2601	0	0.032909708000000003
20260909	2912	upward_scan	78.879154979568881	20.385295172936345	22254	4628	0	0.055458041
20260909	2913	uniform_accepted	36.770761562007507	-18.45175111086191	14005	2963	0	0.039123791999999998
20260909	2913	upward_scan	73.989270591367699	18.480207733750905	22821	4742	0	0.063763041000000006
20260909	2914	uniform_accepted	39.014026715240156	-14.007716058247322	14857	3105	0	0.043465583000000002
20260909	2914	upward_scan	72.373076374111974	13.231868453333869	24956	5191	0	0.075028708
20260909	2915	uniform_accepted	41.234682762092135	-11.202810261226585	13903	2933	0	0.037248334000000001
20260909	2915	upward_scan	75.378669087191525	12.179137632516357	21447	4461	0	0.050594959000000002
20260909	2916	uniform_accepted	40.566062351937042	-5.4280793034196373	15115	3099	0	0.040307625
20260909	2916	upward_scan	83.88437087903489	25.043922642767829	25264	5269	0	0.068317500000000003
20260909	2917	uniform_accepted	37.658289275164542	-8.7733538547786605	16327	3451	0	0.043384540999999999
20260909	2917	upward_scan	59.781200816779723	11.944595742746678	18788	3902	0	0.050552082999999998
20260909	2918	uniform_accepted	36.796207126104441	-10.413818836244836	14831	3124	0	0.043866250000000002
20260909	2918	upward_scan	74.925590815892789	17.512439645776766	23414	4865	0	0.063244791999999994
20260909	2919	uniform_accepted	38.573164124781272	-5.6711494618412166	14998	3163	0	0.042682290999999997
20260909	2919	upward_scan	65.281026091404897	8.5698988387007429	22917	4774	0	0.074373208999999996
20260909	2920	uniform_accepted	29.212666446617121	-23.627157021671142	11633	2409	0	0.033555791000000001
20260909	2920	upward_scan	60.418410734398535	11.379536630130408	19166	4003	0	0.057101790999999999
20260909	2921	uniform_accepted	34.281283582429815	-27.11922832281611	14112	3008	0	0.043387791000000002
20260909	2921	upward_scan	59.736303163581908	12.924398928711215	18185	3794	0	0.047428958
20260909	2922	uniform_accepted	35.463537722045587	-20.879961549239294	14154	2943	0	0.039484917000000001
20260909	2922	upward_scan	57.967793377873562	7.7209518538297095	18001	3746	0	0.051154333000000003
20260909	2923	uniform_accepted	33.441033137671987	-13.330226195674383	15483	3184	0	0.043087833999999998
20260909	2923	upward_scan	66.467182614690856	14.926555708702814	22198	4616	0	0.067304000000000003
20260909	2924	uniform_accepted	37.08059477810221	-16.625877044209538	16734	3505	0	0.051917249999999998
20260909	2924	upward_scan	53.31130430215844	6.2441564438861112	15984	3332	0	0.043865874999999999
20260909	2925	uniform_accepted	37.08136606331248	-12.801104547326624	16697	3408	0	0.049009958999999999
20260909	2925	upward_scan	60.653514204746592	14.006263591570654	19453	4048	0	0.056234958000000002
20260909	2926	uniform_accepted	20.2090129011244	-41.172005735203399	10525	2144	0	0.028445458999999999
20260909	2926	upward_scan	58.094478873951566	11.939916735381374	17027	3543	0	0.040951624999999998
20260909	2927	uniform_accepted	33.522487361118316	-15.345815816112335	13204	2760	0	0.032878167
20260909	2927	upward_scan	68.344073249497157	14.179763810114947	22710	4737	0	0.065951083999999993
20260909	2928	uniform_accepted	25.733414827780482	-20.678233353270922	16316	3427	0	0.047455417
20260909	2928	upward_scan	65.717585010907015	14.453662427579649	20089	4190	0	0.056775040999999998
20260909	2929	uniform_accepted	38.89718708553962	-18.01085400261136	14209	2971	0	0.040393041999999997
20260909	2929	upward_scan	60.412544756268886	10.827050068852563	18506	3844	0	0.050736875000000001
20260909	2930	uniform_accepted	39.458785013886597	-9.6535648855134539	13627	2866	0	0.039897500000000002
20260909	2930	upward_scan	90.838980913369625	25.95090040935893	25486	5315	0	0.066128666000000003
20260909	2931	uniform_accepted	45.918829183806324	-7.2625923394062495	15254	3172	0	0.041455790999999999
20260909	2931	upward_scan	81.311550389449494	20.162503469339597	24097	5019	0	0.067763792000000003
20260909	2932	uniform_accepted	33.564905984737173	-16.141984315259595	14252	2975	0	0.038738416999999997
20260909	2932	upward_scan	65.78165450642696	15.192656051214207	19014	3949	0	0.098576167000000006
20260909	2933	uniform_accepted	23.626413301734637	-28.797569154449199	10929	2217	0	0.071999750000000001
20260909	2933	upward_scan	63.291404948659796	14.23356053367937	19888	4143	0	0.063425124999999999
20260909	2934	uniform_accepted	31.110305513404111	-17.059760064633995	14757	3118	0	0.045510583
20260909	2934	upward_scan	57.314711748513417	8.5552115283443069	18117	3777	0	0.053815707999999997
20260909	2935	uniform_accepted	36.546830375844046	-10.695338850949927	15756	3271	0	0.045217291999999999
20260909	2935	upward_scan	50.951520073605927	8.9055683898237845	16156	3353	0	0.045384332999999999
20260909	2936	uniform_accepted	32.929249540948035	-17.710839573252585	14100	2942	0	0.0404365
20260909	2936	upward_scan	58.909634042109317	11.22991831751621	17102	3568	0	0.046898750000000003
20260909	2937	uniform_accepted	19.448829551557157	-28.299471989190714	12048	2563	0	0.031876833
20260909	2937	upward_scan	52.426420776150131	7.1343180717006867	15880	3315	0	0.042361457999999998
20260909	2938	uniform_accepted	39.420574325867719	-14.888262659878086	15542	3160	0	0.040331832999999997
20260909	2938	upward_scan	58.883468713564874	11.481743359046032	17753	3694	0	0.046317166999999999
20260909	2939	uniform_accepted	28.559940843964693	-25.502443520741522	11685	2437	0	0.0345805
20260909	2939	upward_scan	73.027136186417351	14.758693889455113	21289	4420	0	0.060571667000000003
20260909	2940	uniform_accepted	30.074610343346016	-11.968225942688417	12002	2491	0	0.034685959000000002
20260909	2940	upward_scan	63.331502065342143	14.098244338964305	20432	4254	0	0.051635792
20260909	2941	uniform_accepted	38.948644817442066	-13.302630342410311	14132	2918	0	0.037091082999999997
20260909	2941	upward_scan	69.445880326038065	16.274532858159304	19752	4107	0	0.050857209
20260909	2942	uniform_accepted	34.66400892006898	-20.605288412483159	14900	3144	0	0.045332667
20260909	2942	upward_scan	76.976196569363296	23.597734028219264	23404	4875	0	0.064238832999999995
20260909	2943	uniform_accepted	29.573503925519933	-17.596861252976066	14009	2939	0	0.038299041999999998
20260909	2943	upward_scan	62.150599106996125	11.331918363859206	19749	4122	0	0.055626165999999998
20260909	2944	uniform_accepted	29.731840932500035	-18.92613748491323	15312	3260	0	0.046258750000000001
20260909	2944	upward_scan	75.705837496389762	18.419617094595029	23372	4869	0	0.061059707999999997
20260909	2945	uniform_accepted	26.265105397602582	-24.033872974229819	13689	2901	0	0.039817999999999999
20260909	2945	upward_scan	59.16433348116491	9.9324055276470631	19548	4095	0	0.058644624999999999
20260909	2946	uniform_accepted	47.883216809568609	-18.577501035597521	18969	3908	0	0.059003833999999998
20260909	2946	upward_scan	62.106807647049251	13.39973266543184	19677	4100	0	0.0600575
20260909	2947	uniform_accepted	43.968120378768056	-2.7806029189322201	15218	3149	0	0.041573041999999998
20260909	2947	upward_scan	57.435733276428827	3.9754210231648521	18742	3895	0	0.054485582999999997
20260909	2948	uniform_accepted	39.280536803837776	-14.650657253923093	14685	3024	0	0.041450792
20260909	2948	upward_scan	60.35452254605871	10.210987622082285	18118	3778	0	0.063032500000000005
20260909	2949	uniform_accepted	35.244071946562961	-13.755497744330871	12898	2668	0	0.049371083000000003
20260909	2949	upward_scan	59.180831401025472	11.891936834068684	18566	3860	0	0.051368499999999997
20260909	2950	uniform_accepted	36.330575367579605	-20.193094307330515	14246	2939	0	0.040292124999999998
20260909	2950	upward_scan	80.390742655402917	16.69830392719204	25566	5318	0	0.071575833000000005
20260909	2951	uniform_accepted	36.150709420443448	-12.571204197625473	15293	3142	0	0.041173416999999997
20260909	2951	upward_scan	73.019530197564521	18.827379249592614	22736	4725	0	0.068804333999999995
20260909	2952	uniform_accepted	36.662433661001117	-17.181607059431052	15679	3271	0	0.045379000000000003
20260909	2952	upward_scan	64.109142009762976	10.068896758853505	18455	3835	0	0.050659750000000003
20260909	2953	uniform_accepted	41.670577186036141	-14.712829228092199	15320	3228	0	0.043198417000000003
20260909	2953	upward_scan	61.139692216728022	14.218036398009042	18094	3763	0	0.04563975
20260909	2954	uniform_accepted	42.344693724548925	-10.597266306746896	18282	3744	0	0.050679457999999997
20260909	2954	upward_scan	66.05719534899788	12.354186478174945	18825	3915	0	0.053553625000000001
20260909	2955	uniform_accepted	39.497443993368336	-18.743419503275504	14150	2893	0	0.041405583000000003
20260909	2955	upward_scan	70.004293158953431	13.289806076927766	21696	4524	0	0.062417541999999999
20260909	2956	uniform_accepted	40.648056653338898	-13.730562362907929	14811	3085	0	0.044305249999999997
20260909	2956	upward_scan	69.690610403196601	14.360886732203262	22106	4618	0	0.063646958000000003
20260909	2957	uniform_accepted	30.165183665371369	-21.979987292363724	12380	2595	0	0.038328167000000003
20260909	2957	upward_scan	64.622238481893689	11.795240465395072	20609	4297	0	0.059764583000000003
20260909	2958	uniform_accepted	34.634784010047753	-16.018845924247554	14863	3093	0	0.044452917000000002
20260909	2958	upward_scan	57.960771874007754	8.1090103844546384	15881	3319	0	0.042320917
20260909	2959	uniform_accepted	43.612662441390164	-8.8819142324621048	15628	3276	0	0.044514708
20260909	2959	upward_scan	70.661983821955772	19.275355750385732	22587	4707	0	0.062675834
20260909	2960	uniform_accepted	34.234259668043023	-22.628212193019568	14318	2919	0	0.03978425
20260909	2960	upward_scan	67.772017754089973	14.833256291137587	18528	3848	0	0.046389125000000003
20260909	2961	uniform_accepted	36.467509727673011	-16.450814720312383	14234	2932	0	0.036114374999999997
20260909	2961	upward_scan	67.159397481680998	11.79002917489186	21376	4460	0	0.061728167
20260909	2962	uniform_accepted	28.979104965168254	-19.880183696426332	11375	2416	0	0.031592542000000001
20260909	2962	upward_scan	71.508186014162121	18.557294632178149	20849	4345	0	0.052043541999999998
20260909	2963	uniform_accepted	45.893777918318726	-10.468894374606244	16000	3314	0	0.042196249999999998
20260909	2963	upward_scan	76.682520622298398	17.318405480593661	22427	4659	0	0.061364208000000003
20260909	2964	uniform_accepted	26.881604341471647	-27.169778276336768	11862	2475	0	0.033647999999999997
20260909	2964	upward_scan	72.893091309973528	19.025053337223596	21048	4395	0	0.060118833000000003
20260909	2965	uniform_accepted	41.631890149685411	-11.266951106794885	16071	3348	0	0.040273458999999998
20260909	2965	upward_scan	65.855826083942844	12.983308832107554	19792	4121	0	0.052040125
20260909	2966	uniform_accepted	42.80797291352436	-17.238919201964219	14330	2996	0	0.036998542000000002
20260909	2966	upward_scan	63.112573663413016	13.205591972645237	20859	4341	0	0.062981334
20260909	2967	uniform_accepted	25.177601633641864	-26.91901427940477	12143	2505	0	0.032027624999999997
20260909	2967	upward_scan	70.829023748591098	15.410582476059966	21860	4555	0	0.057828125000000001
20260909	2968	uniform_accepted	29.257633087776739	-29.496415017352728	13442	2778	0	0.037475165999999997
20260909	2968	upward_scan	55.816689936830578	7.8654757514402736	15948	3322	0	0.03910375
20260909	2969	uniform_accepted	35.562599847405799	-20.419338954060105	14338	2991	0	0.044119208
20260909	2969	upward_scan	57.964796863594017	9.3116227532517577	17901	3724	0	0.050604207999999998
20260909	2970	uniform_accepted	20.722721716585664	-31.452088932823813	13296	2726	0	0.034293875000000001
20260909	2970	upward_scan	65.554677571244696	16.506376604058442	22582	4704	0	0.068002083000000005
20260909	2971	uniform_accepted	35.028596776964015	-18.042829228058327	15537	3249	0	0.045086959000000003
20260909	2971	upward_scan	53.400420468119648	3.0405097965127053	17112	3570	0	0.044513333000000002
20260909	2972	uniform_accepted	37.382426424468832	-15.046266898817569	16575	3442	0	0.048931250000000003
20260909	2972	upward_scan	65.854619315437546	12.152605803665837	19032	3981	0	0.054845791999999997
20260909	2973	uniform_accepted	39.07493624732362	-16.803493351008491	14694	3021	0	0.040740749999999999
20260909	2973	upward_scan	73.263087249138678	19.440747320470781	21300	4431	0	0.054561917000000001
20260909	2974	uniform_accepted	46.710539558120772	-9.3615541473820105	14984	3135	0	0.042654375000000001
20260909	2974	upward_scan	64.612350371738287	15.385785257135307	20014	4163	0	0.054781457999999998
20260909	2975	uniform_accepted	26.319706352215455	-25.429232620549922	9175	1919	0	0.023780334
20260909	2975	upward_scan	63.530764338024781	13.228904762194697	18994	3945	0	0.055184166999999999
20260909	2976	uniform_accepted	30.080117446017894	-33.340330301854976	12679	2614	0	0.032389709000000003
20260909	2976	upward_scan	59.613668587735297	9.742892141130195	17399	3630	0	0.050918625000000002
20260909	2977	uniform_accepted	26.457068573016194	-22.361290632858619	13460	2741	0	0.035203208999999999
20260909	2977	upward_scan	61.57852906721304	10.478356240232245	18203	3798	0	0.049731791999999997
20260909	2978	uniform_accepted	35.042252699618388	-15.195138137285937	14438	3015	0	0.040325332999999998
20260909	2978	upward_scan	45.69452737485517	3.0573475925606646	14595	3063	0	0.044101541000000001
20260909	2979	uniform_accepted	35.65053959318363	-18.400503852751338	15552	3232	0	0.043162875000000003
20260909	2979	upward_scan	55.404235558628287	7.1925423207231622	17294	3595	0	0.050491624999999998
20260909	2980	uniform_accepted	26.394031928161471	-33.169279240211068	15497	3192	0	0.043061916999999998
20260909	2980	upward_scan	78.582510985100228	16.20836169569683	22730	4736	0	0.055912792000000003
20260909	2981	uniform_accepted	30.749177017343577	-25.776494056749172	14872	3095	0	0.041763415999999998
20260909	2981	upward_scan	57.511325832521457	5.7386389040723067	18506	3849	0	0.049668333000000002
20260909	2982	uniform_accepted	30.246881100807762	-21.249843895292436	12959	2754	0	0.040915167000000002
20260909	2982	upward_scan	64.789098379950573	15.201250206790865	18015	3771	0	0.048813457999999997
20260909	2983	uniform_accepted	40.053524437785043	-8.9780501475041223	15034	3109	0	0.038734667
20260909	2983	upward_scan	72.496139909690712	16.228138959495876	20535	4286	0	0.053734999999999998
20260909	2984	uniform_accepted	30.569288212753769	-13.528050084066471	12764	2633	0	0.035564249999999999
20260909	2984	upward_scan	65.258565892964313	13.898978560976822	20209	4225	0	0.057274417000000001
20260909	2985	uniform_accepted	35.442045843335251	-16.793739084560343	14734	3038	0	0.041374541000000001
20260909	2985	upward_scan	54.756314827732311	7.6839404524482253	17762	3701	0	0.046288415999999999
20260909	2986	uniform_accepted	44.313217242689866	-7.7956289428618399	14125	2929	0	0.036926332999999999
20260909	2986	upward_scan	57.072229807587071	13.482124858036116	17039	3551	0	0.046051583
20260909	2987	uniform_accepted	37.22322119719346	-10.936733778539724	12722	2607	0	0.032957374999999997
20260909	2987	upward_scan	68.107815828582574	15.024140430509062	20822	4348	0	0.060080750000000002
20260909	2988	uniform_accepted	32.785522763699333	-24.091911564332424	13662	2832	0	0.036821958000000002
20260909	2988	upward_scan	69.34870082623398	14.862859301406406	22782	4748	0	0.067236749999999998
20260909	2989	uniform_accepted	32.768641968778226	-18.704322817862689	15971	3325	0	0.043553209000000002
20260909	2989	upward_scan	58.909026476424543	9.0904627706044021	18671	3892	0	0.051264708999999999
20260909	2990	uniform_accepted	32.976172637518758	-15.938345745756111	13357	2813	0	0.042512708000000003
20260909	2990	upward_scan	71.706869618049851	17.869559427907969	22425	4666	0	0.062027290999999998
20260909	2991	uniform_accepted	32.68303886849305	-20.86616857576902	14973	3043	0	0.037852166999999999
20260909	2991	upward_scan	68.785013410133217	16.036215210686201	21992	4588	0	0.061148709000000002
20260909	2992	uniform_accepted	37.621661838937932	-19.205209937719818	16099	3346	0	0.045668332999999998
20260909	2992	upward_scan	65.187980722447449	13.885416620723616	20215	4209	0	0.056832000000000001
20260909	2993	uniform_accepted	33.872501598857674	-10.490518859933086	15011	3125	0	0.047409
20260909	2993	upward_scan	65.550724112454517	15.612180420987686	20120	4185	0	0.052990625
20260909	2994	uniform_accepted	32.106857045907894	-19.144637086598529	14643	3003	0	0.040916165999999997
20260909	2994	upward_scan	68.259870959054126	12.623848203825071	20771	4325	0	0.056230792000000002
20260909	2995	uniform_accepted	42.632158260241241	-9.433573233930229	14625	3086	0	0.040887082999999998
20260909	2995	upward_scan	73.301755993321521	17.867057043793611	23614	4914	0	0.065384250000000005
20260909	2996	uniform_accepted	40.0891355874816	-13.064127619029948	17463	3661	0	0.049159292
20260909	2996	upward_scan	61.263973706413864	11.803478331405145	19797	4126	0	0.058009832999999997
20260909	2997	uniform_accepted	31.196780105878158	-23.005836951598923	11897	2459	0	0.031294292000000001
20260909	2997	upward_scan	64.212740003695032	13.239447184387373	18104	3784	0	0.052595958999999998
20260909	2998	uniform_accepted	42.281084366127963	-9.1588931159160705	14679	3021	0	0.045566958999999997
20260909	2998	upward_scan	74.309952325203284	19.972173173834619	21745	4531	0	0.060930791999999998
20260909	2999	uniform_accepted	42.482536026649143	-8.9755320080753407	13353	2754	0	0.037500540999999998
20260909	2999	upward_scan	64.473674015441247	6.7351834518186822	19198	4020	0	0.054839833999999997
20260909	3000	uniform_accepted	36.506857287074254	-12.366476011723025	13682	2897	0	0.040548708000000003
20260909	3000	upward_scan	67.898556148473034	15.942139696671791	20509	4282	0	0.057970332999999999
20260909	3001	uniform_accepted	31.731304942985414	-17.477153128234196	13690	2872	0	0.039074083000000003
20260909	3001	upward_scan	71.447915872370572	16.14451379076208	21968	4567	0	0.061867334000000003
20260909	3002	uniform_accepted	30.837538077519977	-18.179205719934657	12590	2595	0	0.037970625000000001
20260909	3002	upward_scan	66.564474403739055	12.460593691390434	20644	4304	0	0.053928875000000001
20260909	3003	uniform_accepted	41.870133585041664	-9.4525505833178798	15909	3267	0	0.040910542000000001
20260909	3003	upward_scan	80.270413551261129	22.950414763206293	23745	4953	0	0.066456457999999996
20260909	3004	uniform_accepted	25.474862378127742	-25.952081347970566	11214	2307	0	0.030686917000000001
20260909	3004	upward_scan	61.016793133617483	10.109305649356683	18685	3870	0	0.050824250000000001
20260909	3005	uniform_accepted	24.200883627716461	-29.768756260154763	12647	2666	0	0.034085916000000001
20260909	3005	upward_scan	63.277406484226084	11.159303201659737	18708	3907	0	0.051481290999999998
20260909	3006	uniform_accepted	33.045250709504145	-32.957375973408475	14479	2996	0	0.041736833000000001
20260909	3006	upward_scan	59.840499600129071	10.163558395107192	16853	3510	0	0.047318082999999997
20260909	3007	uniform_accepted	47.607380781553076	-8.6760234056633294	16656	3431	0	0.045600208000000003
20260909	3007	upward_scan	70.576080331489862	14.096548006384397	22378	4675	0	0.05901725
20260909	3008	uniform_accepted	25.644311334446943	-27.096780918696371	11718	2488	0	0.035732709000000001
20260909	3008	upward_scan	69.168499879491648	15.841336128292546	21382	4462	0	0.063268500000000005
20260909	3009	uniform_accepted	36.619417857635739	-12.393440539314835	15693	3297	0	0.044540000000000003
20260909	3009	upward_scan	65.943048852523447	13.364150694132066	21353	4442	0	0.062696457999999997
20260909	3010	uniform_accepted	22.91238917971215	-34.190577939192991	11927	2427	0	0.033527500000000002
20260909	3010	upward_scan	70.097564825920671	15.215961139397008	22979	4779	0	0.067164709000000003
20260909	3011	uniform_accepted	39.83206379371358	-10.236510194000166	12818	2710	0	0.038414375000000001
20260909	3011	upward_scan	62.981071081950596	10.038663130211093	20578	4282	0	0.058906624999999997
20260909	3012	uniform_accepted	36.331674048405723	-14.145081631988191	17687	3605	0	0.048981042000000002
20260909	3012	upward_scan	66.324489797423539	13.056336097421221	19777	4120	0	0.056694959000000003
20260909	3013	uniform_accepted	28.364227441934208	-20.647391923849447	13224	2746	0	0.037534207999999999
20260909	3013	upward_scan	56.709291649354832	7.3936452145090579	16807	3489	0	0.0444745
20260909	3014	uniform_accepted	31.685436341484554	-21.272120816302909	13587	2810	0	0.040551749999999998
20260909	3014	upward_scan	83.607734499879356	22.275185842443136	26386	5501	0	0.077419083999999999
20260909	3015	uniform_accepted	31.71639273904281	-13.545415624359944	12810	2642	0	0.035635582999999998
20260909	3015	upward_scan	61.629724245090252	10.204399142455578	18057	3765	0	0.045656124999999999
20260909	3016	uniform_accepted	30.471148667131377	-32.733125044402811	14268	2934	0	0.035478207999999997
20260909	3016	upward_scan	64.933309099995157	10.605229498453472	18806	3938	0	0.049339417000000003
20260909	3017	uniform_accepted	23.962080966858565	-35.699255373741003	12338	2562	0	0.032871290999999997
20260909	3017	upward_scan	55.967605408841337	7.3266661376745112	17364	3623	0	0.052363332999999998
20260909	3018	uniform_accepted	35.680005358704911	-13.337038281774113	15463	3138	0	0.044846375000000001
20260909	3018	upward_scan	63.828596040897182	12.378331385587988	19857	4143	0	0.059595792000000002
20260909	3019	uniform_accepted	31.239689722062273	-13.767361422596348	12437	2538	0	0.034551708
20260909	3019	upward_scan	72.708207760284111	16.250894953928668	21840	4557	0	0.057717667
20260909	3020	uniform_accepted	33.903939993601767	-15.875365650130123	14096	2939	0	0.042140166999999999
20260909	3020	upward_scan	58.667077364982624	9.6304906391581468	19137	3989	0	0.058099667000000001
20260909	3021	uniform_accepted	31.818573583863262	-23.200275837105348	12587	2646	0	0.042101417000000002
20260909	3021	upward_scan	71.628012161495448	13.753664487528569	21648	4499	0	0.057161499999999997
20260909	3022	uniform_accepted	32.974236836940825	-13.595025864921185	14423	2944	0	0.035574834
20260909	3022	upward_scan	72.307188708761799	17.824642577511803	23610	4915	0	0.070920333000000002
20260909	3023	uniform_accepted	33.978669806781795	-20.148358206940649	14637	3023	0	0.046895041999999998
20260909	3023	upward_scan	56.717019815868092	6.6570268729176494	19292	4029	0	0.055719541999999997
20260909	3024	uniform_accepted	30.100267116122652	-24.899634001146282	13542	2835	0	0.040043083
20260909	3024	upward_scan	67.33224628898337	14.980031616375609	21857	4554	0	0.061810207999999998
20260909	3025	uniform_accepted	26.204628252779411	-21.545439767978532	12136	2537	0	0.0361415
20260909	3025	upward_scan	66.287776166354803	7.9765487342201302	20246	4216	0	0.049490040999999999
20260909	3026	uniform_accepted	33.576904397691699	-18.919060101881715	17578	3692	0	0.051653499999999998
20260909	3026	upward_scan	50.287015729718618	3.8911683224561653	15208	3184	0	0.040583458000000003
20260909	3027	uniform_accepted	41.494690014657991	-11.386659445534859	16380	3390	0	0.044193916999999999
20260909	3027	upward_scan	57.173639278266734	4.7387318184239389	17847	3720	0	0.048015665999999999
20260909	3028	uniform_accepted	31.888494490129119	-15.499967606553589	12691	2650	0	0.034266999999999999
20260909	3028	upward_scan	62.0048408116837	12.731400426331108	19264	4009	0	0.046376291
20260909	3029	uniform_accepted	35.523617229589696	-11.820386687908009	12158	2517	0	0.031172958000000001
20260909	3029	upward_scan	69.698379771173649	13.658117146775439	20811	4343	0	0.066279916999999994
20260909	3030	uniform_accepted	25.715729729585565	-27.162270861684469	11673	2463	0	0.035790000000000002
20260909	3030	upward_scan	77.899357613415319	17.684194708609592	23756	4949	0	0.058966167
20260909	3031	uniform_accepted	30.310705729600201	-18.623565678331587	13363	2794	0	0.035645958999999998
20260909	3031	upward_scan	62.558842491795808	11.576696375247666	19014	3961	0	0.052958625000000002
20260909	3032	uniform_accepted	34.053296255770888	-13.138499249357295	12572	2584	0	0.035150708000000003
20260909	3032	upward_scan	62.332536734170468	11.382259918277651	20996	4377	0	0.060427583
20260909	3033	uniform_accepted	33.940137526366819	-20.269293457828716	12328	2567	0	0.031339249999999999
20260909	3033	upward_scan	69.338282090722814	13.087706319669326	22579	4696	0	0.065986209000000004
20260909	3034	uniform_accepted	20.040033923173969	-36.401140446580932	11068	2290	0	0.034912167000000001
20260909	3034	upward_scan	56.879662198508029	10.725128422600839	19570	4084	0	0.062173375000000003
20260909	3035	uniform_accepted	25.733783603929169	-27.445045532179776	13861	2878	0	0.037019791000000003
20260909	3035	upward_scan	67.745111491238205	13.856279026876861	20976	4380	0	0.05979425
20260909	3036	uniform_accepted	33.245678420238399	-17.040802161391664	15344	3211	0	0.046406458999999997
20260909	3036	upward_scan	72.658405833792173	14.280161972078847	21373	4458	0	0.058043625000000001
20260909	3037	uniform_accepted	36.629684947518861	-17.060233171034152	13689	2839	0	0.039214540999999999
20260909	3037	upward_scan	78.105465708599937	20.814061189579409	27339	5699	0	0.079847417000000004
20260909	3038	uniform_accepted	33.011756276362718	-22.13617441507628	14911	3158	0	0.040635625000000002
20260909	3038	upward_scan	80.972388834481293	21.419610267896029	24906	5177	0	0.066145250000000003
20260909	3039	uniform_accepted	27.596759968695682	-25.488681402755539	11748	2454	0	0.032977125000000003
20260909	3039	upward_scan	72.470079440408938	13.149973228801025	22363	4665	0	0.060619082999999997
20260909	3040	uniform_accepted	28.45364885924872	-16.250590257882045	11695	2392	0	0.032625292
20260909	3040	upward_scan	54.959952134346707	4.9160667013681136	15497	3245	0	0.040686041999999999
20260909	3041	uniform_accepted	37.314306574208722	-15.892527981530023	14218	2902	0	0.037753166999999997
20260909	3041	upward_scan	61.222098243152629	9.6317310743140947	18376	3846	0	0.051202958
20260909	3042	uniform_accepted	34.252298217076266	-13.542991779932274	14630	3088	0	0.040786042000000002
20260909	3042	upward_scan	78.021211068928253	18.673751501830093	23823	4963	0	0.070135916000000006
20260909	3043	uniform_accepted	35.61556485471921	-20.589185449176593	14396	3044	0	0.044030417000000002
20260909	3043	upward_scan	72.412139059193876	18.165263051444985	21918	4568	0	0.062604375000000004
20260909	3044	uniform_accepted	32.416280946694634	-15.234529959360655	12947	2686	0	0.036849125000000003
20260909	3044	upward_scan	71.187726581783139	17.480975481435447	20768	4310	0	0.056613166999999999
20260909	3045	uniform_accepted	27.736993821940505	-24.769176466067506	12293	2521	0	0.031275667
20260909	3045	upward_scan	65.397827793740873	15.785543351815445	21328	4453	0	0.061019207999999998
20260909	3046	uniform_accepted	32.014467636399338	-13.874170900588416	14373	2941	0	0.041885958000000001
20260909	3046	upward_scan	63.57346822135937	13.888106314985826	18815	3922	0	0.050687333000000001
20260909	3047	uniform_accepted	36.201694344882554	-16.279258950943486	14538	3071	0	0.040431042
20260909	3047	upward_scan	70.958190077388622	10.651875440613544	22100	4603	0	0.059354749999999998
20260909	3048	uniform_accepted	34.682027566686465	-13.775432350438868	16752	3459	0	0.052032000000000002
20260909	3048	upward_scan	68.149537814900071	14.523717352611463	21144	4409	0	0.060202417000000001
20260909	3049	uniform_accepted	31.276889847067821	-23.018266438380625	13819	2946	0	0.038488916999999997
20260909	3049	upward_scan	90.338239588345829	25.45795674087525	27600	5738	0	0.076522624999999997
20260909	3050	uniform_accepted	35.760264986222019	-15.194821383603426	13947	2919	0	0.042542708999999998
20260909	3050	upward_scan	81.344616531977962	21.983745532092392	25870	5387	0	0.080784459000000003
20260909	3051	uniform_accepted	48.574268726394124	-4.0281439680958186	18354	3858	0	0.052122124999999998
20260909	3051	upward_scan	74.836654674419378	14.435823382081981	21901	4562	0	0.057688207999999998
20260909	3052	uniform_accepted	32.032414700608385	-17.621966894849319	14710	3045	0	0.043748042000000001
20260909	3052	upward_scan	63.537018612617402	12.53690410475785	19730	4105	0	0.055349875
20260909	3053	uniform_accepted	45.111958369416584	-8.0965358905016416	17111	3578	0	0.048486833999999999
20260909	3053	upward_scan	59.060467030185421	9.6970495747787915	17139	3556	0	0.045834624999999997
20260909	3054	uniform_accepted	41.999839393008983	-7.0026108623780559	15449	3205	0	0.043943416999999999
20260909	3054	upward_scan	65.768467607660853	16.125153799491294	20695	4313	0	0.056637624999999997
20260909	3055	uniform_accepted	25.309086354967501	-32.418808078320637	12265	2568	0	0.034171209000000001
20260909	3055	upward_scan	68.761130490180705	13.461453017516162	19005	3973	0	0.048378791999999997
20260909	3056	uniform_accepted	35.582326149402327	-19.162434444852011	13561	2805	0	0.040252833000000002
20260909	3056	upward_scan	75.679629300967349	17.998478335640133	23945	4996	0	0.068331709000000004
20260909	3057	uniform_accepted	30.328725130118997	-19.544097293681109	13335	2759	0	0.033564917
20260909	3057	upward_scan	62.543010960654563	10.721079612625941	20955	4357	0	0.060215791999999997
20260909	3058	uniform_accepted	28.626235647365252	-22.894509234148131	13049	2746	0	0.034363417
20260909	3058	upward_scan	59.407972495450117	5.7042143528026186	19712	4122	0	0.056719083000000003
20260909	3059	uniform_accepted	38.096366406084741	-10.194283627429124	14517	3060	0	0.042661083000000002
20260909	3059	upward_scan	68.721737808675826	14.64358960807694	19506	4067	0	0.048074458
20260909	3060	uniform_accepted	35.457197165170449	-12.454792009318901	16032	3311	0	0.045512917
20260909	3060	upward_scan	63.463575143621469	12.172305701695421	18786	3912	0	0.049832583
20260909	3061	uniform_accepted	32.141627219185942	-15.575722174563584	12882	2709	0	0.031282125000000001
20260909	3061	upward_scan	55.036800167028709	6.2132715896093709	17902	3714	0	0.049559791999999998
20260909	3062	uniform_accepted	34.119410499181761	-17.069193092847531	13917	2859	0	0.035023290999999998
20260909	3062	upward_scan	68.47955439026687	13.755494203332322	21974	4586	0	0.065471874999999999
20260909	3063	uniform_accepted	33.695942494241663	-23.104599815631165	16297	3340	0	0.044081915999999999
20260909	3063	upward_scan	65.292308861443303	11.048623176825213	20515	4278	0	0.060007584000000003
20260909	3064	uniform_accepted	35.138264179508916	-11.08912237840496	13165	2733	0	0.036600417000000003
20260909	3064	upward_scan	66.042166720754508	15.953272287563877	21161	4396	0	0.056670375000000002
20260909	3065	uniform_accepted	32.218348926147023	-23.943254840432523	13948	2948	0	0.039983708999999999
20260909	3065	upward_scan	71.989654108860293	16.370835439173305	21279	4443	0	0.053861416000000002
20260909	3066	uniform_accepted	25.560298047094832	-21.54298999350145	13248	2708	0	0.037501417000000002
20260909	3066	upward_scan	68.29757043858757	15.113098207473376	21003	4374	0	0.053750167000000001
20260909	3067	uniform_accepted	40.183321782109985	-8.7685301568007645	16489	3443	0	0.047026083000000003
20260909	3067	upward_scan	58.739986013012221	9.9944557781718419	17976	3750	0	0.050012709000000002
20260909	3068	uniform_accepted	35.229724000096532	-18.095538698046411	15533	3273	0	0.041650082999999997
20260909	3068	upward_scan	74.184216747382777	14.337490495600159	23728	4954	0	0.065689207999999999
20260909	3069	uniform_accepted	30.167682508949646	-26.638136285536806	14579	3045	0	0.042958875000000001
20260909	3069	upward_scan	63.670725570838563	9.5710229742019024	17972	3752	0	0.047794125
20260909	3070	uniform_accepted	32.040805176768707	-26.696481530243439	11340	2394	0	0.031742125000000003
20260909	3070	upward_scan	93.160149094814486	25.824398468756467	28483	5920	0	0.081511249999999993
20260909	3071	uniform_accepted	35.566849311322066	-18.369288596977249	13274	2732	0	0.036654875000000003
20260909	3071	upward_scan	78.142710105259539	20.497763267617685	23569	4919	0	0.064336541999999997
20260909	3072	uniform_accepted	39.400064006948142	-11.126129644222697	13760	2855	0	0.037669709000000003
20260909	3072	upward_scan	55.151537614494842	8.0890570998906313	16744	3500	0	0.044265958000000001
20260909	3073	uniform_accepted	38.654866520959345	-12.490977056859982	14932	3070	0	0.039019832999999997
20260909	3073	upward_scan	60.892892367165004	9.1257946942963866	18150	3785	0	0.055254584000000002
20260909	3074	uniform_accepted	32.877904683295064	-16.615112573002296	13423	2794	0	0.037522208000000001
20260909	3074	upward_scan	70.622707146904204	16.243327398149528	23659	4922	0	0.064650374999999996
20260909	3075	uniform_accepted	35.74903891060044	-11.890627527666872	13835	2897	0	0.036966832999999998
20260909	3075	upward_scan	64.51024009199422	9.1125734499645397	18616	3876	0	0.049098875
20260909	3076	uniform_accepted	33.225962295297407	-17.13372115865085	15230	3156	0	0.045148124999999997
20260909	3076	upward_scan	82.558047973637045	23.469588733472285	26329	5496	0	0.074495207999999993
20260909	3077	uniform_accepted	28.695555554958613	-25.024890652991868	14068	2913	0	0.039703041000000001
20260909	3077	upward_scan	71.052320840175113	17.173738060545311	21562	4496	0	0.060920915999999999
20260909	3078	uniform_accepted	33.310257974254277	-17.870507354258518	14387	3019	0	0.046883416999999997
20260909	3078	upward_scan	69.019998226752023	12.510673087125044	21506	4486	0	0.056009792000000003
20260909	3079	uniform_accepted	31.684951496965546	-24.75380258880481	13363	2739	0	0.038627208000000003
20260909	3079	upward_scan	86.050326791835673	25.536398464406975	26960	5603	0	0.076663667000000005
20260909	3080	uniform_accepted	48.900441712544378	-2.5313496400882247	17876	3665	0	0.053043082999999998
20260909	3080	upward_scan	71.726286465270292	18.314591373591671	23462	4882	0	0.069741499999999998
20260909	3081	uniform_accepted	36.980577232047857	-8.4582290392658042	13996	2886	0	0.037784416000000001
20260909	3081	upward_scan	65.999661422168515	4.9718611918820619	20442	4270	0	0.057635166000000002
20260909	3082	uniform_accepted	31.104446132852463	-22.54704125270159	11865	2492	0	0.033152500000000001
20260909	3082	upward_scan	69.50450672458075	16.038134564629448	20726	4325	0	0.059109915999999998
20260909	3083	uniform_accepted	36.31268207574869	-15.628691178970403	11167	2314	0	0.030166458
20260909	3083	upward_scan	73.89548858082307	16.905432957012987	25049	5210	0	0.072591291000000002
20260909	3084	uniform_accepted	42.716499097387917	-5.4438552205689739	13778	2871	0	0.041119333000000001
20260909	3084	upward_scan	57.82562325856324	9.4410196267174911	17425	3634	0	0.046358334000000001
20260909	3085	uniform_accepted	33.00781547771436	-22.841841846505393	15769	3226	0	0.044143750000000002
20260909	3085	upward_scan	66.092562391065144	11.12601498760141	20394	4261	0	0.059170959000000002
20260909	3086	uniform_accepted	32.622580443986948	-23.565004227432404	12499	2620	0	0.034290833
20260909	3086	upward_scan	77.054787646747641	18.823683924793201	23732	4949	0	0.066190750000000007
20260909	3087	uniform_accepted	30.439213472174025	-18.721966670923461	15869	3265	0	0.044700749999999997
20260909	3087	upward_scan	69.470418938612781	11.974338173435541	22450	4682	0	0.063323208000000006
20260909	3088	uniform_accepted	24.632593560295579	-32.663445886762275	14033	2898	0	0.036537874999999997
20260909	3088	upward_scan	49.62208667743522	3.5548169084721368	17335	3616	0	0.051641290999999999
20260909	3089	uniform_accepted	36.752429701416688	-11.9581301442167	14027	2925	0	0.042015583000000002
20260909	3089	upward_scan	65.512103579795564	10.793819071975445	21126	4402	0	0.061729125000000003
20260909	3090	uniform_accepted	36.746812996167371	-14.702576994531569	12920	2696	0	0.035973625000000002
20260909	3090	upward_scan	73.400954569756109	14.016372353383785	22609	4713	0	0.063506832999999999
20260909	3091	uniform_accepted	31.635249275344488	-24.406913457914062	13556	2812	0	0.035576625000000001
20260909	3091	upward_scan	57.441888776430901	11.575764619779058	16990	3547	0	0.046630208999999999
20260909	3092	uniform_accepted	33.542573995937182	-15.520896437315887	15189	3157	0	0.046320458000000002
20260909	3092	upward_scan	60.610983323573151	13.618391540793274	18478	3846	0	0.051385915999999997
20260909	3093	uniform_accepted	27.800753969082617	-26.033559518392714	12323	2525	0	0.032774291999999997
20260909	3093	upward_scan	73.801565615834349	19.262632032569698	22291	4640	0	0.058919458000000001
20260909	3094	uniform_accepted	34.694561311599251	-19.227029389262114	14316	2953	0	0.042029207999999998
20260909	3094	upward_scan	65.640820051317718	11.723020693356284	22722	4718	0	0.070043541000000001
20260909	3095	uniform_accepted	28.992130977161946	-28.184001583161095	9881	2066	0	0.027600625
20260909	3095	upward_scan	75.04801394664598	11.917074514109508	22559	4705	0	0.061730124999999997
20260909	3096	uniform_accepted	38.787949776629766	-7.1952053905917817	15557	3233	0	0.042077249999999997
20260909	3096	upward_scan	80.632284716916018	21.543102161955691	27688	5753	0	0.084414916000000007
20260909	3097	uniform_accepted	35.924671235925011	-18.020883703345167	13082	2732	0	0.034141959
20260909	3097	upward_scan	54.164815198789434	4.745746880468646	15879	3309	0	0.043823874999999998
20260909	3098	uniform_accepted	17.447544089465485	-42.298802792935135	12124	2529	0	0.033751583000000002
20260909	3098	upward_scan	61.616014924557263	10.573737780574833	18017	3751	0	0.049275625000000003
20260909	3099	uniform_accepted	26.179336129928767	-26.562571659532882	12560	2591	0	0.033800999999999998
20260909	3099	upward_scan	62.20192742996209	16.260528157528256	19715	4100	0	0.053465416000000002
20260909	3100	uniform_accepted	29.238105252097601	-27.974216961678266	15259	3148	0	0.048056333
20260909	3100	upward_scan	65.834311180316291	12.071305225797266	21474	4478	0	0.06306175
20260909	3101	uniform_accepted	22.328264184338163	-30.030383663858739	11515	2397	0	0.031931374999999998
20260909	3101	upward_scan	78.376013013481185	17.748059666971965	23508	4884	0	0.064101292000000004
20260909	3102	uniform_accepted	42.20292009698553	-3.7063398914085783	13506	2791	0	0.035798207999999998
20260909	3102	upward_scan	74.476956012382544	20.141951465404059	22609	4710	0	0.067568249999999996
20260909	3103	uniform_accepted	30.270775901773277	-29.018132178156637	14258	2906	0	0.037498165999999999
20260909	3103	upward_scan	59.454165015305584	10.887112916044391	18864	3920	0	0.055832541999999999
20260909	3104	uniform_accepted	30.984727667609526	-21.351240819519138	12231	2575	0	0.039698249999999997
20260909	3104	upward_scan	65.776942721259246	13.52732704108911	19994	4169	0	0.056475916000000001
20260909	3105	uniform_accepted	41.412031965741043	-8.693673514890234	14325	2950	0	0.041870875000000002
20260909	3105	upward_scan	77.988665099709863	18.187390639683017	24792	5163	0	0.073524207999999994
20260909	3106	uniform_accepted	37.47260885799038	-17.584203843595137	17386	3576	0	0.052670166999999997
20260909	3106	upward_scan	73.620775640274488	19.181678411498044	22973	4791	0	0.064322041999999996
20260909	3107	uniform_accepted	33.979211666412276	-15.420430382555914	12646	2616	0	0.033584542000000002
20260909	3107	upward_scan	67.530575183778197	12.946606010187802	19718	4109	0	0.055981957999999998
20260909	3108	uniform_accepted	37.777879815282247	-20.77852092570097	16627	3420	0	0.047278958000000003
20260909	3108	upward_scan	67.785781339049606	16.527244385749412	21634	4513	0	0.062040625000000002
20260909	3109	uniform_accepted	27.885766030220282	-20.218417771082368	11152	2278	0	0.031091000000000001
20260909	3109	upward_scan	73.59348645381769	19.846203786633694	22005	4586	0	0.061879165999999999
20260909	3110	uniform_accepted	25.245595977865374	-36.478726971523173	14616	2972	0	0.043249958999999998
20260909	3110	upward_scan	65.462168977847483	15.02636725172723	21505	4475	0	0.056209750000000003
20260909	3111	uniform_accepted	40.612040928317818	-14.273324616837389	15234	3163	0	0.045833708000000001
20260909	3111	upward_scan	79.678601039799133	17.593239766394603	24147	5033	0	0.069722792000000006
20260909	3112	uniform_accepted	35.127815001439501	-19.85517455693342	13581	2852	0	0.039198416
20260909	3112	upward_scan	70.402055870242322	15.183668621066973	20951	4361	0	0.060963957999999999
20260909	3113	uniform_accepted	25.584350758102168	-28.965914507415761	15254	3149	0	0.043672083
20260909	3113	upward_scan	56.966700596171478	8.8924046431444612	18336	3825	0	0.052961583
20260909	3114	uniform_accepted	37.525718862515802	-10.360684646670823	12896	2645	0	0.035274125000000003
20260909	3114	upward_scan	83.31282396591385	20.99381393050211	23039	4798	0	0.061537792000000001
20260909	3115	uniform_accepted	35.467545947918609	-19.889193486305096	15589	3216	0	0.040714208000000002
20260909	3115	upward_scan	65.365511049289339	12.200384921915912	21230	4416	0	0.068031166000000004
20260909	3116	uniform_accepted	31.547422546131816	-22.815403611069367	14404	3066	0	0.052419624999999997
20260909	3116	upward_scan	62.101435082915131	11.880872532290082	18711	3893	0	0.052885709000000003
20260909	3117	uniform_accepted	47.741685547155413	-3.5758273227985153	14022	2922	0	0.040014209000000002
20260909	3117	upward_scan	66.054219527504458	13.356883020615488	20707	4306	0	0.062251708000000003
20260909	3118	uniform_accepted	29.450167885481036	-21.577535863316637	11569	2476	0	0.034150791999999999
20260909	3118	upward_scan	73.371629640821098	16.683289746590823	22193	4625	0	0.062101791000000003
20260909	3119	uniform_accepted	32.357443320005196	-22.643107708614171	14014	2906	0	0.037078333999999998
20260909	3119	upward_scan	86.457251279166385	21.692239006358751	28688	5972	0	0.082053333000000006
20260909	3120	uniform_accepted	32.118427032449468	-12.128756237853473	13544	2827	0	0.038604832999999998
20260909	3120	upward_scan	74.056762474745867	16.99362300152594	22195	4632	0	0.061571458000000003
20260909	3121	uniform_accepted	38.932814022915977	-14.767799604175691	13341	2807	0	0.036349125000000003
20260909	3121	upward_scan	64.564439429326526	10.232760173839134	21002	4375	0	0.062954916999999999
20260909	3122	uniform_accepted	41.897926960205218	-4.441622511454872	15705	3274	0	0.045860291999999997
20260909	3122	upward_scan	84.153124629913179	21.00644832935593	25643	5318	0	0.070667915999999997
20260909	3123	uniform_accepted	27.823924399501777	-26.733269102053786	11611	2380	0	0.026682667
20260909	3123	upward_scan	63.683736466104506	11.772595018449342	18431	3850	0	0.051302582999999999
20260909	3124	uniform_accepted	40.322456188494215	-12.923742105861935	13699	2858	0	0.035238375000000002
20260909	3124	upward_scan	65.607803781323256	15.062049614504891	18981	3960	0	0.049137500000000001
20260909	3125	uniform_accepted	35.694811251207149	-10.850053630058728	14840	3125	0	0.045292166000000002
20260909	3125	upward_scan	75.1097607265596	17.995010571403849	21390	4475	0	0.056488916
20260909	3126	uniform_accepted	32.270840578220422	-17.529585111571421	12107	2511	0	0.033016457999999999
20260909	3126	upward_scan	68.552147994437348	14.137696313544888	22445	4670	0	0.068510749999999995
20260909	3127	uniform_accepted	36.825193389527364	-8.0626674090502419	14426	2964	0	0.035798166999999999
20260909	3127	upward_scan	60.599156132693508	8.3690787967186164	17833	3714	0	0.059717541999999998
20260909	3128	uniform_accepted	41.045449461696975	-15.281479152318184	13434	2788	0	0.045893457999999998
20260909	3128	upward_scan	72.389334591269332	17.320642067288567	23291	4855	0	0.071619833999999993
20260909	3129	uniform_accepted	29.926172252956164	-22.741349257033526	12801	2670	0	0.040016500000000003
20260909	3129	upward_scan	73.061920594273161	16.467136047039979	19300	4029	0	0.049588874999999998
20260909	3130	uniform_accepted	28.615049739839762	-25.611529718961982	14878	3069	0	0.041785250000000003
20260909	3130	upward_scan	62.836829018686544	9.5934822543252327	19714	4100	0	0.055869750000000003
20260909	3131	uniform_accepted	44.017093993153999	-7.0005225364364607	16806	3494	0	0.049408167000000003
20260909	3131	upward_scan	60.767418200055523	12.456529574490681	17496	3660	0	0.052888167
20260909	3132	uniform_accepted	23.633368691327945	-31.544662847989695	11016	2297	0	0.031451166000000003
20260909	3132	upward_scan	57.81858852271202	9.2547757794074403	16610	3477	0	0.045904708000000002
20260909	3133	uniform_accepted	27.664920402128242	-25.303330281159603	11599	2436	0	0.032749374999999997
20260909	3133	upward_scan	68.870428809074582	18.426654730169027	20924	4370	0	0.053244458000000001
20260909	3134	uniform_accepted	30.958398646970647	-11.325649409477252	14269	2983	0	0.041821333000000002
20260909	3134	upward_scan	76.742615618924461	14.874331392977108	26743	5576	0	0.075416125000000001
20260909	3135	uniform_accepted	35.289537584387077	-12.973814098301959	13766	2879	0	0.039526625000000003
20260909	3135	upward_scan	57.889598099594735	9.2272646161674086	17209	3589	0	0.050360750000000003
20260909	3136	uniform_accepted	28.51473604645302	-29.461858171935681	13053	2728	0	0.036533707999999998
20260909	3136	upward_scan	63.282949155087564	11.435622121144295	20251	4213	0	0.055581040999999998
20260909	3137	uniform_accepted	29.039375008809603	-17.179649621496832	14121	2961	0	0.041615333999999997
20260909	3137	upward_scan	59.952877617029579	12.561349899509041	20354	4248	0	0.061740542000000002
20260909	3138	uniform_accepted	30.76313216846361	-17.540682173047117	12654	2663	0	0.035696458
20260909	3138	upward_scan	57.809752826674718	11.943700415509138	18883	3940	0	0.053378415999999998
20260909	3139	uniform_accepted	24.234178114351362	-29.126417549315128	11395	2331	0	0.029216665999999999
20260909	3139	upward_scan	66.53421771328307	13.431936606914528	19542	4081	0	0.052410958000000001
20260909	3140	uniform_accepted	32.459187156679747	-18.654895816785249	14028	2918	0	0.03732775
20260909	3140	upward_scan	66.795152642236417	9.1561021660834321	20054	4166	0	0.056791833
20260909	3141	uniform_accepted	26.770530117944677	-29.982331800328215	10649	2190	0	0.028257417
20260909	3141	upward_scan	71.161514227354388	16.088046216297865	24561	5127	0	0.074158625000000006
20260909	3142	uniform_accepted	28.243336701541708	-27.794560959521625	10859	2256	0	0.030128499999999999
20260909	3142	upward_scan	81.443033437995609	21.86289001463593	25828	5385	0	0.075925540999999999
20260909	3143	uniform_accepted	37.9477448702321	-13.524345638384014	14584	2994	0	0.042510541999999998
20260909	3143	upward_scan	65.245587930240987	15.119134557894398	21325	4454	0	0.060964625000000001
20260909	3144	uniform_accepted	30.975673759088711	-18.013486007897566	14059	2915	0	0.035932708000000001
20260909	3144	upward_scan	78.031354315194676	17.446595492434838	23868	4966	0	0.061961833000000001
20260909	3145	uniform_accepted	42.373629731613015	-7.4724864544887293	16289	3389	0	0.044662083999999998
20260909	3145	upward_scan	59.468241700712539	11.272018769652803	17944	3740	0	0.045825541999999997
20260909	3146	uniform_accepted	36.066122298407983	-9.412882928838691	14804	3078	0	0.038360999999999999
20260909	3146	upward_scan	67.193022903621895	15.039602239251153	20493	4287	0	0.056189041000000002
20260909	3147	uniform_accepted	35.844064255921573	-17.432879609649405	14712	3076	0	0.046905041000000001
20260909	3147	upward_scan	68.915005676825757	16.784849593101484	22731	4737	0	0.067365707999999996
20260909	3148	uniform_accepted	36.131624831941942	-15.686821083352516	17475	3641	0	0.047751500000000002
20260909	3148	upward_scan	74.128020793363518	15.930890228672419	22863	4756	0	0.065670875000000004
20260909	3149	uniform_accepted	24.35515300186669	-30.600630900544168	11286	2383	0	0.029852375
20260909	3149	upward_scan	73.313945458298349	16.064241013425885	20295	4241	0	0.047066207999999998
20260909	3150	uniform_accepted	25.745199909337192	-24.766961010919861	13319	2772	0	0.037499166
20260909	3150	upward_scan	70.478956623790623	15.389848059852682	22306	4650	0	0.062580499999999997
20260909	3151	uniform_accepted	22.98992862284403	-30.262315848760743	12713	2652	0	0.038486208000000001
20260909	3151	upward_scan	72.392476109931351	17.792845885550804	24712	5137	0	0.074128250000000007
20260909	3152	uniform_accepted	33.575201881219961	-27.011419604413899	13824	2894	0	0.039337457999999999
20260909	3152	upward_scan	68.581770405695906	16.136743364931284	21330	4463	0	0.060775416999999998
20260909	3153	uniform_accepted	37.652590802555402	-18.221421462089499	14341	2979	0	0.042307875000000002
20260909	3153	upward_scan	77.702082203989349	21.24630826206219	25030	5210	0	0.072114958000000007
20260909	3154	uniform_accepted	42.600165260146255	-4.2893852960566727	16388	3390	0	0.048096374999999997
20260909	3154	upward_scan	59.503333836157601	12.545500772664402	17507	3638	0	0.048477709000000001
20260909	3155	uniform_accepted	33.922657656480929	-11.970749560790301	12865	2662	0	0.035368207999999998
20260909	3155	upward_scan	74.102385848242278	20.19633003251521	22338	4655	0	0.061566625
20260909	3156	uniform_accepted	37.915874650826389	-22.394403117190777	12803	2663	0	0.036944249999999998
20260909	3156	upward_scan	57.857372163860447	10.519010254653825	17448	3645	0	0.048540416000000003
20260909	3157	uniform_accepted	38.086041110941942	-8.9252205132580471	14836	3074	0	0.043691959000000002
20260909	3157	upward_scan	67.63992232511994	10.666349767791639	21872	4540	0	0.065721041999999993
20260909	3158	uniform_accepted	32.920329009320938	-20.873180339369391	15146	3183	0	0.043600750000000001
20260909	3158	upward_scan	65.028934899316198	15.357792806893956	21305	4441	0	0.061424083999999997
20260909	3159	uniform_accepted	29.547977181120267	-23.036964060788939	12485	2623	0	0.036303042000000001
20260909	3159	upward_scan	69.092422005960174	11.531272150446865	20047	4153	0	0.047299458000000003
20260909	3160	uniform_accepted	40.274211396020448	-7.1366560257006322	17114	3509	0	0.047552792000000003
20260909	3160	upward_scan	76.773328581739705	15.415970276877923	22308	4656	0	0.055848292000000001
20260909	3161	uniform_accepted	31.877911449915509	-22.517706316746757	14437	2959	0	0.040940125000000001
20260909	3161	upward_scan	60.664536026045631	5.9863661836571094	18681	3895	0	0.049638707999999997
20260909	3162	uniform_accepted	42.303376178230913	-13.223003498449463	15768	3298	0	0.04856775
20260909	3162	upward_scan	75.306191459897519	18.609348548295252	25906	5406	0	0.078527666999999995
20260909	3163	uniform_accepted	31.748632397302721	-28.714966829764613	14069	2918	0	0.040674957999999997
20260909	3163	upward_scan	74.892952293894695	19.83740777278037	22591	4705	0	0.063011374999999994
20260909	3164	uniform_accepted	41.305775519512466	-12.98895199396047	15935	3266	0	0.046820959000000002
20260909	3164	upward_scan	65.90607654372856	13.083118612118383	21222	4414	0	0.095693665999999997
20260909	3165	uniform_accepted	31.607895651204636	-18.170681155135053	12060	2551	0	0.068681459
20260909	3165	upward_scan	56.803984833298323	6.015610007775078	17003	3551	0	0.04288525
20260909	3166	uniform_accepted	42.636489885930942	-14.34435094546923	15115	3187	0	0.040292874999999999
20260909	3166	upward_scan	67.374114412751936	10.810093472470671	19007	3967	0	0.047250624999999997
20260909	3167	uniform_accepted	35.741609367097368	-14.003567554283915	16961	3588	0	0.047938292
20260909	3167	upward_scan	57.628787264042316	8.8341597592220058	18497	3870	0	0.052315291
20260909	3168	uniform_accepted	36.030888183186619	-11.218682640868892	16754	3503	0	0.053713749999999998
20260909	3168	upward_scan	68.030623405110447	16.29336865081557	22539	4706	0	0.068026333999999994
20260909	3169	uniform_accepted	35.114523409644555	-19.268003610765359	14076	2961	0	0.04286425
20260909	3169	upward_scan	93.333277542735999	25.795793556966537	30532	6356	0	0.081827374999999994
20260909	3170	uniform_accepted	38.622237933464241	-15.011740950848155	16098	3341	0	0.042765667
20260909	3170	upward_scan	84.220401299510556	24.97297619161353	25952	5397	0	0.075631667
20260909	3171	uniform_accepted	31.789741623060525	-27.239634510068491	16826	3493	0	0.053777625000000003
20260909	3171	upward_scan	70.971485829721686	14.281081559794545	19238	4015	0	0.048789708000000001
20260909	3172	uniform_accepted	38.754217671353061	-23.477504720421777	15496	3218	0	0.045064209000000001
20260909	3172	upward_scan	58.606893947110166	9.2761429981787522	18887	3923	0	0.053005333000000002
20260909	3173	uniform_accepted	42.330237258804232	-3.2825478418144955	16458	3415	0	0.053554540999999997
20260909	3173	upward_scan	66.036506717864754	15.012622190095394	20778	4326	0	0.057365082999999997
20260909	3174	uniform_accepted	30.604313460435847	-18.625988708677262	11553	2375	0	0.032322416999999999
20260909	3174	upward_scan	83.670507187154314	20.747411513396607	25434	5293	0	0.069997792000000003
20260909	3175	uniform_accepted	29.552902016260663	-27.889534219590107	11231	2356	0	0.031949749999999999
20260909	3175	upward_scan	75.689686512402773	18.06670808285828	24374	5082	0	0.066149125000000003
20260909	3176	uniform_accepted	29.479059884466881	-19.308763130751206	13397	2778	0	0.038510625
20260909	3176	upward_scan	64.964028378590953	12.885769346675566	19043	3959	0	0.052669332999999999
20260909	3177	uniform_accepted	35.756674738641586	-18.41250128792527	13003	2704	0	0.034779791999999997
20260909	3177	upward_scan	79.485504704252961	19.555786362334519	23460	4882	0	0.063400333000000003
20260909	3178	uniform_accepted	34.254344739920938	-21.915503636791858	13141	2723	0	0.039109083000000003
20260909	3178	upward_scan	66.736465161663631	14.047612811705028	21131	4395	0	0.061318208999999999
20260909	3179	uniform_accepted	39.887278127724493	-14.197955599941206	15295	3136	0	0.043569958999999998
20260909	3179	upward_scan	65.437155409388225	10.884933689576513	19804	4124	0	0.052563875000000003
20260909	3180	uniform_accepted	35.04198275928097	-17.191450798200737	13632	2807	0	0.037703209000000001
20260909	3180	upward_scan	57.235560111441444	5.8224013651204274	18643	3875	0	0.053177624999999999
20260909	3181	uniform_accepted	28.660890772970909	-19.75639207627388	13583	2837	0	0.040974458999999998
20260909	3181	upward_scan	66.389826741327994	16.151137800484506	19281	4029	0	0.056002999999999997
20260909	3182	uniform_accepted	28.894323042472863	-30.113113971431677	15235	3207	0	0.041986250000000003
20260909	3182	upward_scan	75.179457875854567	18.965982870808698	22301	4623	0	0.065095166999999995
20260909	3183	uniform_accepted	31.43233129059599	-23.442599300038264	13446	2803	0	0.038647916999999997
20260909	3183	upward_scan	83.234700908468412	20.941664247830705	24796	5177	0	0.068384791
20260909	3184	uniform_accepted	35.284888897769036	-14.452841962108192	13986	2951	0	0.036759208000000002
20260909	3184	upward_scan	83.174342128606852	22.912906524330825	25977	5415	0	0.071069416999999996
20260909	3185	uniform_accepted	28.986150037793461	-25.108472835328012	11381	2388	0	0.029809415999999998
20260909	3185	upward_scan	72.122202021308496	13.552361942830181	22678	4732	0	0.062618999999999994
20260909	3186	uniform_accepted	29.927839545239323	-20.235609898874184	13786	2841	0	0.037837750000000003
20260909	3186	upward_scan	56.630815022256016	10.332070910709382	16907	3531	0	0.045793333999999998
20260909	3187	uniform_accepted	38.006590585004346	-12.26263681079992	14528	3012	0	0.041278833000000001
20260909	3187	upward_scan	58.477285887385328	12.179876912224334	18255	3809	0	0.052580624999999999
20260909	3188	uniform_accepted	36.959955164644803	-10.718474485833156	15868	3313	0	0.048870749999999998
20260909	3188	upward_scan	77.553832219479986	18.170353403672852	22651	4721	0	0.059726833999999999
20260909	3189	uniform_accepted	28.275879524071019	-23.832719208119016	11748	2443	0	0.031653000000000001
20260909	3189	upward_scan	75.539347280017921	17.224488552109765	26388	5496	0	0.078285250000000001
20260909	3190	uniform_accepted	34.339260734136744	-20.348008043773628	13906	2906	0	0.037119917000000002
20260909	3190	upward_scan	60.017226912520044	7.371307044971676	20211	4212	0	0.053992499999999999
20260909	3191	uniform_accepted	42.421510582763581	-0.57915229200824658	18381	3852	0	0.053528582999999998
20260909	3191	upward_scan	64.037827572894599	10.881568822368903	19822	4115	0	0.057565875000000002
20260909	3192	uniform_accepted	34.119356010138524	-15.233068703112449	14175	2964	0	0.037486458
20260909	3192	upward_scan	54.790493248668994	9.1379030215756885	17871	3709	0	0.051696499999999999
20260909	3193	uniform_accepted	36.15786979292244	-14.789995541167919	15246	3203	0	0.042600291999999998
20260909	3193	upward_scan	61.940551883707812	11.842883484349054	18267	3805	0	0.047529124999999998
20260909	3194	uniform_accepted	36.223819675828715	-15.514985411635566	13772	2853	0	0.038211750000000003
20260909	3194	upward_scan	76.585983598535236	16.470375304347897	22870	4771	0	0.061130542000000003
20260909	3195	uniform_accepted	23.890728265593065	-32.00101234194765	11143	2340	0	0.032918957999999998
20260909	3195	upward_scan	73.27635429254309	14.207535185606416	23966	4998	0	0.071934082999999996
20260909	3196	uniform_accepted	34.854645269129264	-19.840597362126562	13968	2841	0	0.039523999999999997
20260909	3196	upward_scan	82.32975548728497	23.090486880829655	24898	5200	0	0.069323834000000001
20260909	3197	uniform_accepted	22.592342321600622	-32.481547950923989	15438	3196	0	0.048597874999999999
20260909	3197	upward_scan	73.485415801722169	17.033520813181962	22549	4696	0	0.060706375
20260909	3198	uniform_accepted	34.265561167593184	-16.894547119576796	13974	2915	0	0.037499249999999998
20260909	3198	upward_scan	68.945992620663631	14.493923176107032	21555	4480	0	0.062350292000000002
20260909	3199	uniform_accepted	41.253895586294007	-5.5331803710385143	15816	3252	0	0.043389292000000003
20260909	3199	upward_scan	62.751298403272756	13.417494454943846	19922	4143	0	0.058073582999999998
20260909	3200	uniform_accepted	30.268210522079823	-22.728057376591373	12263	2594	0	0.036818875000000001
20260909	3200	upward_scan	67.955088998435045	16.834642311798202	21594	4508	0	0.067306583000000003
20260909	3201	uniform_accepted	32.418835749730661	-16.072009834163438	12460	2616	0	0.035033957999999997
20260909	3201	upward_scan	71.55300814468734	19.332877754381396	21836	4560	0	0.054735125000000003
20260909	3202	uniform_accepted	32.052289740582133	-17.518464154736396	12876	2647	0	0.036620624999999997
20260909	3202	upward_scan	63.91769216422783	6.6119937296385327	21751	4525	0	0.068452333000000004
20260909	3203	uniform_accepted	36.809846165198266	-15.111874688240821	16339	3435	0	0.053000209
20260909	3203	upward_scan	74.614959934197955	18.2210508688717	22413	4678	0	0.064137458999999994
20260909	3204	uniform_accepted	40.414164015204463	-12.59423510050379	13956	2880	0	0.037759958000000003
20260909	3204	upward_scan	71.534137154026055	15.808504686239665	22003	4574	0	0.058997665999999997
20260909	3205	uniform_accepted	33.372849036395102	-19.660187002554032	13712	2818	0	0.037650000000000003
20260909	3205	upward_scan	73.625167742424338	17.351565117416605	21755	4535	0	0.056643249999999999
20260909	3206	uniform_accepted	26.616277289423827	-21.11060489666	11148	2322	0	0.028572457999999998
20260909	3206	upward_scan	61.479706328879203	9.9961431807183825	17197	3581	0	0.043178208000000003
20260909	3207	uniform_accepted	34.386718892788437	-11.396066101747115	13186	2702	0	0.034738958
20260909	3207	upward_scan	78.061584895386261	19.988762122323301	26502	5521	0	0.076098208000000001
20260909	3208	uniform_accepted	42.879149182732156	-16.501031309329413	17491	3596	0	0.048905625000000001
20260909	3208	upward_scan	56.087644266922972	7.8998694652426886	16831	3522	0	0.047559499999999998
20260909	3209	uniform_accepted	39.527590084905064	-19.189454184861404	16081	3298	0	0.053380875000000001
20260909	3209	upward_scan	60.751990141734872	8.5232748485769303	19399	4033	0	0.062118041999999998
20260909	3210	uniform_accepted	46.496071353778923	-6.4274513414228087	16341	3411	0	0.046343541000000002
20260909	3210	upward_scan	77.005862296135192	19.025779065803725	23444	4895	0	0.064560375000000003
20260909	3211	uniform_accepted	38.608633091973338	-17.770806887819116	15180	3151	0	0.042886208000000002
20260909	3211	upward_scan	63.082287075369621	12.56943692975333	20109	4189	0	0.059186500000000003
20260909	3212	uniform_accepted	36.580399475192223	-15.222756410411375	15023	3104	0	0.046234834000000002
20260909	3212	upward_scan	60.479440151681388	13.275366887566765	18217	3798	0	0.053999917000000001
20260909	3213	uniform_accepted	24.589960424028593	-23.369420805398534	11401	2420	0	0.033320791000000002
20260909	3213	upward_scan	91.71995715206593	23.261722717963035	29876	6226	0	0.084272457999999995
20260909	3214	uniform_accepted	25.01360933911754	-27.956964656145789	11057	2301	0	0.029404541999999999
20260909	3214	upward_scan	54.143127327464519	7.5293359156923536	17122	3573	0	0.046203042
20260909	3215	uniform_accepted	32.198115750822957	-20.01626373084035	14490	2968	0	0.040813584
20260909	3215	upward_scan	70.436384146397515	17.924815677160574	20884	4348	0	0.060378250000000001
20260909	3216	uniform_accepted	21.302487292517036	-38.631471181495712	9924	2075	0	0.026588125000000001
20260909	3216	upward_scan	67.393157919210623	13.175818311952479	19826	4126	0	0.050145666999999998
20260909	3217	uniform_accepted	37.861365614946173	-20.908790313770837	14169	2960	0	0.036445417000000001
20260909	3217	upward_scan	58.101979126615326	10.12873639223301	18999	3949	0	0.054225165999999998
20260909	3218	uniform_accepted	37.154419467140499	-14.624004071087548	12863	2679	0	0.033241959000000001
20260909	3218	upward_scan	49.062890975160002	9.1597700908315254	16541	3470	0	0.049517875000000003
20260909	3219	uniform_accepted	35.789838729407059	-15.572512913526152	13772	2811	0	0.037459458000000001
20260909	3219	upward_scan	62.036442981618961	11.141336249990291	18433	3864	0	0.051014416999999999
20260909	3220	uniform_accepted	38.652006004971874	-16.485164893335348	17324	3526	0	0.050398999999999999
20260909	3220	upward_scan	64.890469065743645	15.670288784533435	20079	4192	0	0.057111833000000001
20260909	3221	uniform_accepted	32.493242372649107	-20.439099057502197	14509	3060	0	0.039177083000000001
20260909	3221	upward_scan	69.792984229798876	17.219735877039657	22315	4641	0	0.064997708000000001
20260909	3222	uniform_accepted	45.613900572092618	-5.7095483782738423	17419	3666	0	0.053783457999999999
20260909	3222	upward_scan	66.813251582768729	11.799528320242684	20205	4210	0	0.056676417
20260909	3223	uniform_accepted	30.827948865387036	-31.552738373673982	13286	2708	0	0.034048707999999997
20260909	3223	upward_scan	67.129583344111182	12.672995148165821	19966	4168	0	0.055754083000000003
20260909	3224	uniform_accepted	36.160982169537192	-19.193876041557299	13675	2856	0	0.035383417
20260909	3224	upward_scan	75.392021578348277	15.762109726928992	23287	4836	0	0.068844875
20260909	3225	uniform_accepted	38.145070428742187	-18.472889663284107	16286	3339	0	0.044204124999999997
20260909	3225	upward_scan	58.273167727331753	5.811438115951514	17883	3725	0	0.049988790999999998
20260909	3226	uniform_accepted	40.75117600671431	-15.519682551340049	16705	3484	0	0.051024458000000002
20260909	3226	upward_scan	62.860212786011928	7.5096316401731507	19370	4048	0	0.047121334000000001
20260909	3227	uniform_accepted	31.285458553626054	-17.090095767217864	11847	2469	0	0.030594041999999998
20260909	3227	upward_scan	68.300435060794172	16.695383409199568	21718	4531	0	0.061850124999999999
20260909	3228	uniform_accepted	36.984450013720249	-13.723337757339507	14683	3028	0	0.040298833999999999
20260909	3228	upward_scan	74.162332674277238	20.184030072664562	22779	4751	0	0.066608792
20260909	3229	uniform_accepted	31.847413962025787	-19.071252248540048	12709	2667	0	0.036276415999999999
20260909	3229	upward_scan	59.801728828360645	11.445134101266014	20653	4308	0	0.061159791999999998
20260909	3230	uniform_accepted	36.159663961032663	-13.975788947509276	13230	2772	0	0.037601000000000002
20260909	3230	upward_scan	72.474377746587521	16.327454298446465	21758	4536	0	0.057287166
20260909	3231	uniform_accepted	31.921141336259836	-15.299483124221595	11240	2325	0	0.030777459
20260909	3231	upward_scan	57.477445914433503	10.108418849487656	18116	3790	0	0.050571584000000003
20260909	3232	uniform_accepted	41.366544635834778	-9.4803943968493254	14704	3053	0	0.047022916999999997
20260909	3232	upward_scan	63.624034499450737	11.098748010706583	18845	3929	0	0.056696083000000001
20260909	3233	uniform_accepted	29.774149170033361	-27.454706013947433	12655	2630	0	0.037771166000000002
20260909	3233	upward_scan	61.593792741354768	13.541512483322425	19363	4036	0	0.053772708000000002
20260909	3234	uniform_accepted	38.260761931784067	-12.543442866248879	15621	3224	0	0.041258707999999998
20260909	3234	upward_scan	69.631040308393551	14.04942321415367	20822	4339	0	0.058411999999999999
20260909	3235	uniform_accepted	36.928791473526836	-10.882072146245619	14593	2998	0	0.041930083
20260909	3235	upward_scan	75.116243633088715	15.21731937117112	24308	5064	0	0.067266208999999993
20260909	3236	uniform_accepted	39.672435505532754	-20.81191888207767	13116	2734	0	0.034828708
20260909	3236	upward_scan	65.59543255837788	10.578778378876128	20926	4356	0	0.056192040999999998
20260909	3237	uniform_accepted	40.620241549933368	-11.971800802905138	13957	2951	0	0.039118874999999997
20260909	3237	upward_scan	63.755432497239127	10.987015529061889	19751	4111	0	0.052201875000000002
20260909	3238	uniform_accepted	32.733765371151271	-21.942855613737514	12354	2589	0	0.029368667000000001
20260909	3238	upward_scan	63.620285445668799	12.169331789753745	17723	3705	0	0.048799707999999997
20260909	3239	uniform_accepted	41.240519093972289	-17.480009923611572	16275	3382	0	0.048418457999999998
20260909	3239	upward_scan	67.112275922814575	13.223854086776695	24227	5047	0	0.076626917000000003
20260909	3240	uniform_accepted	42.1059131945659	-9.0104025159018342	15470	3158	0	0.043837542
20260909	3240	upward_scan	69.827867833932714	14.237413350932533	21474	4471	0	0.057370958
20260909	3241	uniform_accepted	28.817974836517287	-25.596765714275808	11379	2376	0	0.030126208000000002
20260909	3241	upward_scan	78.348321033956637	20.86221352654227	26533	5538	0	0.080389875
20260909	3242	uniform_accepted	28.079159993403216	-20.313647620309499	10330	2177	0	0.027217791000000002
20260909	3242	upward_scan	69.281303170276018	13.892541250443282	21879	4556	0	0.066304958999999997
20260909	3243	uniform_accepted	33.864098757068525	-27.356802929294762	14947	3054	0	0.039608666000000001
20260909	3243	upward_scan	71.517166073704473	14.694285205320091	23005	4781	0	0.063428417000000001
20260909	3244	uniform_accepted	30.654056595976499	-18.259924913553334	11962	2462	0	0.032605666999999998
20260909	3244	upward_scan	60.598269960788038	12.516097549505078	18471	3860	0	0.048745957999999999
20260909	3245	uniform_accepted	29.031576512011881	-19.56496953033562	12680	2618	0	0.035019500000000002
20260909	3245	upward_scan	72.283756383424489	20.756268363350731	22516	4694	0	0.064182624999999993
20260909	3246	uniform_accepted	33.419112857866558	-20.057417408589586	12368	2555	0	0.033546125000000003
20260909	3246	upward_scan	61.64470526698527	10.09879155320569	19492	4055	0	0.060750790999999998
20260909	3247	uniform_accepted	32.458647945531375	-15.268494656648413	14170	2932	0	0.041304582999999999
20260909	3247	upward_scan	60.607515082351618	10.77440703920843	19777	4123	0	0.056573291999999997
20260909	3248	uniform_accepted	35.828792393180983	-23.782964903417763	13859	2879	0	0.037551915999999998
20260909	3248	upward_scan	71.780981197662101	18.23975771079294	21223	4418	0	0.064423833
20260909	3249	uniform_accepted	42.555424330032935	-7.1957536024520419	16501	3406	0	0.046110709
20260909	3249	upward_scan	78.291490301884195	19.527667896481663	25479	5306	0	0.076692834000000001
20260909	3250	uniform_accepted	35.857443604303178	-7.0424230768401506	12659	2604	0	0.036244999999999999
20260909	3250	upward_scan	72.750177964762443	19.063942005953958	24021	4996	0	0.071149415999999993
20260909	3251	uniform_accepted	34.951581402835721	-18.249223636166139	13570	2789	0	0.038026375000000001
20260909	3251	upward_scan	54.761789740388743	6.1599174525075338	17518	3642	0	0.046408334000000002
20260909	3252	uniform_accepted	36.975879863387824	-13.149514725235292	13446	2793	0	0.040516666999999999
20260909	3252	upward_scan	60.913950582216565	9.105429949094102	18492	3849	0	0.049793917
20260909	3253	uniform_accepted	36.771778360423539	-14.656889734148947	14896	3085	0	0.040534417000000003
20260909	3253	upward_scan	49.386133176148434	7.6024302733534048	15071	3134	0	0.039905083000000001
20260909	3254	uniform_accepted	37.962885404849423	-11.94242657073708	14668	3072	0	0.042873500000000002
20260909	3254	upward_scan	80.510063373963661	21.446837576443496	24432	5090	0	0.082054208000000003
20260909	3255	uniform_accepted	33.956976480409374	-19.737283627987878	14276	2984	0	0.054390583999999999
20260909	3255	upward_scan	66.280585517496462	14.05359179678047	20202	4206	0	0.058202125
20260909	3256	uniform_accepted	27.383989957169867	-23.578136764713154	11679	2426	0	0.032224707999999998
20260909	3256	upward_scan	54.759893288356736	9.8940574922505515	16310	3401	0	0.042577249999999997
20260909	3257	uniform_accepted	31.06286778671312	-22.991772247123166	12505	2546	0	0.032020416000000003
20260909	3257	upward_scan	62.716064387601897	11.512271687812419	18985	3953	0	0.052849541999999999
20260909	3258	uniform_accepted	32.878092279697725	-17.745633133781851	14179	2951	0	0.039456041999999997
20260909	3258	upward_scan	73.364485757245603	17.038763496979065	22598	4713	0	0.063099125000000006
20260909	3259	uniform_accepted	31.180736287893815	-22.226968490911638	16072	3341	0	0.045972417000000002
20260909	3259	upward_scan	73.852523581907221	16.098120847957581	22331	4659	0	0.063497666999999994
20260909	3260	uniform_accepted	21.795902499622777	-36.60812741711986	10437	2149	0	0.029498416999999999
20260909	3260	upward_scan	60.155815163114632	11.856756538726604	20134	4193	0	0.062211542000000002
20260909	3261	uniform_accepted	36.936192876256023	-21.27939263354185	14503	3007	0	0.039023500000000003
20260909	3261	upward_scan	82.931683730975095	20.752125249387142	24906	5201	0	0.069041249999999998
20260909	3262	uniform_accepted	23.659432718395973	-30.264520303205401	10622	2257	0	0.024406250000000001
20260909	3262	upward_scan	65.718466724648223	13.235062504562146	21165	4413	0	0.061897374999999998
20260909	3263	uniform_accepted	35.062361399774908	-22.591634881296628	16555	3392	0	0.050659875
20260909	3263	upward_scan	52.832406036138252	3.6618986924641566	17328	3610	0	0.049051042000000003
20260909	3264	uniform_accepted	30.386538400135375	-24.638317854786319	13568	2810	0	0.039836292000000002
20260909	3264	upward_scan	79.806878003987038	20.036716898333573	25272	5257	0	0.072546834000000004
20260909	3265	uniform_accepted	23.353637926508057	-29.841457184870084	11521	2410	0	0.029473458000000001
20260909	3265	upward_scan	63.903113732769803	9.0665243492977066	19755	4098	0	0.051865333999999999
20260909	3266	uniform_accepted	40.609129174461977	-8.0639598763647484	15200	3179	0	0.043648209
20260909	3266	upward_scan	70.085189076189096	15.213226477458301	20928	4370	0	0.062323249999999997
20260909	3267	uniform_accepted	29.240128632780046	-22.589237803917033	12534	2611	0	0.036230832999999997
20260909	3267	upward_scan	72.052114822965351	20.067207697374315	23360	4854	0	0.067046916999999998
20260909	3268	uniform_accepted	36.415253607396608	-8.0994522190100238	14918	3115	0	0.043390584000000003
20260909	3268	upward_scan	69.814274794812377	14.130863239497398	21260	4429	0	0.054965374999999997
20260909	3269	uniform_accepted	25.383059819982321	-27.804117399200479	13605	2863	0	0.041545709
20260909	3269	upward_scan	68.899709322612878	18.155965589211181	22721	4731	0	0.067039540999999994
20260909	3270	uniform_accepted	36.146358851544392	-20.292845443482602	13916	2871	0	0.038865583000000002
20260909	3270	upward_scan	54.291793742364177	8.4718228216403055	16724	3493	0	0.045779750000000001
20260909	3271	uniform_accepted	30.25608324064234	-20.776854912775637	14390	2962	0	0.039769917000000002
20260909	3271	upward_scan	67.87009850556521	16.006986127237443	20834	4337	0	0.061309541000000002
20260909	3272	uniform_accepted	29.970829548406126	-29.536741641106946	13779	2876	0	0.039604291
20260909	3272	upward_scan	82.586657706501015	18.995778464936095	24426	5092	0	0.064776249999999994
20260909	3273	uniform_accepted	21.9147449976196	-27.758087279936547	11288	2363	0	0.031071542000000001
20260909	3273	upward_scan	67.619603252979829	15.592939228795709	21340	4444	0	0.060371542
20260909	3274	uniform_accepted	40.067966215954726	-5.5191458089953329	18043	3733	0	0.053665207999999999
20260909	3274	upward_scan	63.410778753686664	12.773702756842971	20222	4212	0	0.055360540999999999
20260909	3275	uniform_accepted	37.942604213524724	-12.417744432054043	13043	2701	0	0.034704458000000001
20260909	3275	upward_scan	81.625147886727774	21.083053678789021	26828	5577	0	0.082359165999999998
20260909	3276	uniform_accepted	41.83998339941872	-12.223428837517485	16217	3378	0	0.040399999999999998
20260909	3276	upward_scan	89.109810394158913	23.685121205254038	28276	5884	0	0.085572291999999994
20260909	3277	uniform_accepted	35.610031914396302	-10.676191812922736	14068	2886	0	0.038588666000000001
20260909	3277	upward_scan	62.108639059497527	14.093627175361878	17671	3686	0	0.047394959
20260909	3278	uniform_accepted	27.650603823074594	-22.606713436649478	12992	2692	0	0.037004000000000002
20260909	3278	upward_scan	65.836885394976719	12.988653232536516	22221	4622	0	0.074484499999999995
20260909	3279	uniform_accepted	20.431510828921621	-36.157306113780585	10949	2285	0	0.033871334000000003
20260909	3279	upward_scan	59.609978601886333	11.095939964346897	18590	3887	0	0.057735459000000003
20260909	3280	uniform_accepted	27.491029094312932	-24.616959033910227	12571	2596	0	0.035633875000000002
20260909	3280	upward_scan	69.43365185164663	12.518053417987161	21881	4547	0	0.056981416999999999
20260909	3281	uniform_accepted	33.395095792297759	-14.322677958760755	16162	3398	0	0.046480374999999997
20260909	3281	upward_scan	64.51259202272864	12.625330413005631	20037	4173	0	0.054666458000000001
20260909	3282	uniform_accepted	31.24794076757156	-21.227121675723161	13096	2744	0	0.037245250000000001
20260909	3282	upward_scan	66.743998824335293	10.146354958339643	19713	4113	0	0.05703275
20260909	3283	uniform_accepted	34.42118991531477	-21.929595319116871	14215	2938	0	0.038841417000000003
20260909	3283	upward_scan	68.248876194883607	16.411488513566727	22440	4677	0	0.063379541999999997
20260909	3284	uniform_accepted	37.063033189804585	-17.515377106271757	14521	3001	0	0.038606083999999999
20260909	3284	upward_scan	56.483608505119548	12.414300599154878	17223	3598	0	0.046579708999999997
20260909	3285	uniform_accepted	41.185485332699862	-12.616602069208259	15113	3168	0	0.045059874999999999
20260909	3285	upward_scan	64.366953307923197	12.009094178020996	18069	3771	0	0.046036167000000003
20260909	3286	uniform_accepted	33.706799437150849	-15.050790176550331	11670	2440	0	0.031299500000000001
20260909	3286	upward_scan	80.417629353600759	18.559125274233203	26830	5584	0	0.080565125000000001
20260909	3287	uniform_accepted	29.759763052399503	-19.564093649926694	14160	2931	0	0.040531834000000003
20260909	3287	upward_scan	77.812380763674412	15.675465285485798	25596	5337	0	0.073221542000000001
20260909	3288	uniform_accepted	36.854378626887907	-12.293079385927717	13487	2774	0	0.040368916999999997
20260909	3288	upward_scan	62.594323619520381	14.416207133796149	17785	3718	0	0.048463040999999998
20260909	3289	uniform_accepted	40.212960527354625	-9.3210494186432147	15582	3202	0	0.042696834000000003
20260909	3289	upward_scan	48.602634453659945	4.63421851108449	14326	2984	0	0.037479125000000002
20260909	3290	uniform_accepted	37.706435059300738	-16.186262220877136	13591	2815	0	0.039040875000000003
20260909	3290	upward_scan	56.173687549706621	6.2557559728611389	17676	3689	0	0.045417249999999999
20260909	3291	uniform_accepted	31.647030387708195	-13.33904879637668	12995	2699	0	0.036650207999999997
20260909	3291	upward_scan	60.476215080549913	7.7743976939113555	18501	3869	0	0.052796457999999998
20260909	3292	uniform_accepted	48.104041964273911	-7.9327970585197782	15178	3144	0	0.043978708999999998
20260909	3292	upward_scan	75.836913186678956	19.479204984856473	24375	5084	0	0.068303457999999997
20260909	3293	uniform_accepted	39.601891164027961	-11.60351677683305	14965	3128	0	0.042434624999999997
20260909	3293	upward_scan	61.758534643246442	15.316964010186281	19234	4014	0	0.054231583
20260909	3294	uniform_accepted	38.024965274447716	-10.840139235253652	13914	2900	0	0.039838375000000002
20260909	3294	upward_scan	59.233006504917768	7.3539166866541663	17753	3706	0	0.049892166000000002
20260909	3295	uniform_accepted	34.262970506732088	-19.2404469090365	15955	3269	0	0.043449082999999999
20260909	3295	upward_scan	65.896206036523537	10.796860537823932	22946	4779	0	0.067186750000000003
20260909	3296	uniform_accepted	35.54184276955101	-16.577092319290983	14901	3096	0	0.042925584000000003
20260909	3296	upward_scan	63.06908304229524	12.721591530982995	19583	4088	0	0.049560416000000003
20260909	3297	uniform_accepted	42.74559996116875	-7.5097378039366678	17553	3656	0	0.049173209000000002
20260909	3297	upward_scan	63.443371785741384	14.42770364621399	18752	3914	0	0.048591041000000001
20260909	3298	uniform_accepted	40.681408535417866	-16.122328396620823	14921	3092	0	0.038989415999999999
20260909	3298	upward_scan	74.489254313426343	14.530721309953089	24249	5053	0	0.065020416999999997
20260909	3299	uniform_accepted	35.508175811265673	-16.557921989207451	13670	2859	0	0.040357875000000001
20260909	3299	upward_scan	79.183889994726925	17.571045373325727	26222	5448	0	0.080635042000000004
20260909	3300	uniform_accepted	38.074201204379008	-12.070620094568616	15247	3189	0	0.042553333999999998
20260909	3300	upward_scan	51.668652737528255	7.7062445700760627	16248	3388	0	0.047613750000000003
20260909	3301	uniform_accepted	29.646058664431518	-24.011310837620449	11425	2399	0	0.032827666999999998
20260909	3301	upward_scan	62.880478409825002	13.032458546024484	19991	4165	0	0.061335415999999997
20260909	3302	uniform_accepted	33.421001191227894	-13.791746673210252	12747	2643	0	0.038413333000000001
20260909	3302	upward_scan	70.256471578908275	15.508587808077779	22326	4646	0	0.061751708000000002
20260909	3303	uniform_accepted	34.736552476236731	-21.293723179886722	13853	2846	0	0.032797874999999997
20260909	3303	upward_scan	56.333468477021256	7.5474788080549917	17955	3747	0	0.052003374999999998
20260909	3304	uniform_accepted	26.296037316622844	-23.452322787007944	12987	2747	0	0.036923125000000001
20260909	3304	upward_scan	58.134835413434693	4.4758336614808885	19638	4091	0	0.058908665999999998
20260909	3305	uniform_accepted	35.444221993357864	-10.342008724585812	13877	2893	0	0.036586124999999997
20260909	3305	upward_scan	52.996879926072211	10.690228606992839	16678	3480	0	0.048484583999999997
20260909	3306	uniform_accepted	32.773433480980195	-21.484223134021825	15853	3309	0	0.043740124999999998
20260909	3306	upward_scan	68.453229031264982	16.48812915050576	19902	4145	0	0.051172542000000001
20260909	3307	uniform_accepted	38.961881295574543	-19.862151357917245	12622	2652	0	0.033596374999999998
20260909	3307	upward_scan	65.405578077819158	15.630857354764133	22660	4727	0	0.067008499999999999
20260909	3308	uniform_accepted	32.639913253267565	-16.241725695427949	14179	2937	0	0.038214208
20260909	3308	upward_scan	82.695594905308354	20.395174298092943	26175	5448	0	0.070618792
20260909	3309	uniform_accepted	31.19655480329844	-16.322020106522643	13629	2871	0	0.036710083999999997
20260909	3309	upward_scan	63.997960019345022	10.552589536961426	19979	4158	0	0.052061707999999998
20260909	3310	uniform_accepted	20.759110355411664	-33.143796847488957	12179	2521	0	0.033739333000000003
20260909	3310	upward_scan	70.372677746992693	17.191932906010813	21146	4403	0	0.058745499999999999
20260909	3311	uniform_accepted	36.662183217122454	-10.452437207475784	14705	3073	0	0.041514916999999998
20260909	3311	upward_scan	76.822935380081375	17.182760707110674	24220	5035	0	0.065676834000000003
20260909	3312	uniform_accepted	37.842865454611157	-12.072435318894854	17073	3550	0	0.048237916999999998
20260909	3312	upward_scan	51.830984097658927	3.2449616438761644	15799	3303	0	0.047819874999999998
20260909	3313	uniform_accepted	42.716770050096805	-8.7686897373153432	14501	3009	0	0.044674166000000001
20260909	3313	upward_scan	58.939542008689145	8.1376316373302764	17982	3753	0	0.046284458000000001
20260909	3314	uniform_accepted	32.61662125887517	-20.979677011694903	12514	2545	0	0.033825833
20260909	3314	upward_scan	68.347251496577059	16.601179782708922	21844	4548	0	0.066563791999999997
20260909	3315	uniform_accepted	28.421151971787165	-19.982262030867691	14409	2934	0	0.041245333000000002
20260909	3315	upward_scan	69.666424963826259	14.919272982164632	22198	4623	0	0.070912166999999998
20260909	3316	uniform_accepted	24.868744312878913	-22.483282102989961	12159	2610	0	0.036665042000000002
20260909	3316	upward_scan	50.226335639774177	7.1579341902265776	16661	3487	0	0.045895917000000001
20260909	3317	uniform_accepted	32.91726439511303	-21.181300563090719	12037	2507	0	0.031926625
20260909	3317	upward_scan	55.284457796858042	7.6851673605744502	16568	3453	0	0.042777875
20260909	3318	uniform_accepted	32.194854693473616	-25.290242651701739	13316	2727	0	0.037158249999999997
20260909	3318	upward_scan	77.956098077049447	17.77286268979368	22280	4642	0	0.060663166999999997
20260909	3319	uniform_accepted	36.249921799307629	-12.41832340122901	13839	2889	0	0.037214290999999997
20260909	3319	upward_scan	57.595543367795798	7.2642800634464493	17782	3705	0	0.052090999999999998
20260909	3320	uniform_accepted	37.436480023452702	-9.388855187478816	14076	2927	0	0.039568541999999998
20260909	3320	upward_scan	70.582706422788576	18.659005454981344	24707	5143	0	0.074309042000000006
20260909	3321	uniform_accepted	25.232191301124473	-30.169960389411099	11213	2332	0	0.030253665999999999
20260909	3321	upward_scan	63.640855284459207	13.12878598046138	20063	4181	0	0.060668291999999999
20260909	3322	uniform_accepted	34.991508378974679	-14.188772147309807	14250	2983	0	0.042554000000000002
20260909	3322	upward_scan	64.108981412324994	8.3863218625782547	19402	4058	0	0.050649624999999997
20260909	3323	uniform_accepted	39.170926087780835	-10.713151723365549	14426	2994	0	0.041358791999999998
20260909	3323	upward_scan	55.426819923143569	8.547373452141203	19123	3994	0	0.059348959
20260909	3324	uniform_accepted	26.240056096758291	-24.980915308566463	11332	2354	0	0.028814291999999998
20260909	3324	upward_scan	59.897468835264618	10.124234395517817	21134	4395	0	0.067101250000000001
20260909	3325	uniform_accepted	30.047274979340578	-19.540197093712859	14466	2996	0	0.045549625000000003
20260909	3325	upward_scan	62.415098970166014	13.096524589255056	19576	4085	0	0.053257040999999998
20260909	3326	uniform_accepted	35.637271382217691	-14.069001749457097	14292	3019	0	0.041008375
20260909	3326	upward_scan	68.512456212988695	9.9712121275756349	22027	4594	0	0.061647959000000002
20260909	3327	uniform_accepted	42.48832187158655	-8.43816151399351	16831	3546	0	0.054542750000000001
20260909	3327	upward_scan	73.355990452076725	17.251461632717245	23391	4867	0	0.064416291000000001
20260909	3328	uniform_accepted	36.204861500346595	-10.860372835600966	15256	3119	0	0.044254500000000002
20260909	3328	upward_scan	70.426118171188662	18.483561823173631	21219	4438	0	0.059493292000000003
20260909	3329	uniform_accepted	27.320594808579813	-20.257172843834535	13274	2828	0	0.037807708000000002
20260909	3329	upward_scan	64.860125678297507	14.970328074695667	21100	4395	0	0.063470582999999997
20260909	3330	uniform_accepted	32.243450928203046	-22.375693376026465	12649	2640	0	0.033332291999999999
20260909	3330	upward_scan	80.923798673816364	19.776080703525452	24263	5041	0	0.065503458000000001
20260909	3331	uniform_accepted	33.239066258177061	-10.625727443814553	16991	3570	0	0.049255
20260909	3331	upward_scan	61.630539872825587	14.011672319009543	21082	4400	0	0.063742332999999998
20260909	3332	uniform_accepted	54.671292383625058	-1.8329320961948892	17539	3635	0	0.051631083000000001
20260909	3332	upward_scan	71.106492572014005	15.159404635723398	21675	4528	0	0.059319542000000003
20260909	3333	uniform_accepted	24.350950162099966	-34.950598362062323	13341	2697	0	0.035093625000000003
20260909	3333	upward_scan	55.328413803279936	5.9090921623347601	18262	3796	0	0.047375832999999999
20260909	3334	uniform_accepted	39.32772822657617	-6.9739869689998981	16369	3447	0	0.045610042000000003
20260909	3334	upward_scan	81.150631282384467	21.3038054135423	23805	4963	0	0.064380292000000006
20260909	3335	uniform_accepted	32.544560449371886	-22.28250175880904	12388	2605	0	0.036162959000000001
20260909	3335	upward_scan	74.665054998768483	18.285137380117366	23157	4831	0	0.067128999999999994
20260909	3336	uniform_accepted	43.991203583253174	-5.6761122006031899	16684	3453	0	0.047074417
20260909	3336	upward_scan	54.21104289432467	9.6611262547281438	15539	3245	0	0.041733082999999997
20260909	3337	uniform_accepted	34.846302429796545	-22.658415528456086	14009	2923	0	0.039235625000000003
20260909	3337	upward_scan	80.366001877477672	21.772411371028049	24944	5204	0	0.063769332999999997
20260909	3338	uniform_accepted	31.307186662586936	-16.707059201471282	12973	2710	0	0.039000082999999998
20260909	3338	upward_scan	58.487112345578808	9.5053308054760528	20338	4235	0	0.057787208
20260909	3339	uniform_accepted	34.829094904541478	-21.151521734819422	13407	2790	0	0.039444959000000002
20260909	3339	upward_scan	62.353321539797335	11.436965811855707	19549	4082	0	0.057905667000000001
20260909	3340	uniform_accepted	29.574320382221767	-20.428942041382619	13139	2735	0	0.034115582999999998
20260909	3340	upward_scan	58.093851676158856	12.478213785964753	20413	4253	0	0.06115375
20260909	3341	uniform_accepted	37.999487583510174	-27.395261443009847	16047	3276	0	0.043512957999999997
20260909	3341	upward_scan	65.848356096504986	12.185286362881538	20811	4329	0	0.058366332999999999
20260909	3342	uniform_accepted	31.562387445924347	-20.889819547079483	12473	2600	0	0.032584000000000002
20260909	3342	upward_scan	68.709588697866195	12.082216940945562	21943	4560	0	0.060958709
20260909	3343	uniform_accepted	29.951084686761181	-24.409743193806062	11728	2476	0	0.030611790999999999
20260909	3343	upward_scan	65.794656980071935	16.410804261174086	20781	4342	0	0.055885916000000001
20260909	3344	uniform_accepted	23.480599251892922	-30.969770663202659	10504	2206	0	0.031008000000000001
20260909	3344	upward_scan	65.100253686840261	12.110676456569784	21271	4439	0	0.064537041000000003
20260909	3345	uniform_accepted	40.748918646913367	-13.890084338699848	15295	3211	0	0.043378874999999997
20260909	3345	upward_scan	63.517985406392597	12.76884812893095	18977	3965	0	0.060360292000000003
20260909	3346	uniform_accepted	32.486686992149686	-19.418045145715567	13969	2886	0	0.040006083999999997
20260909	3346	upward_scan	66.638768829411291	13.749110719372373	22718	4724	0	0.069889291000000006
20260909	3347	uniform_accepted	28.265998798668008	-25.006155525317389	12854	2675	0	0.033361333
20260909	3347	upward_scan	60.325804178411303	13.643037940467551	17781	3717	0	0.050041584
20260909	3348	uniform_accepted	27.761714805618951	-21.669499859287978	13344	2738	0	0.035694957999999999
20260909	3348	upward_scan	67.496233383167223	13.508006661601039	22238	4637	0	0.067110458999999997
20260909	3349	uniform_accepted	29.880473966438313	-24.629742484498845	11772	2418	0	0.033704291999999997
20260909	3349	upward_scan	67.264687152964058	14.696661014118957	20896	4336	0	0.057765166999999999
20260909	3350	uniform_accepted	38.138133994164285	-8.455174773230862	13647	2822	0	0.038008
20260909	3350	upward_scan	69.368869153062036	12.772711296511584	21756	4515	0	0.066854333000000002
20260909	3351	uniform_accepted	40.263778019307679	-9.4352130882294087	14404	2990	0	0.046815166999999998
20260909	3351	upward_scan	74.141540169459176	18.715758146832755	22235	4620	0	0.061496459000000003
20260909	3352	uniform_accepted	30.599059071016438	-24.868305928674143	13288	2782	0	0.035280040999999998
20260909	3352	upward_scan	64.895610159672046	9.8684152570839334	19459	4066	0	0.054550374999999998
20260909	3353	uniform_accepted	34.025106529643409	-19.265621283197785	15327	3153	0	0.041068583999999998
20260909	3353	upward_scan	73.146488575964682	15.893844665250066	21937	4570	0	0.055965417000000003
20260909	3354	uniform_accepted	34.590489329875545	-14.793117103670362	14881	3146	0	0.043122041
20260909	3354	upward_scan	60.348331406421082	9.4900290586405713	18892	3946	0	0.051262624999999999
20260909	3355	uniform_accepted	36.408166156259185	-10.059587806134179	14108	2924	0	0.039421583000000003
20260909	3355	upward_scan	80.875136191894256	20.496886572594736	23215	4830	0	0.063961833999999995
20260909	3356	uniform_accepted	27.331355106469211	-21.513177068787488	14387	2990	0	0.043522167
20260909	3356	upward_scan	58.103094722936405	9.1472439944863986	18319	3808	0	0.051351833
20260909	3357	uniform_accepted	30.356527382132846	-26.97337991927024	13373	2759	0	0.035417290999999997
20260909	3357	upward_scan	67.531244961883786	17.207522510969991	22009	4582	0	0.062256167000000001
20260909	3358	uniform_accepted	35.642986159986947	-8.3538267857505204	14274	2974	0	0.041707666999999997
20260909	3358	upward_scan	68.65897606810293	16.958639043831649	19898	4146	0	0.055189291000000001
20260909	3359	uniform_accepted	37.797433990862721	-16.054536976868388	14552	2996	0	0.040481125
20260909	3359	upward_scan	67.538311424821686	17.175981080221263	21939	4568	0	0.058682584000000003
20260909	3360	uniform_accepted	34.112273699974885	-17.024443379386664	14496	2980	0	0.042135708000000001
20260909	3360	upward_scan	70.534725085439661	16.010321980045941	19981	4162	0	0.052112167000000001
20260909	3361	uniform_accepted	32.726775939398394	-19.367853813299003	13556	2832	0	0.040548124999999997
20260909	3361	upward_scan	83.736076372341273	21.716948705229505	26454	5513	0	0.077948540999999996
20260909	3362	uniform_accepted	31.411489782379043	-17.388354876406446	13000	2714	0	0.040838125000000003
20260909	3362	upward_scan	65.526782105042173	15.318884104409369	20762	4338	0	0.057852250000000001
20260909	3363	uniform_accepted	38.403702871912763	-17.937908929332192	13045	2693	0	0.032507750000000002
20260909	3363	upward_scan	87.711258241842742	21.688787092049612	29009	6032	0	0.090032874999999998
20260909	3364	uniform_accepted	23.870661625280235	-25.202526089311053	12839	2654	0	0.039711875000000001
20260909	3364	upward_scan	64.017537373336793	9.8301708638981928	20550	4284	0	0.064922459000000002
20260909	3365	uniform_accepted	38.268892687851817	-15.196100151130221	13287	2765	0	0.033698291999999998
20260909	3365	upward_scan	55.305243767575092	4.9260503176177304	18533	3864	0	0.054485791999999998
20260909	3366	uniform_accepted	30.739476389755556	-16.496389738530926	12803	2627	0	0.037377874999999998
20260909	3366	upward_scan	57.029296895883142	5.3571557810711203	17625	3676	0	0.055738834000000001
20260909	3367	uniform_accepted	32.521972304864185	-17.224694153342558	15523	3213	0	0.044131249999999997
20260909	3367	upward_scan	57.086461326270815	10.46511864427508	16077	3347	0	0.041181666999999998
20260909	3368	uniform_accepted	23.478938133135212	-30.868838897579348	10234	2151	0	0.029441042000000001
20260909	3368	upward_scan	67.486424821775501	16.173335176933971	21532	4489	0	0.058787625000000003
20260909	3369	uniform_accepted	33.26353217455415	-17.232811417601187	14175	2970	0	0.035087458000000002
20260909	3369	upward_scan	80.075754862807059	20.634324826298549	22181	4631	0	0.058393124999999997
20260909	3370	uniform_accepted	38.579315912677345	-13.331865669931965	13253	2733	0	0.034655708
20260909	3370	upward_scan	61.177780433856775	9.521917427585711	18160	3788	0	0.049073625000000003
20260909	3371	uniform_accepted	41.114165069215339	-10.486878846671376	14575	3086	0	0.042742457999999997
20260909	3371	upward_scan	50.739578475913369	5.3686020485536687	14796	3093	0	0.039010541000000003
20260909	3372	uniform_accepted	27.314998850344875	-22.668712916083546	11871	2424	0	0.032169375
20260909	3372	upward_scan	68.978581314366309	14.3099538479747	20490	4278	0	0.055821334
20260909	3373	uniform_accepted	35.724132035876885	-15.794545313807884	16855	3434	0	0.048924416999999998
20260909	3373	upward_scan	75.750012865674364	22.649550281737319	23748	4949	0	0.066775374999999998
20260909	3374	uniform_accepted	32.699110576838542	-17.909210389617432	14925	3094	0	0.040902500000000001
20260909	3374	upward_scan	77.682701751452058	15.296904629833515	24128	5028	0	0.061765
20260909	3375	uniform_accepted	32.118212517517946	-23.845786329245257	14672	3015	0	0.037739958999999997
20260909	3375	upward_scan	59.717429346580914	4.5621137691297866	17559	3652	0	0.049872040999999999
20260909	3376	uniform_accepted	38.97445968600875	-17.346306708917293	14372	2997	0	0.0409285
20260909	3376	upward_scan	75.672651842067339	19.738549840500411	23057	4794	0	0.061731583
20260909	3377	uniform_accepted	33.989147561741817	-20.28839314020215	14541	2996	0	0.041128708
20260909	3377	upward_scan	65.483833003164449	11.255738116122854	21355	4458	0	0.058403207999999998
20260909	3378	uniform_accepted	31.640421089286001	-18.810160216407759	12484	2574	0	0.032953083000000001
20260909	3378	upward_scan	67.99993168235055	15.347207357912644	20768	4330	0	0.055711792000000003
20260909	3379	uniform_accepted	36.138992777364763	-17.514309596580514	14602	2996	0	0.041680834
20260909	3379	upward_scan	66.565065628990126	13.146073139594192	21751	4533	0	0.063433832999999995
20260909	3380	uniform_accepted	30.478739343131391	-14.951481903861339	11529	2461	0	0.03043775
20260909	3380	upward_scan	77.283909623516578	21.007019446191187	24644	5137	0	0.070785209000000002
20260909	3381	uniform_accepted	38.414488782970082	-14.894454997706369	15007	3125	0	0.041789874999999997
20260909	3381	upward_scan	65.825064480135936	11.402918149142506	20474	4265	0	0.062539625000000001
20260909	3382	uniform_accepted	30.295595706369632	-27.132674227537279	13923	2871	0	0.038608875000000001
20260909	3382	upward_scan	87.147441019730707	22.273614316239463	30189	6279	0	0.080233833000000004
20260909	3383	uniform_accepted	31.775341124071939	-25.676862800871106	14391	3004	0	0.040267166
20260909	3383	upward_scan	72.5477566904827	16.602407632091282	21188	4408	0	0.058494667
20260909	3384	uniform_accepted	30.113989893311558	-28.737803859159314	13725	2778	0	0.041090833
20260909	3384	upward_scan	68.800311638418677	19.323054662047007	23012	4782	0	0.064649583999999996
20260909	3385	uniform_accepted	31.882694786388942	-13.39977502753864	12423	2569	0	0.034206874999999998
20260909	3385	upward_scan	80.276882054822536	23.176015467496995	24165	5030	0	0.065714707999999997
20260909	3386	uniform_accepted	43.516488953178026	-5.4275226766978593	16500	3394	0	0.045150500000000003
20260909	3386	upward_scan	65.021113454388868	17.016676699983183	19688	4107	0	0.049328707999999999
20260909	3387	uniform_accepted	33.221599097135268	-17.490571108017523	13419	2861	0	0.035856291999999998
20260909	3387	upward_scan	69.633738115791076	14.983468383026334	20407	4232	0	0.056060332999999997
20260909	3388	uniform_accepted	34.389190635048998	-19.869188954336266	13605	2803	0	0.039036750000000002
20260909	3388	upward_scan	68.671914976171038	15.020068536797803	20356	4249	0	0.057922709000000003
20260909	3389	uniform_accepted	46.312709728009374	-9.5068515469522943	17664	3747	0	0.056721542
20260909	3389	upward_scan	67.409818590871893	17.089591813918311	20841	4333	0	0.055449249999999999
20260909	3390	uniform_accepted	30.672361665543516	-18.257699486366967	13865	2948	0	0.037037959000000002
20260909	3390	upward_scan	69.175981069673142	14.49888726627305	20061	4167	0	0.050939625000000002
20260909	3391	uniform_accepted	27.447768881474286	-24.575398501975112	11848	2447	0	0.031743791
20260909	3391	upward_scan	58.197647283295794	13.377450915478727	17855	3727	0	0.045477958999999998
20260909	3392	uniform_accepted	26.605154110012364	-21.065344615488332	14313	2882	0	0.037372792000000002
20260909	3392	upward_scan	63.415519569158789	13.91166485519685	19872	4136	0	0.057428874999999997
20260909	3393	uniform_accepted	41.15367299507718	-9.2109432589838569	15512	3262	0	0.046797875000000003
20260909	3393	upward_scan	77.709405628428186	17.816748850138598	23238	4839	0	0.060664916999999999
20260909	3394	uniform_accepted	30.60955177910472	-30.852266255952308	12459	2544	0	0.037205250000000002
20260909	3394	upward_scan	82.555338774940836	24.349221401593276	24789	5167	0	0.070307750000000002
20260909	3395	uniform_accepted	38.315047411234943	-12.950720897471598	14776	3080	0	0.044263375000000001
20260909	3395	upward_scan	70.856129508991756	17.282710418790387	21848	4563	0	0.066596666999999998
20260909	3396	uniform_accepted	26.965152345632049	-23.836537552610714	14554	3041	0	0.038076625000000003
20260909	3396	upward_scan	60.540883368236379	12.036472467149659	17384	3637	0	0.051926
20260909	3397	uniform_accepted	29.78256539197027	-22.998827030212517	14251	2977	0	0.041691209
20260909	3397	upward_scan	58.388013342195144	11.168258273068407	18155	3795	0	0.049834999999999997
20260909	3398	uniform_accepted	27.617303544157089	-24.443333814797469	11652	2441	0	0.033537499999999998
20260909	3398	upward_scan	66.030740297317081	15.591684566135376	19527	4082	0	0.051172374999999999
20260909	3399	uniform_accepted	36.028205796826846	-13.5010203282504	14006	2884	0	0.036311250000000003
20260909	3399	upward_scan	71.395314172935372	11.823069292222026	23674	4931	0	0.072927624999999996
20260909	3400	uniform_accepted	40.627037067224201	-15.188629166253586	14766	3057	0	0.039384875
20260909	3400	upward_scan	75.781217941724776	17.62996138576003	23399	4872	0	0.065535041000000002
20260909	3401	uniform_accepted	36.412810056797127	-15.138463514197703	17361	3549	0	0.047997708
20260909	3401	upward_scan	64.105675629527752	12.87811160705675	18625	3882	0	0.047474666999999998
20260909	3402	uniform_accepted	38.216859369996904	-8.754540434821191	14715	3084	0	0.043287166000000002
20260909	3402	upward_scan	68.288224170357211	11.264234367197107	22899	4770	0	0.061389582999999998
20260909	3403	uniform_accepted	36.495367879851415	-23.498226047325392	13924	2894	0	0.033936916999999997
20260909	3403	upward_scan	74.071375891868698	19.49429831063209	23606	4902	0	0.066625500000000004
20260909	3404	uniform_accepted	28.725333662558747	-21.898409020302356	14915	3147	0	0.044510208000000002
20260909	3404	upward_scan	70.642931690636303	19.758698571549658	21743	4543	0	0.058153499999999997
20260909	3405	uniform_accepted	33.173296416004213	-16.432633800808638	13802	2834	0	0.039642042000000002
20260909	3405	upward_scan	61.69433895808659	12.785615311672096	20534	4284	0	0.066807208000000007
20260909	3406	uniform_accepted	45.447064048420003	-8.5035179985081424	16121	3380	0	0.046069499999999999
20260909	3406	upward_scan	63.705796422125559	10.07273556786344	20603	4285	0	0.062086542000000002
20260909	3407	uniform_accepted	30.195706778425269	-21.052104923379655	12241	2574	0	0.035268165999999997
20260909	3407	upward_scan	52.965240591669435	8.3261709521015579	16957	3531	0	0.048352125000000003
20260909	3408	uniform_accepted	28.707115266822495	-25.081295502823142	12464	2616	0	0.034722999999999997
20260909	3408	upward_scan	58.45142200776138	9.0717828848688633	18389	3831	0	0.049904875000000001
20260909	3409	uniform_accepted	39.597507176700674	-16.748897999086235	14894	3088	0	0.045494166000000003
20260909	3409	upward_scan	79.220094791133704	17.287255702206988	24050	5025	0	0.069939333000000006
20260909	3410	uniform_accepted	38.5118756837429	-11.790268560209789	16662	3447	0	0.047709833
20260909	3410	upward_scan	65.180007846942047	13.184613680749697	19926	4140	0	0.058716875000000002
20260909	3411	uniform_accepted	50.97592808428211	-6.7397465479118406	18509	3873	0	0.052455208000000003
20260909	3411	upward_scan	73.85176337735308	18.567450763779764	24364	5075	0	0.071221916999999996
20260909	3412	uniform_accepted	33.370970781517968	-23.02413109562313	13785	2868	0	0.039806332999999999
20260909	3412	upward_scan	73.702158862248723	22.718809126457668	22214	4629	0	0.059736167
20260909	3413	uniform_accepted	22.898786443049445	-35.632498120237344	14030	2881	0	0.041598625
20260909	3413	upward_scan	69.725060722888159	13.871763184289128	21337	4451	0	0.066416417000000005
20260909	3414	uniform_accepted	37.022808415288083	-13.847124205908031	13717	2873	0	0.043182125000000002
20260909	3414	upward_scan	66.67918085272683	15.712752168213694	21739	4544	0	0.062466833999999999
20260909	3415	uniform_accepted	31.147544783665715	-17.435660899340327	13924	2900	0	0.039314541000000001
20260909	3415	upward_scan	70.638673106960127	16.630098876065002	20126	4206	0	0.052032166999999997
20260909	3416	uniform_accepted	29.781007120249082	-18.46635496745407	11768	2364	0	0.027189082999999999
20260909	3416	upward_scan	60.368599146258795	12.978717952440334	19384	4041	0	0.057555792000000001
20260909	3417	uniform_accepted	39.002058746758621	-13.632740102348144	15607	3297	0	0.048084083
20260909	3417	upward_scan	68.811940225295658	16.527800926546171	21088	4389	0	0.060118959
20260909	3418	uniform_accepted	35.944787646613833	-14.389372440255146	12086	2590	0	0.033085625
20260909	3418	upward_scan	69.492757911711479	15.746718834641486	22389	4660	0	0.083936917
20260909	3419	uniform_accepted	41.023406644632495	-9.1521564337546781	16627	3464	0	0.062402125000000003
20260909	3419	upward_scan	61.069386599942121	14.134607899213366	20051	4181	0	0.060504624999999999
20260909	3420	uniform_accepted	27.201281398266666	-25.66292327671831	14849	3110	0	0.047971958000000002
20260909	3420	upward_scan	53.526001510911847	6.6932501763093999	17430	3632	0	0.048569208000000003
20260909	3421	uniform_accepted	36.650201455413196	-13.909982613560503	14975	3125	0	0.046364500000000003
20260909	3421	upward_scan	69.529739877281585	16.62500321736217	21224	4421	0	0.066512374999999999
20260909	3422	uniform_accepted	26.924662537110947	-23.383677241718818	10955	2293	0	0.031031625
20260909	3422	upward_scan	74.471998607052583	17.235406020561662	23898	4974	0	0.071163249999999997
20260909	3423	uniform_accepted	32.165169194388234	-15.735095126220813	13827	2881	0	0.039476542000000003
20260909	3423	upward_scan	55.172834755145225	9.2791446560349176	17447	3651	0	0.048185666000000002
20260909	3424	uniform_accepted	33.437009644689844	-20.495321056456117	14561	2997	0	0.041082459000000002
20260909	3424	upward_scan	79.45054424845145	18.777207923671526	24908	5186	0	0.067799833000000004
20260909	3425	uniform_accepted	38.583671663519759	-17.598226311523117	13699	2870	0	0.036104834000000002
20260909	3425	upward_scan	71.724074789865497	13.595464781328314	23190	4833	0	0.065572041999999997
20260909	3426	uniform_accepted	39.551798698008028	-7.6982359760753925	16419	3392	0	0.047488916999999999
20260909	3426	upward_scan	66.948134748542827	12.92748212140558	20660	4304	0	0.058798791000000003
20260909	3427	uniform_accepted	25.412097957081805	-29.801065352741539	12938	2763	0	0.039232791000000003
20260909	3427	upward_scan	91.671385183100341	25.510830371635983	26405	5489	0	0.070667124999999997
20260909	3428	uniform_accepted	30.688308857339017	-14.714378911795777	11771	2456	0	0.035625917
20260909	3428	upward_scan	57.785824155355037	10.040868968268757	17913	3742	0	0.048291082999999999
20260909	3429	uniform_accepted	40.851114475047815	-10.062914884222442	17525	3626	0	0.054356707999999997
20260909	3429	upward_scan	81.837973276484576	17.947074269794584	26426	5488	0	0.080561332999999999
20260909	3430	uniform_accepted	33.73109547336049	-15.291625225463758	11271	2334	0	0.03241575
20260909	3430	upward_scan	70.725031802894762	18.31862402257261	24119	5019	0	0.086830084000000002
20260909	3431	uniform_accepted	36.250781850017113	-11.994581756500413	14148	2957	0	0.047810999999999999
20260909	3431	upward_scan	54.440344730940424	7.8043742345562324	17195	3577	0	0.047468707999999998
20260909	3432	uniform_accepted	22.329585607533382	-32.36298610480511	9402	1918	0	0.025001124999999999
20260909	3432	upward_scan	65.18228162493466	13.59034979955446	21285	4434	0	0.061558416999999997
20260909	3433	uniform_accepted	46.550630571321229	-7.9382909777220476	15901	3308	0	0.051715207999999999
20260909	3433	upward_scan	85.752153679116972	21.217459482017819	24822	5162	0	0.060777249999999998
20260909	3434	uniform_accepted	27.989834153460517	-31.300741755795908	15995	3286	0	0.045584874999999997
20260909	3434	upward_scan	67.526923325831305	15.772605602946491	21608	4502	0	0.060318125
20260909	3435	uniform_accepted	30.258555031510024	-17.026621292694863	13352	2785	0	0.038875708000000002
20260909	3435	upward_scan	69.965745318912099	16.815239968050932	22544	4706	0	0.063023416999999998
20260909	3436	uniform_accepted	40.777167081055218	-13.542157144076832	19424	3890	0	0.053984041000000003
20260909	3436	upward_scan	58.465453548420513	10.07973613554714	19681	4111	0	0.058174125
20260909	3437	uniform_accepted	29.932950593359923	-20.764189043341513	11384	2363	0	0.029814416999999999
20260909	3437	upward_scan	69.767701985431614	16.013585478242291	21876	4551	0	0.058970458000000003
20260909	3438	uniform_accepted	32.785462664369071	-28.035836096087397	11161	2305	0	0.031648000000000003
20260909	3438	upward_scan	67.575993534796865	13.853945661849725	23105	4811	0	0.072579000000000005
20260909	3439	uniform_accepted	36.28259239403436	-14.673753373541533	12916	2683	0	0.035709417
20260909	3439	upward_scan	79.140388557041291	23.614663344343551	23023	4807	0	0.062983333000000002
20260909	3440	uniform_accepted	46.308070545837886	-15.570649717862469	16010	3345	0	0.047931583
20260909	3440	upward_scan	95.528208929311532	24.801481961954828	31581	6572	0	0.096550790999999997
20260909	3441	uniform_accepted	29.272760534140897	-20.654556901104936	14620	3045	0	0.044359084
20260909	3441	upward_scan	58.275283631011057	10.351537171864106	18522	3848	0	0.049169916000000001
20260909	3442	uniform_accepted	40.661539399989984	-12.111006988591765	14805	3077	0	0.044611041999999997
20260909	3442	upward_scan	73.049702649256602	16.261517238624645	21865	4563	0	0.061189750000000001
20260909	3443	uniform_accepted	34.315167628038488	-17.384686533573003	14032	2950	0	0.039269916000000002
20260909	3443	upward_scan	55.04553759042615	6.5015093361983647	16723	3487	0	0.048662790999999997
20260909	3444	uniform_accepted	44.269401844395816	-11.780336836637032	16064	3263	0	0.043128041999999998
20260909	3444	upward_scan	60.082384389575687	12.896335832299552	17186	3577	0	0.044955958999999997
20260909	3445	uniform_accepted	26.418219305137519	-21.432259476663312	12051	2519	0	0.031263583999999997
20260909	3445	upward_scan	53.124394616243102	7.9266474578563777	16271	3396	0	0.043038832999999999
20260909	3446	uniform_accepted	41.445126750502268	-6.0253883071682504	14146	2949	0	0.039119792
20260909	3446	upward_scan	55.024549270190072	9.4435297420610986	16917	3528	0	0.048835249999999997
20260909	3447	uniform_accepted	35.803283112481743	-12.109173262110778	12825	2616	0	0.034862833000000003
20260909	3447	upward_scan	56.526776514264412	10.385336809798101	16412	3418	0	0.041994583000000002
20260909	3448	uniform_accepted	30.943645422283719	-24.62501967919285	11195	2328	0	0.031882082999999999
20260909	3448	upward_scan	56.935382389200207	10.82121829378543	17256	3598	0	0.048022165999999998
20260909	3449	uniform_accepted	39.673618447031757	-23.712149240903805	14460	3023	0	0.040151375000000003
20260909	3449	upward_scan	52.312867690766055	3.2723086158759163	17779	3699	0	0.053472625000000003
20260909	3450	uniform_accepted	32.509512282745028	-23.584031006194504	14865	3044	0	0.042328499999999998
20260909	3450	upward_scan	79.755602371772568	21.139452680504647	23813	4969	0	0.063449707999999994
20260909	3451	uniform_accepted	34.97325167016141	-15.136504352032382	15935	3274	0	0.045059750000000003
20260909	3451	upward_scan	55.78835589681745	8.8195354302780729	17144	3585	0	0.047008750000000002
20260909	3452	uniform_accepted	33.011559512826189	-21.514985180232216	14849	3034	0	0.040124541999999999
20260909	3452	upward_scan	70.254008628726893	14.570090139478856	22610	4704	0	0.064997957999999995
20260909	3453	uniform_accepted	35.103006656689125	-10.306157354524428	12890	2706	0	0.037170834
20260909	3453	upward_scan	72.01300327565545	19.749691821958177	21809	4541	0	0.061343584
20260909	3454	uniform_accepted	33.628835086571534	-15.444372063876239	13241	2771	0	0.037717874999999998
20260909	3454	upward_scan	55.760413256556021	6.6166533642518912	17155	3595	0	0.049124833
20260909	3455	uniform_accepted	28.737769818273993	-22.586222197969786	12944	2669	0	0.037533749999999998
20260909	3455	upward_scan	65.224484347094318	11.551336928526773	20085	4200	0	0.055659459000000001
20260909	3456	uniform_accepted	46.274460673434376	-8.7234597226880179	16047	3304	0	0.043605333000000003
20260909	3456	upward_scan	68.921373817057301	15.157458352707639	21308	4442	0	0.055472708000000003
20260909	3457	uniform_accepted	28.390553246452026	-22.360178828157395	14902	3092	0	0.040569833999999999
20260909	3457	upward_scan	76.031760023908873	17.711120878635771	24247	5058	0	0.064298042
20260909	3458	uniform_accepted	24.556466773285955	-25.632757846201461	11407	2346	0	0.029479458
20260909	3458	upward_scan	63.257727367746995	12.111993339471688	19662	4093	0	0.055361750000000001
20260909	3459	uniform_accepted	22.399965679828966	-29.893789557904302	11994	2463	0	0.036006333000000001
20260909	3459	upward_scan	81.954070571888224	16.320181026488115	22633	4725	0	0.058214624999999999
20260909	3460	uniform_accepted	33.924450212004018	-10.462523535940562	14795	3080	0	0.044710874999999997
20260909	3460	upward_scan	76.023602608113819	17.34726779144691	23682	4938	0	0.065489500000000006
20260909	3461	uniform_accepted	23.552137149468223	-39.162658353091324	11144	2347	0	0.032851666000000002
20260909	3461	upward_scan	66.450600196035253	16.559912536778242	21073	4379	0	0.060486999999999999
20260909	3462	uniform_accepted	36.496657353590209	-16.907527246332396	13077	2755	0	0.035785249999999998
20260909	3462	upward_scan	47.863728128915483	4.3574718169567914	15469	3221	0	0.043888999999999997
20260909	3463	uniform_accepted	23.566014725001256	-24.558207717325555	12584	2629	0	0.033450124999999997
20260909	3463	upward_scan	59.364116718951387	8.9206390749648623	19195	4002	0	0.057689458999999998
20260909	3464	uniform_accepted	28.294074652221418	-29.553367492752155	11377	2337	0	0.033888374999999998
20260909	3464	upward_scan	77.97174297455345	21.544094078897359	24746	5167	0	0.071838791999999999
20260909	3465	uniform_accepted	38.015356227786604	-20.697978357203532	14072	2885	0	0.040254749999999999
20260909	3465	upward_scan	61.530254716051282	12.764886831993717	18485	3849	0	0.051830209000000002
20260909	3466	uniform_accepted	26.290764356741615	-25.977152634888348	13073	2702	0	0.036144875
20260909	3466	upward_scan	63.988295832640304	13.695274253811306	20967	4372	0	0.078899874999999994
20260909	3467	uniform_accepted	34.384000478507907	-11.638680247735728	13162	2750	0	0.033858375000000003
20260909	3467	upward_scan	70.0737079906134	14.136548665909681	22655	4722	0	0.083552957999999997
20260909	3468	uniform_accepted	32.658704511690765	-15.036499964225431	13952	2916	0	0.040507333999999999
20260909	3468	upward_scan	63.515182796177655	12.681754057034482	18213	3814	0	0.054463541999999997
20260909	3469	uniform_accepted	30.313457528042026	-23.915759165719006	12202	2544	0	0.036906833
20260909	3469	upward_scan	71.482806646168825	15.928897863127197	22686	4722	0	0.068106083999999997
20260909	3470	uniform_accepted	43.260656737215371	-11.075140619117214	17346	3507	0	0.049923750000000003
20260909	3470	upward_scan	67.750605245048462	11.259879999065785	22637	4699	0	0.066211083000000004
20260909	3471	uniform_accepted	40.011290733623362	-10.675365132253678	13628	2855	0	0.034915916999999998
20260909	3471	upward_scan	74.82810133214268	20.051778889411032	25409	5300	0	0.077454915999999999
20260909	3472	uniform_accepted	28.406953925958987	-15.078446941292675	9930	2078	0	0.026375249999999999
20260909	3472	upward_scan	69.809958516524233	15.414571684703715	20960	4357	0	0.057314375000000001
20260909	3473	uniform_accepted	31.390773542313365	-14.127994209547035	13119	2712	0	0.035399708000000002
20260909	3473	upward_scan	64.566069788854932	14.030224288615974	20336	4249	0	0.059654167000000001
20260909	3474	uniform_accepted	27.182455411135859	-21.895053013653946	12240	2541	0	0.036837083
20260909	3474	upward_scan	60.922391567526518	7.797244902423258	18853	3939	0	0.053388625000000002
20260909	3475	uniform_accepted	34.47974044215912	-20.474797916624386	13924	2887	0	0.039123875000000002
20260909	3475	upward_scan	66.78653863801307	14.943024269600107	21219	4421	0	0.057124041
20260909	3476	uniform_accepted	31.864771979598451	-20.591678955997253	13889	2861	0	0.038627042
20260909	3476	upward_scan	58.121377214148943	11.338635642076547	18538	3865	0	0.052688958000000001
20260909	3477	uniform_accepted	32.445584191549941	-15.972994103737655	12868	2633	0	0.035411709
20260909	3477	upward_scan	52.81269526512515	8.138443522574331	17795	3707	0	0.051040000000000002
20260909	3478	uniform_accepted	30.386982849713203	-19.623018592422056	12922	2658	0	0.038075207999999999
20260909	3478	upward_scan	77.514352806595667	21.004797659847551	24651	5145	0	0.075167458000000006
20260909	3479	uniform_accepted	33.586877096285981	-22.169649959713063	15133	3183	0	0.044115709000000003
20260909	3479	upward_scan	64.959549081206035	16.080474668644854	20400	4245	0	0.057262332999999999
20260909	3480	uniform_accepted	33.458280200815032	-13.798715949487185	15070	3123	0	0.046010457999999997
20260909	3480	upward_scan	61.758432951072294	13.737385542241798	19609	4090	0	0.053864459000000003
20260909	3481	uniform_accepted	37.940815739274406	-17.759382211039561	17212	3568	0	0.049248
20260909	3481	upward_scan	70.926512470966614	11.430617628166116	23225	4849	0	0.072954292000000004
20260909	3482	uniform_accepted	29.997925087914126	-21.694821792002088	12329	2551	0	0.036133499999999999
20260909	3482	upward_scan	68.878017183686325	13.779961283756045	21393	4431	0	0.056790582999999999
20260909	3483	uniform_accepted	32.985548584047336	-20.597095529544315	14314	2948	0	0.040849625000000001
20260909	3483	upward_scan	72.304636192928029	20.096045027169922	23371	4877	0	0.064490749999999999
20260909	3484	uniform_accepted	31.537639367686197	-14.863657237389752	12230	2576	0	0.035347792000000003
20260909	3484	upward_scan	65.464241626626887	15.602466747921296	20687	4307	0	0.062470541999999997
20260909	3485	uniform_accepted	27.738281254547942	-20.442174123419619	11274	2398	0	0.032175957999999998
20260909	3485	upward_scan	73.742593212831011	18.541248323690382	23515	4896	0	0.068320083000000004
20260909	3486	uniform_accepted	28.573937613804141	-17.598175504171881	12408	2568	0	0.033614749999999999
20260909	3486	upward_scan	74.33464789722197	21.443982425539801	24006	4990	0	0.073541333
20260909	3487	uniform_accepted	23.829992391283966	-31.051683755927982	11988	2516	0	0.033836249999999998
20260909	3487	upward_scan	73.414161855714937	16.392743740863622	22740	4738	0	0.069695624999999997
20260909	3488	uniform_accepted	43.074128768327178	-7.5142656108320907	19655	4062	0	0.061633959000000002
20260909	3488	upward_scan	54.788537728694784	5.4742689200133912	17451	3639	0	0.049835834000000002
20260909	3489	uniform_accepted	32.249176556393557	-16.686337955703781	12839	2667	0	0.036874292000000003
20260909	3489	upward_scan	73.294874127981245	14.942003710624236	22249	4633	0	0.064753749999999999
20260909	3490	uniform_accepted	23.051563753789971	-32.717706924195859	11788	2446	0	0.034130500000000001
20260909	3490	upward_scan	65.115151625234304	10.621703676934331	18988	3968	0	0.051286999999999999
20260909	3491	uniform_accepted	39.322027364432252	-11.98745840905144	16897	3519	0	0.050143874999999997
20260909	3491	upward_scan	63.145101440018955	13.069509259992588	18951	3949	0	0.049224666
20260909	3492	uniform_accepted	30.734400823532237	-19.534374764310222	12133	2567	0	0.029615290999999998
20260909	3492	upward_scan	54.64527679284037	5.720000492550378	17327	3618	0	0.045418624999999997
20260909	3493	uniform_accepted	35.639697890919535	-21.305622731838678	11481	2430	0	0.029832000000000001
20260909	3493	upward_scan	69.356884470030067	15.39155059807938	21546	4491	0	0.062031707999999998
20260909	3494	uniform_accepted	36.278265401215045	-13.13773234354441	16450	3401	0	0.046119750000000001
20260909	3494	upward_scan	79.674382929140265	19.307085355627915	26692	5561	0	0.078950500000000007
20260909	3495	uniform_accepted	38.263132954233079	-10.1605492863984	15879	3316	0	0.045827917000000003
20260909	3495	upward_scan	72.220535089041377	17.225290931810562	23122	4819	0	0.063648207999999998
20260909	3496	uniform_accepted	35.770394865746653	-15.703482307442604	14880	3155	0	0.042630874999999999
20260909	3496	upward_scan	63.123323610250502	14.58138019495051	17195	3581	0	0.046908875000000003
20260909	3497	uniform_accepted	41.198636730306568	-12.225495560881287	15100	3114	0	0.044836874999999998
20260909	3497	upward_scan	66.421975450203362	10.746936683590516	22664	4726	0	0.064905000000000004
20260909	3498	uniform_accepted	29.836076527940897	-20.327016964135986	14657	3037	0	0.040941749999999999
20260909	3498	upward_scan	68.14886039342656	15.597258717969178	25046	5203	0	0.074961625000000004
20260909	3499	uniform_accepted	44.133940305690082	-4.2641761843179991	15927	3273	0	0.040544125
20260909	3499	upward_scan	62.051329478639047	12.093382898826301	19834	4125	0	0.051618999999999998
20260909	3500	uniform_accepted	29.2346196341176	-25.793316618610294	11496	2404	0	0.031798833999999998
20260909	3500	upward_scan	75.320256433633219	17.175207643739871	22291	4642	0	0.055150667
20260909	3501	uniform_accepted	29.878547654827692	-21.533152964957811	13104	2717	0	0.036965999999999999
20260909	3501	upward_scan	55.901161180310012	8.0801810324430576	16597	3466	0	0.050416500000000003
20260909	3502	uniform_accepted	34.151682787751952	-10.89646376288681	13743	2853	0	0.040223083
20260909	3502	upward_scan	75.256396855571992	15.04779240874065	21273	4426	0	0.054241834000000003
20260909	3503	uniform_accepted	37.984734595453482	-14.629879288863282	15731	3290	0	0.041884749999999998
20260909	3503	upward_scan	69.682965341275022	14.271844871140082	23156	4819	0	0.064767375000000002
20260909	3504	uniform_accepted	32.960132858210287	-32.244952837209567	14851	3121	0	0.042117416999999997
20260909	3504	upward_scan	68.592487437275906	17.969746176258024	23039	4806	0	0.070020042000000005
20260909	3505	uniform_accepted	25.915198209120991	-37.017735851995269	12716	2619	0	0.035630750000000003
20260909	3505	upward_scan	58.803654242244384	7.9858442131160521	19417	4046	0	0.056059499999999998
20260909	3506	uniform_accepted	35.610251054549572	-15.837290174068061	13395	2743	0	0.037573957999999998
20260909	3506	upward_scan	67.47729120486855	13.237569492874977	22058	4597	0	0.066151208000000003
20260909	3507	uniform_accepted	30.516627476093948	-15.573118869801903	12706	2660	0	0.038462749999999997
20260909	3507	upward_scan	62.286160786978272	9.4471707117550228	17494	3648	0	0.045337334
20260909	3508	uniform_accepted	38.215904863555551	-22.289720024416805	12374	2558	0	0.032396416999999997
20260909	3508	upward_scan	70.397529631218859	17.084388729154941	22669	4740	0	0.060056041999999997
20260909	3509	uniform_accepted	24.444612148934727	-31.320430026437922	13244	2669	0	0.03897225
20260909	3509	upward_scan	54.766292573866991	7.867549011960171	16887	3527	0	0.048342415999999999
20260909	3510	uniform_accepted	25.372001620269923	-26.056772179133503	12857	2615	0	0.033158832999999999
20260909	3510	upward_scan	72.856842829653985	19.984750776830793	21843	4562	0	0.058830832999999999
20260909	3511	uniform_accepted	25.461089181611612	-26.081988826274035	12808	2621	0	0.034672874999999999
20260909	3511	upward_scan	63.757609335192733	11.250154899541995	21519	4480	0	0.064382750000000002
20260909	3512	uniform_accepted	41.324078239285107	-15.105642015807367	17233	3547	0	0.052517459000000002
20260909	3512	upward_scan	81.163980231726541	22.125747660493971	22845	4772	0	0.058056625000000001
20260909	3513	uniform_accepted	34.505354038911513	-21.524679002492341	13837	2905	0	0.042366792
20260909	3513	upward_scan	63.67427718748614	15.044867419457089	19296	4026	0	0.051609124999999999
20260909	3514	uniform_accepted	23.190466905407014	-31.85190590846538	10577	2215	0	0.032131125000000003
20260909	3514	upward_scan	69.902175243500054	16.000498972788211	20577	4291	0	0.056698791999999998
20260909	3515	uniform_accepted	32.339767079634235	-18.58366753391741	14840	3084	0	0.045935208999999998
20260909	3515	upward_scan	65.411085491145926	15.707563256509729	19216	4014	0	0.050113040999999997
20260909	3516	uniform_accepted	30.463415102276414	-24.118708138670286	14105	2934	0	0.038473665999999997
20260909	3516	upward_scan	64.269854886577221	16.121115158631451	20287	4235	0	0.055918500000000003
20260909	3517	uniform_accepted	25.603719029689298	-32.10491735102925	13092	2759	0	0.036970583000000001
20260909	3517	upward_scan	65.572175620958291	13.969888315820246	20360	4249	0	0.056808417
20260909	3518	uniform_accepted	32.961792551255662	-17.094662010699775	13685	2873	0	0.039054417000000001
20260909	3518	upward_scan	63.387396017454591	9.0597834829995225	19593	4084	0	0.052240834
20260909	3519	uniform_accepted	26.277563238957839	-30.682865796767629	11870	2505	0	0.034873500000000002
20260909	3519	upward_scan	65.754434591395949	16.054889204251047	20678	4316	0	0.060472125000000002
20260909	3520	uniform_accepted	34.57926826333658	-16.826818261194042	14261	2967	0	0.039012458
20260909	3520	upward_scan	65.471934307075045	12.224041461778571	19625	4078	0	0.054668542000000001
20260909	3521	uniform_accepted	34.606370002898935	-15.500093423684513	17045	3587	0	0.055687291
20260909	3521	upward_scan	66.020469716202513	10.423513942199193	22802	4741	0	0.070085250000000002
20260909	3522	uniform_accepted	29.887778766170356	-26.77324515570022	13190	2709	0	0.037329458000000003
20260909	3522	upward_scan	73.754924108896788	18.791100700927526	22959	4778	0	0.069031959000000004
20260909	3523	uniform_accepted	32.550074462159955	-21.117617201949631	13854	2879	0	0.038211791000000002
20260909	3523	upward_scan	80.415178786048997	17.076048814084729	25915	5398	0	0.080075041999999999
20260909	3524	uniform_accepted	37.221073280378512	-12.412609883775348	15975	3354	0	0.045709541999999999
20260909	3524	upward_scan	65.366477103533725	8.6646254761063322	22513	4703	0	0.071121832999999995
20260909	3525	uniform_accepted	30.923298556585042	-17.275014806222906	12164	2510	0	0.039310375000000002
20260909	3525	upward_scan	70.816382913882876	17.193041522460266	22827	4754	0	0.066824042
20260909	3526	uniform_accepted	40.195050760475375	-6.577111660294511	16685	3443	0	0.044153749999999999
20260909	3526	upward_scan	59.974596718087554	11.723844351528623	18748	3910	0	0.058760167000000002
20260909	3527	uniform_accepted	32.714594528875075	-18.770338468287214	14134	3004	0	0.048145792
20260909	3527	upward_scan	59.906683686930407	8.0682850614186599	18132	3789	0	0.046335042
20260909	3528	uniform_accepted	38.212196529241943	-13.580359014677546	15202	3200	0	0.044362958000000001
20260909	3528	upward_scan	61.010537660211966	12.638922806150694	19256	4015	0	0.056031875000000002
20260909	3529	uniform_accepted	32.944278974217433	-21.068815301331004	13449	2804	0	0.037461750000000002
20260909	3529	upward_scan	64.652539457384194	13.327083299312282	17670	3683	0	0.044070583000000003
20260909	3530	uniform_accepted	29.349358761494948	-16.634346022904015	14487	2983	0	0.03858375
20260909	3530	upward_scan	79.524898418762518	17.848151975385754	24128	5029	0	0.073332499999999995
20260909	3531	uniform_accepted	31.329514293579404	-15.772573634796396	15959	3336	0	0.048465665999999998
20260909	3531	upward_scan	63.667502614596522	13.123398796299281	20572	4285	0	0.065887458999999995
20260909	3532	uniform_accepted	34.170923496655888	-16.710810866991928	11609	2423	0	0.034323166000000002
20260909	3532	upward_scan	64.485151544587154	12.651395231067124	19407	4044	0	0.053574457999999998
20260909	3533	uniform_accepted	35.741202294623115	-15.507502101338563	14379	3004	0	0.038581625000000001
20260909	3533	upward_scan	70.585945310495021	20.109148394892969	21398	4464	0	0.060667084000000003
20260909	3534	uniform_accepted	36.227893179012987	-17.230547200929841	15416	3134	0	0.046274000000000003
20260909	3534	upward_scan	76.421828684585236	19.754451103024312	22416	4684	0	0.056656917000000001
20260909	3535	uniform_accepted	27.991278595864021	-25.112209411513717	12307	2543	0	0.036771208
20260909	3535	upward_scan	78.746411125545336	16.029159980757662	24071	5006	0	0.068850541000000001
20260909	3536	uniform_accepted	36.193805131712672	-14.478998455440466	14198	2953	0	0.039166958000000002
20260909	3536	upward_scan	73.363936943800482	17.88956473716696	22074	4607	0	0.057628209
20260909	3537	uniform_accepted	28.183857761748456	-20.769196774160726	13439	2819	0	0.036698333
20260909	3537	upward_scan	86.32365945452834	22.087268974911488	25915	5411	0	0.072289541999999998
20260909	3538	uniform_accepted	36.415424823044376	-10.21963875097088	16432	3467	0	0.044567207999999997
20260909	3538	upward_scan	65.357392116161563	10.211854838135629	18881	3946	0	0.049576041000000001
20260909	3539	uniform_accepted	36.715398271227087	-10.929917524386475	15938	3298	0	0.047710416999999998
20260909	3539	upward_scan	69.913664890788809	15.027118157505182	22232	4638	0	0.065542792000000002
20260909	3540	uniform_accepted	27.153421841363784	-29.232333468200284	12446	2590	0	0.037014125000000002
20260909	3540	upward_scan	60.081907592904003	11.585195991247891	18593	3877	0	0.052757332999999997
20260909	3541	uniform_accepted	37.711943752846295	-10.119574572131034	14117	2959	0	0.041321917
20260909	3541	upward_scan	63.410838542940802	15.086833163119588	20478	4271	0	0.057527000000000002
20260909	3542	uniform_accepted	39.035161988436492	-8.0378163931493045	15062	3095	0	0.039742083999999997
20260909	3542	upward_scan	64.576096638721125	11.236671183566708	21428	4457	0	0.059723625000000002
20260909	3543	uniform_accepted	28.064069766796209	-26.692664836854849	11555	2366	0	0.032473000000000002
20260909	3543	upward_scan	64.436618756551155	13.696532975936563	20443	4266	0	0.057501625000000001
20260909	3544	uniform_accepted	31.901351778433526	-20.977007199094782	15139	3105	0	0.041388750000000002
20260909	3544	upward_scan	74.487264802302136	15.83186111101025	23846	4968	0	0.073005500000000001
20260909	3545	uniform_accepted	35.467764660911911	-17.355833469222468	13835	2878	0	0.039997333000000003
20260909	3545	upward_scan	61.765029358617944	10.994651316070156	18717	3906	0	0.049324874999999997
20260909	3546	uniform_accepted	32.131618838614976	-24.298105974014064	11510	2418	0	0.032056709000000003
20260909	3546	upward_scan	47.585530367720906	2.4559979475061886	15978	3331	0	0.047992832999999999
20260909	3547	uniform_accepted	28.251412817485864	-30.282872555945229	13553	2871	0	0.036851542000000001
20260909	3547	upward_scan	67.201232257798509	12.572362547311604	19899	4142	0	0.050413375000000003
20260909	3548	uniform_accepted	26.19288036856565	-21.732941410110939	13000	2751	0	0.036747291000000001
20260909	3548	upward_scan	55.576427045213819	6.5787843722061243	18195	3786	0	0.051170082999999998
20260909	3549	uniform_accepted	30.108844333625854	-17.998262627666669	13057	2731	0	0.037197709000000002
20260909	3549	upward_scan	60.673349134604379	10.890404075068432	18714	3903	0	0.052061499999999997
20260909	3550	uniform_accepted	34.743543088428339	-18.024441893963068	14453	2976	0	0.039859708000000001
20260909	3550	upward_scan	43.128446255808001	-7.4735012431976742	12820	2672	0	0.036359250000000003
20260909	3551	uniform_accepted	38.443247860924416	-12.788769895569962	15829	3278	0	0.046494500000000001
20260909	3551	upward_scan	62.844640215189941	9.8195262797620888	20600	4288	0	0.057991792
20260909	3552	uniform_accepted	29.218585301725724	-26.024146794137966	13923	2899	0	0.039983125000000001
20260909	3552	upward_scan	75.254491901750399	13.518909462747855	22166	4616	0	0.054454915999999999
20260909	3553	uniform_accepted	49.93320204001823	-12.794848825666838	17065	3512	0	0.043543959
20260909	3553	upward_scan	58.139764920324886	12.389583673853206	17879	3720	0	0.047449290999999998
20260909	3554	uniform_accepted	36.34668618484794	-14.448544831673537	14117	3003	0	0.039336749999999997
20260909	3554	upward_scan	66.862229667110967	16.983431913581086	19770	4132	0	0.052509167000000002
20260909	3555	uniform_accepted	40.337499073737597	-19.847628244490686	16040	3361	0	0.042893167000000003
20260909	3555	upward_scan	65.596247086550136	13.817808998419654	22276	4641	0	0.062746207999999998
20260909	3556	uniform_accepted	39.929316829039053	-9.006994465213392	16195	3334	0	0.040470458000000001
20260909	3556	upward_scan	69.924951099786796	16.842407838997925	20911	4355	0	0.059258916000000002
20260909	3557	uniform_accepted	31.246483941154661	-19.86124849182718	13177	2707	0	0.038428917
20260909	3557	upward_scan	66.084677471469035	14.935952383313415	18797	3934	0	0.052257875000000002
20260909	3558	uniform_accepted	24.544595235452164	-26.068537901140374	12808	2703	0	0.038871416999999998
20260909	3558	upward_scan	70.590922573170971	13.327157032484061	23181	4824	0	0.069661457999999996
20260909	3559	uniform_accepted	40.436907280039371	-13.190454107764246	14836	3078	0	0.041346583999999999
20260909	3559	upward_scan	65.577657869466748	13.360368732939309	19607	4092	0	0.056528000000000002
20260909	3560	uniform_accepted	38.319603452072997	-10.903533119646697	12606	2579	0	0.037002667000000003
20260909	3560	upward_scan	71.478132115109958	15.389329568057127	20656	4302	0	0.054494000000000001
20260909	3561	uniform_accepted	35.64873577090497	-15.80068410867883	13192	2735	0	0.040621499999999998
20260909	3561	upward_scan	49.893532879253264	5.831947412134193	15082	3151	0	0.043662332999999998
20260909	3562	uniform_accepted	49.199535346545716	0.094154737726957594	19432	4016	0	0.057803500000000001
20260909	3562	upward_scan	64.008343251084938	16.781950897511059	19731	4099	0	0.054894040999999998
20260909	3563	uniform_accepted	32.412563359883542	-17.940442770826387	12792	2696	0	0.040640124999999999
20260909	3563	upward_scan	50.993790107378757	0.72442123169200501	16704	3483	0	0.046248042000000003
20260909	3564	uniform_accepted	38.743426388429484	-14.28685546903343	15278	3167	0	0.044329832999999999
20260909	3564	upward_scan	57.982747791064156	11.990879059459655	18557	3884	0	0.055370042000000001
20260909	3565	uniform_accepted	37.004666039584748	-16.402061813527833	14721	3050	0	0.038907499999999998
20260909	3565	upward_scan	68.950731720988927	15.787265246617842	22164	4616	0	0.062077416000000003
20260909	3566	uniform_accepted	27.282716385516277	-23.510306430033889	11414	2426	0	0.034096500000000002
20260909	3566	upward_scan	71.430633501540768	18.533866614128438	22917	4770	0	0.065241958000000003
20260909	3567	uniform_accepted	35.734839381216688	-13.482222182032025	14943	3097	0	0.0397005
20260909	3567	upward_scan	66.938738235269909	7.601442659955274	18458	3847	0	0.049293833000000002
20260909	3568	uniform_accepted	28.985234497216393	-23.830320215796661	15437	3183	0	0.045910958000000002
20260909	3568	upward_scan	64.817707610425373	11.979353704807872	21349	4455	0	0.058496667000000002
20260909	3569	uniform_accepted	32.714014739388205	-19.247902462067426	14434	2972	0	0.037122250000000002
20260909	3569	upward_scan	69.182183647234467	15.533809105669459	21218	4419	0	0.058762707999999997
20260909	3570	uniform_accepted	32.995055104632755	-18.216223021112842	14932	3035	0	0.041140500000000003
20260909	3570	upward_scan	70.668983432616784	14.185667636009935	22105	4606	0	0.062355209000000002
20260909	3571	uniform_accepted	39.506858130974429	-22.747841295595244	14520	3005	0	0.038853625000000003
20260909	3571	upward_scan	52.944317889648993	7.1531827679870048	16542	3443	0	0.045608333000000001
20260909	3572	uniform_accepted	33.298316100227638	-19.460697292766096	14608	3025	0	0.039341915999999998
20260909	3572	upward_scan	64.135080489996682	13.95267612318772	18748	3902	0	0.048436582999999998
20260909	3573	uniform_accepted	32.32737272512405	-15.902777157150686	14533	3082	0	0.047370124999999999
20260909	3573	upward_scan	77.22372105785287	21.610041442438611	23938	4984	0	0.069249875000000002
20260909	3574	uniform_accepted	33.925030623212621	-21.060451037592852	13963	2875	0	0.036071125000000002
20260909	3574	upward_scan	67.778043968782768	15.733451845963327	21589	4501	0	0.063462583000000003
20260909	3575	uniform_accepted	36.994973366386411	-15.262624401513962	15229	3144	0	0.046128541000000002
20260909	3575	upward_scan	73.464972817544549	16.262730888211756	23542	4903	0	0.066321209000000006
20260909	3576	uniform_accepted	43.010590803818417	-3.3777415695573105	18051	3757	0	0.05240525
20260909	3576	upward_scan	70.146453142401896	15.015276580060414	22329	4638	0	0.075814832999999998
20260909	3577	uniform_accepted	30.715782504355452	-22.343375635306725	13253	2739	0	0.046573166999999999
20260909	3577	upward_scan	63.41991076525408	12.74369079595361	19492	4059	0	0.054055583999999997
20260909	3578	uniform_accepted	36.264357381796167	-10.56047453895158	14952	3161	0	0.045012917
20260909	3578	upward_scan	69.85234817383666	15.623780217416028	23236	4833	0	0.064186375000000004
20260909	3579	uniform_accepted	30.077347669298806	-26.071403852198703	15657	3290	0	0.046446500000000002
20260909	3579	upward_scan	54.067814000151706	11.327344144246677	16628	3460	0	0.047432000000000002
20260909	3580	uniform_accepted	21.292916985860607	-31.849002479987522	11089	2331	0	0.034820042000000002
20260909	3580	upward_scan	72.875984659203226	17.598129300717339	25883	5386	0	0.075265499999999999
20260909	3581	uniform_accepted	30.163581658277675	-21.868017866431614	14916	3041	0	0.043439290999999998
20260909	3581	upward_scan	69.285030377482343	15.825174971554855	22228	4641	0	0.064186375000000004
20260909	3582	uniform_accepted	27.552765953807992	-21.886051953977397	13317	2772	0	0.035925332999999997
20260909	3582	upward_scan	61.512804887368063	12.083750257906132	17519	3667	0	0.046022250000000001
20260909	3583	uniform_accepted	35.043611149349054	-26.300396200288851	14875	3103	0	0.036734124999999999
20260909	3583	upward_scan	69.948869725754577	15.983049932284976	21071	4399	0	0.061609834000000002
20260909	3584	uniform_accepted	41.767577484160007	-13.958809085652566	15762	3228	0	0.040374500000000001
20260909	3584	upward_scan	72.863328547803334	18.083038904542928	22741	4722	0	0.061817917
20260909	3585	uniform_accepted	30.550341440993485	-18.713624889890319	14443	2988	0	0.045079500000000002
20260909	3585	upward_scan	62.975944309078443	9.9274645764666314	19207	4002	0	0.051846999999999997
20260909	3586	uniform_accepted	31.006687267568491	-18.281941726923854	13787	2864	0	0.038465040999999998
20260909	3586	upward_scan	84.83622009984559	23.692635911746819	24575	5116	0	0.066177250000000007
20260909	3587	uniform_accepted	34.919449347138809	-19.545922222978984	13103	2692	0	0.034143167000000002
20260909	3587	upward_scan	71.109713944644213	16.225294500994501	23049	4795	0	0.065579125000000002
20260909	3588	uniform_accepted	37.764931244805481	-14.183648054563019	15058	3118	0	0.041067125000000003
20260909	3588	upward_scan	69.904060482898927	18.116033660784996	19610	4085	0	0.052419459000000002
20260909	3589	uniform_accepted	30.119318326181741	-24.483894386757758	12622	2660	0	0.037392333
20260909	3589	upward_scan	72.606204234980567	19.272176917682117	24937	5207	0	0.076218542
20260909	3590	uniform_accepted	29.848237906759461	-18.500424570777305	15266	3180	0	0.041314584000000001
20260909	3590	upward_scan	76.562520620405394	19.396609691641583	24334	5077	0	0.066476750000000001
20260909	3591	uniform_accepted	40.132087019906123	-1.9750390434681293	16038	3296	0	0.045896958000000002
20260909	3591	upward_scan	62.409447474966079	12.590757719255969	19837	4145	0	0.055267499999999997
20260909	3592	uniform_accepted	26.886577882840541	-28.307559672475321	12434	2583	0	0.034458207999999997
20260909	3592	upward_scan	53.780786210430385	6.5048365948038587	16326	3418	0	0.043900957999999997
20260909	3593	uniform_accepted	30.034722100754085	-19.010805251655267	11273	2361	0	0.033263916999999997
20260909	3593	upward_scan	62.263882628983815	13.848298666110411	18709	3904	0	0.0503445
20260909	3594	uniform_accepted	44.562895546380858	-11.73276043489466	14089	2910	0	0.038896541999999999
20260909	3594	upward_scan	60.419107598300229	12.746942266384025	20590	4284	0	0.059721542000000002
20260909	3595	uniform_accepted	37.262868869647257	-6.8339933230713301	18839	3911	0	0.057957250000000002
20260909	3595	upward_scan	56.773588597524451	8.9134571060523555	18393	3841	0	0.055628999999999998
20260909	3596	uniform_accepted	29.470624668671071	-19.445198266053648	15192	3148	0	0.048717249999999997
20260909	3596	upward_scan	63.807171393851711	12.767290104022882	19892	4163	0	0.058361875000000001
20260909	3597	uniform_accepted	26.256161217497468	-19.951274354509103	13223	2778	0	0.039782083000000003
20260909	3597	upward_scan	73.97602287577709	15.631569744831888	22648	4721	0	0.063626166999999997
20260909	3598	uniform_accepted	37.252578465663511	-17.859032344163406	14705	3069	0	0.039379333000000002
20260909	3598	upward_scan	81.576856609045464	22.161759632140392	24392	5073	0	0.067081249999999995
20260909	3599	uniform_accepted	34.503676328096027	-17.38687077500116	13728	2870	0	0.039530458999999997
20260909	3599	upward_scan	65.948439737107009	9.2882190235972448	20977	4372	0	0.061809707999999998
20260909	3600	uniform_accepted	33.916587230111837	-20.11086249917803	11626	2418	0	0.031952124999999998
20260909	3600	upward_scan	52.396235911922695	5.6861329841541819	15817	3295	0	0.043392915999999997
20260909	3601	uniform_accepted	49.527860101874708	-0.48363641774972721	17971	3733	0	0.056943292
20260909	3601	upward_scan	65.636540521023392	10.350093627553971	20622	4297	0	0.059965457999999999
20260909	3602	uniform_accepted	30.619219325973908	-19.087388095102629	14105	2856	0	0.042033416999999997
20260909	3602	upward_scan	75.116066304581778	19.430455221599853	24311	5040	0	0.068175166999999995
20260909	3603	uniform_accepted	35.716975305108633	-23.283902543573248	13512	2822	0	0.040709124999999999
20260909	3603	upward_scan	94.948392457655743	25.477755136752954	28429	5925	0	0.080160542000000001
20260909	3604	uniform_accepted	23.698226858733811	-31.331841360051257	11563	2407	0	0.030448124999999999
20260909	3604	upward_scan	71.5105519392243	18.553725223194593	20899	4350	0	0.054473250000000001
20260909	3605	uniform_accepted	30.165913577268249	-15.170990996083866	13916	2812	0	0.041564875000000001
20260909	3605	upward_scan	77.629741280456159	23.846566841319671	24271	5047	0	0.064851707999999994
20260909	3606	uniform_accepted	32.638405953124611	-17.789265311261985	13265	2788	0	0.040228167000000002
20260909	3606	upward_scan	74.139341617392319	15.421554043044639	23063	4820	0	0.073583375000000006
20260909	3607	uniform_accepted	39.205381398611543	-19.678051743344458	15818	3321	0	0.047514041999999999
20260909	3607	upward_scan	52.653259616683087	4.7646814735797989	18429	3838	0	0.052962500000000003
20260909	3608	uniform_accepted	27.093735714226355	-31.451603694451514	11227	2334	0	0.030230375
20260909	3608	upward_scan	53.695604831228991	3.419138748146529	16756	3499	0	0.050334084000000001
20260909	3609	uniform_accepted	32.541335541757078	-16.200590824895773	16031	3363	0	0.046813333999999998
20260909	3609	upward_scan	75.722601751563104	21.191336696809483	21645	4507	0	0.056921959000000001
20260909	3610	uniform_accepted	27.384666961565777	-32.06429328323248	12671	2613	0	0.035772125000000002
20260909	3610	upward_scan	72.393699113067498	15.817919125464345	23151	4810	0	0.061552250000000003
20260909	3611	uniform_accepted	48.851828877714546	-12.494817856645057	15353	3200	0	0.043981125000000003
20260909	3611	upward_scan	77.395433234317863	18.495446423583662	24447	5088	0	0.068870874999999998
20260909	3612	uniform_accepted	35.78886762734308	-14.780501178207418	15344	3181	0	0.039816958
20260909	3612	upward_scan	68.451825209278567	14.735651685406044	20899	4366	0	0.061455375
20260909	3613	uniform_accepted	31.411534985014114	-22.155992521784178	12913	2641	0	0.038820791
20260909	3613	upward_scan	81.779599635222951	18.972595419573221	26436	5506	0	0.073178792000000006
20260909	3614	uniform_accepted	34.957833228577066	-19.960755671418667	13302	2835	0	0.039752250000000003
20260909	3614	upward_scan	56.923017424327433	7.260925057139783	16536	3456	0	0.047164541999999997
20260909	3615	uniform_accepted	41.681960052581218	-6.1877358409113583	16161	3340	0	0.045901499999999998
20260909	3615	upward_scan	60.663277408430972	14.177213941056147	17676	3677	0	0.045161958000000002
20260909	3616	uniform_accepted	46.948742977654504	-3.9154815027633769	15861	3283	0	0.043643208000000003
20260909	3616	upward_scan	67.559781133220284	12.586969439892094	20011	4166	0	0.054962957999999999
20260909	3617	uniform_accepted	31.706518728983099	-21.644503143278197	10450	2215	0	0.024639125000000001
20260909	3617	upward_scan	57.910963110229673	5.9593840100921351	17519	3662	0	0.051486625000000001
20260909	3618	uniform_accepted	27.538973810612848	-21.185020419461981	12883	2637	0	0.034440625000000002
20260909	3618	upward_scan	74.267278173861186	13.2354583316092	22868	4761	0	0.060552042
20260909	3619	uniform_accepted	39.180097955849952	-11.200843674317465	14063	2958	0	0.043424583000000003
20260909	3619	upward_scan	66.459653786866255	13.142577304982348	20549	4282	0	0.060142082999999999
20260909	3620	uniform_accepted	36.252439589904483	-13.945495422390765	17419	3578	0	0.051140917000000001
20260909	3620	upward_scan	72.072694695674599	9.7591026252498185	21097	4403	0	0.054753583000000002
20260909	3621	uniform_accepted	39.211938307729881	-16.379361426601069	18161	3754	0	0.050501917
20260909	3621	upward_scan	68.646841781493691	15.572592900709569	19121	3997	0	0.050175707999999999
20260909	3622	uniform_accepted	45.607395207340126	-10.291523220784649	16661	3495	0	0.048469666000000002
20260909	3622	upward_scan	60.644487175497304	10.740624811422848	19353	4038	0	0.056403957999999997
20260909	3623	uniform_accepted	34.551287551112232	-18.577290336926108	15259	3179	0	0.043979375000000001
20260909	3623	upward_scan	59.180130783356795	8.3730032127003646	18191	3783	0	0.047451
20260909	3624	uniform_accepted	22.764706340994749	-34.089591265325268	12191	2526	0	0.033411499999999997
20260909	3624	upward_scan	73.399663952039461	8.7521962384189642	22779	4741	0	0.070148583
20260909	3625	uniform_accepted	27.825802690147892	-28.604453980973105	12292	2585	0	0.036598917000000002
20260909	3625	upward_scan	63.133839344716954	14.58771539429403	19442	4064	0	0.057295334000000003
20260909	3626	uniform_accepted	33.235815925984774	-19.955086293176528	13036	2661	0	0.038656792000000002
20260909	3626	upward_scan	62.555384812132317	8.7607486697034744	19225	4002	0	0.051652707999999999
20260909	3627	uniform_accepted	35.036063448186731	-12.3329976662347	15806	3287	0	0.046253166999999998
20260909	3627	upward_scan	72.459379643840421	14.291185470820517	23755	4955	0	0.065448416999999995
20260909	3628	uniform_accepted	34.222373740609079	-13.806767227254989	15871	3241	0	0.045676957999999997
20260909	3628	upward_scan	75.131596291903861	20.899907601167289	20844	4342	0	0.059590749999999998
20260909	3629	uniform_accepted	37.615854861623866	-13.948285985571154	14278	2955	0	0.040822084000000002
20260909	3629	upward_scan	65.251176158996287	16.780380776748057	20275	4218	0	0.054026625000000002
20260909	3630	uniform_accepted	34.168166169728529	-18.149707031194868	15128	3077	0	0.042854916
20260909	3630	upward_scan	75.875084570291705	19.207403520078977	23817	4956	0	0.069099250000000001
20260909	3631	uniform_accepted	33.189090381828471	-19.96814409387331	11777	2491	0	0.035456166999999997
20260909	3631	upward_scan	65.551996249848983	15.500550355810189	21007	4376	0	0.062816374999999994
20260909	3632	uniform_accepted	34.563493422586205	-10.00693691594377	15910	3311	0	0.045270958
20260909	3632	upward_scan	55.760525076101992	7.2096113893925038	17906	3732	0	0.056008665999999999
20260909	3633	uniform_accepted	28.680908787210118	-18.461183170368507	13737	2857	0	0.038923625000000003
20260909	3633	upward_scan	62.613448545342081	15.089114798787104	19681	4108	0	0.056148833000000002
20260909	3634	uniform_accepted	46.167142702098197	-14.050705275380576	17207	3550	0	0.049065584000000002
20260909	3634	upward_scan	56.222728616112569	8.2430629661499619	18163	3769	0	0.052576916000000001
20260909	3635	uniform_accepted	35.98125415511722	-24.587151473244209	13378	2732	0	0.034491374999999998
20260909	3635	upward_scan	69.46083659683157	16.153360377992335	22544	4691	0	0.062833125000000004
20260909	3636	uniform_accepted	40.366262513342591	-7.9477126955843769	18195	3735	0	0.054543542
20260909	3636	upward_scan	66.926869513113488	14.879692775108403	23074	4808	0	0.075471582999999995
20260909	3637	uniform_accepted	36.07624968997672	-17.577988723248058	14949	3152	0	0.047060791999999997
20260909	3637	upward_scan	73.486785983437713	19.383049576312523	23511	4887	0	0.068047833000000002
20260909	3638	uniform_accepted	40.137634489585373	-5.7863068309070549	16019	3333	0	0.044667625000000002
20260909	3638	upward_scan	77.898737579662608	17.739453793607396	24487	5106	0	0.076190999999999995
20260909	3639	uniform_accepted	38.217833353057756	-6.7576058330587445	14963	3102	0	0.042611458999999997
20260909	3639	upward_scan	53.766541558785974	8.5265330770144132	17727	3691	0	0.052116500000000003
20260909	3640	uniform_accepted	35.230534373810386	-15.009917416773737	14513	3004	0	0.042349042000000003
20260909	3640	upward_scan	59.693164280313411	9.2476334762331973	18900	3926	0	0.050747958000000003
20260909	3641	uniform_accepted	29.825505170184158	-23.873188293690305	15504	3214	0	0.045379958999999997
20260909	3641	upward_scan	64.149903429625454	15.636737185669183	19641	4092	0	0.055815416
20260909	3642	uniform_accepted	45.915974356403495	-12.139715354007675	17462	3685	0	0.051224334000000003
20260909	3642	upward_scan	72.453183525524054	18.105257582430394	23238	4851	0	0.065944541999999995
20260909	3643	uniform_accepted	33.863297888509464	-12.043428823250196	16568	3457	0	0.045993958000000001
20260909	3643	upward_scan	65.586916697730146	13.880398449409942	20924	4348	0	0.065779124999999994
20260909	3644	uniform_accepted	28.938733575551328	-21.580989795030661	13043	2649	0	0.037294542
20260909	3644	upward_scan	62.551611176530116	13.575654201621584	18520	3858	0	0.049953207999999999
20260909	3645	uniform_accepted	43.69501117783696	-13.436372150875124	18049	3816	0	0.053575875000000002
20260909	3645	upward_scan	63.557580131805146	11.942877353822519	19400	4036	0	0.048018999999999999
20260909	3646	uniform_accepted	30.492573014165309	-16.108123896395636	11224	2312	0	0.031060332999999999
20260909	3646	upward_scan	73.228781835670802	16.639802329990612	24314	5064	0	0.073126750000000004
20260909	3647	uniform_accepted	32.937689821536303	-16.175838173566266	15205	3152	0	0.049641499999999998
20260909	3647	upward_scan	69.197096156838384	18.384880544619165	21284	4420	0	0.063634916
20260909	3648	uniform_accepted	32.019314031711907	-19.59643527013322	11698	2401	0	0.032912917
20260909	3648	upward_scan	69.510008430214327	12.373692851431825	21487	4475	0	0.059940874999999998
20260909	3649	uniform_accepted	33.206489940470426	-17.260011295832264	14414	3007	0	0.040842125
20260909	3649	upward_scan	67.356782788362224	16.639095806507051	20708	4315	0	0.057492833
20260909	3650	uniform_accepted	27.335565370315969	-23.505280695622357	13270	2766	0	0.035505333
20260909	3650	upward_scan	64.181661581061931	14.350906408299753	18929	3945	0	0.054837542000000003
20260909	3651	uniform_accepted	32.36455753741118	-21.190469989315819	14160	2919	0	0.039629083000000002
20260909	3651	upward_scan	63.508377532970584	13.203574547272348	20148	4196	0	0.057410250000000003
20260909	3652	uniform_accepted	26.642260716730327	-26.407946818354613	11497	2415	0	0.033019
20260909	3652	upward_scan	60.270476496505289	10.096212301480747	20301	4232	0	0.066835292000000004
20260909	3653	uniform_accepted	31.96765725270404	-25.228816548910395	13448	2776	0	0.038450334000000003
20260909	3653	upward_scan	50.091461808261087	3.7139354060750582	15486	3223	0	0.046133667000000003
20260909	3654	uniform_accepted	39.097841856262939	-12.622953025341625	16179	3302	0	0.049454667000000001
20260909	3654	upward_scan	69.619931503119076	11.711848604274282	21981	4572	0	0.059019583
20260909	3655	uniform_accepted	29.0361817665476	-27.670755698101068	12408	2613	0	0.033662667
20260909	3655	upward_scan	72.705133847886685	16.08998937519841	23878	4987	0	0.071075749999999993
20260909	3656	uniform_accepted	29.345075853713706	-28.460455642479047	12231	2601	0	0.034320416999999999
20260909	3656	upward_scan	72.56588581885562	16.874756206002019	22180	4626	0	0.063923916999999997
20260909	3657	uniform_accepted	20.382161383687126	-37.693777283666293	11645	2437	0	0.033690625000000002
20260909	3657	upward_scan	67.320750279330383	11.683586186041923	20976	4376	0	0.058321084000000002
20260909	3658	uniform_accepted	40.392650804971915	-18.369444545966257	14331	3017	0	0.039629457999999999
20260909	3658	upward_scan	63.241437010979077	13.800903649835439	20998	4364	0	0.060279625000000003
20260909	3659	uniform_accepted	30.306549572720062	-24.244854492963739	13975	2929	0	0.041029500000000003
20260909	3659	upward_scan	69.371220014098455	14.804425722941065	22834	4750	0	0.069520541000000005
20260909	3660	uniform_accepted	26.979605276758107	-22.162190832144802	11770	2454	0	0.031028582999999998
20260909	3660	upward_scan	65.902136271370495	14.737518328030319	21114	4398	0	0.060388791999999997
20260909	3661	uniform_accepted	34.56050190813631	-15.906384114433102	14425	2991	0	0.037374999999999999
20260909	3661	upward_scan	62.356089456668983	13.198901427677564	19423	4060	0	0.056641583000000002
20260909	3662	uniform_accepted	34.325531467980468	-13.20423463239451	10877	2312	0	0.030171666
20260909	3662	upward_scan	57.939590262787085	11.095983903104733	17017	3548	0	0.048228833999999998
20260909	3663	uniform_accepted	33.216036373576181	-20.662624710122532	15082	3151	0	0.043685500000000002
20260909	3663	upward_scan	67.990758781727223	14.366808539158161	20308	4231	0	0.051874834000000002
20260909	3664	uniform_accepted	42.739848160594001	-8.3131527948149166	15858	3268	0	0.045968124999999999
20260909	3664	upward_scan	78.37392989562278	21.590436781839578	24974	5216	0	0.070555959000000001
20260909	3665	uniform_accepted	35.359468373948857	-17.853245494130451	14561	3018	0	0.037892457999999997
20260909	3665	upward_scan	73.907591812972427	18.431884244687133	23163	4804	0	0.067586041999999999
20260909	3666	uniform_accepted	39.375834052935488	-11.627880479732726	15117	3086	0	0.044667875000000003
20260909	3666	upward_scan	71.068405494783917	17.022425298807999	22417	4669	0	0.060955916999999998
20260909	3667	uniform_accepted	36.101565557403305	-19.695321824611305	13669	2826	0	0.040973999999999997
20260909	3667	upward_scan	91.974543511506354	27.565612227649247	27857	5802	0	0.076721999999999999
20260909	3668	uniform_accepted	38.856353476331996	-13.02002482905448	15054	3097	0	0.041900667000000003
20260909	3668	upward_scan	61.706225154951639	12.16294354831258	19826	4125	0	0.058568083999999999
20260909	3669	uniform_accepted	41.418664494054092	-10.431093593012074	14833	3105	0	0.042000250000000003
20260909	3669	upward_scan	53.476808644466786	6.6259311265348968	16934	3536	0	0.050649083999999997
20260909	3670	uniform_accepted	30.681965411899547	-20.608847500911828	11503	2425	0	0.033397457999999998
20260909	3670	upward_scan	67.030233904259703	16.424762504401436	21386	4468	0	0.065962375000000004
20260909	3671	uniform_accepted	34.840177319210873	-10.442960764543152	14076	2865	0	0.041782209000000001
20260909	3671	upward_scan	71.533257824565297	15.525234142582635	19711	4117	0	0.052944832999999997
20260909	3672	uniform_accepted	32.690756176222976	-17.950401660640395	14146	2962	0	0.041674542000000002
20260909	3672	upward_scan	52.148239211209876	5.7589081043221135	15313	3192	0	0.042027457999999997
20260909	3673	uniform_accepted	37.310990414302033	-12.932191150170313	15061	3102	0	0.041226917000000002
20260909	3673	upward_scan	63.257624721809883	11.145189486024668	19070	3980	0	0.049374124999999998
20260909	3674	uniform_accepted	30.784625900670697	-18.706466912157978	13635	2827	0	0.037137249999999997
20260909	3674	upward_scan	72.492810879745349	17.689402502729017	24232	5056	0	0.073558790999999998
20260909	3675	uniform_accepted	31.963744286984269	-11.60096556782632	12795	2681	0	0.037011292000000001
20260909	3675	upward_scan	68.893832147576362	16.620505079543396	20236	4208	0	0.054318208
20260909	3676	uniform_accepted	25.874679659732166	-18.899280726709978	10846	2279	0	0.028580999999999999
20260909	3676	upward_scan	69.135367939072879	13.042016525117988	22313	4651	0	0.065808459
20260909	3677	uniform_accepted	36.860824076112749	-14.946684622943	15287	3146	0	0.043824957999999997
20260909	3677	upward_scan	60.624921053175406	13.945067528274759	19255	4001	0	0.053150541000000003
20260909	3678	uniform_accepted	34.622915990560671	-17.650204023552877	13854	2886	0	0.037544416999999997
20260909	3678	upward_scan	76.576333194792554	19.894401807625997	24590	5130	0	0.070081832999999996
20260909	3679	uniform_accepted	38.669182195724964	-15.112839627761506	15445	3193	0	0.045349832999999999
20260909	3679	upward_scan	71.043189065385491	17.80726221883403	22405	4648	0	0.065258833000000002
20260909	3680	uniform_accepted	37.853771031805422	-12.807979299258401	12746	2672	0	0.031540125000000002
20260909	3680	upward_scan	61.460286810477456	10.779658185605026	20104	4199	0	0.058521166999999999
20260909	3681	uniform_accepted	30.826960569553368	-15.522766728320793	12589	2633	0	0.038021249999999999
20260909	3681	upward_scan	72.439093526774684	20.100203057712598	22649	4723	0	0.063598125000000005
20260909	3682	uniform_accepted	44.535676328514853	-9.3428521366473962	14007	2878	0	0.039645167000000002
20260909	3682	upward_scan	64.961763020840522	11.331185995194982	20066	4178	0	0.054102499999999998
20260909	3683	uniform_accepted	37.43640777710521	-19.068551272312796	16301	3395	0	0.041350125000000001
20260909	3683	upward_scan	65.044701258728651	13.561660119064031	20730	4330	0	0.061514125000000003
20260909	3684	uniform_accepted	28.8939300336773	-21.011992384387518	11003	2313	0	0.027836916999999999
20260909	3684	upward_scan	65.772657938164443	15.504619895245749	21010	4374	0	0.058848166
20260909	3685	uniform_accepted	30.450634493876688	-25.778395447043408	14068	2965	0	0.042274166000000002
20260909	3685	upward_scan	80.597626927908621	17.744909310585733	25206	5240	0	0.065048750000000002
20260909	3686	uniform_accepted	33.554398747294847	-14.925289194442524	12835	2704	0	0.033328083000000001
20260909	3686	upward_scan	59.604914394227819	10.086130343566266	19786	4134	0	0.055173709000000001
20260909	3687	uniform_accepted	27.460749977022907	-18.67385593688347	11782	2545	0	0.033084000000000002
20260909	3687	upward_scan	63.782551798658652	12.553703427345248	20461	4266	0	0.060414541000000002
20260909	3688	uniform_accepted	32.725581857367573	-15.150669184529891	14077	2940	0	0.041538208
20260909	3688	upward_scan	67.119645828820424	13.712737829966777	21127	4415	0	0.060326667
20260909	3689	uniform_accepted	34.112709963021722	-14.076847017303329	14701	3016	0	0.037401166999999999
20260909	3689	upward_scan	64.681166471878186	12.321059072117135	19105	3999	0	0.056553375000000003
20260909	3690	uniform_accepted	41.253701961963024	-7.7311863577093289	17416	3603	0	0.052690624999999998
20260909	3690	upward_scan	74.801666590228095	20.081951091781164	22848	4765	0	0.064784624999999998
20260909	3691	uniform_accepted	43.868809097376733	-7.7160936007024237	18722	3892	0	0.055715667000000003
20260909	3691	upward_scan	68.073738952702726	12.744897748009743	20785	4347	0	0.061000749999999999
20260909	3692	uniform_accepted	30.775546399916809	-23.563123155663074	12958	2698	0	0.032511417000000001
20260909	3692	upward_scan	76.075068468382753	19.57192210426701	23985	5002	0	0.067949166000000005
20260909	3693	uniform_accepted	32.366205760828102	-19.554743562405765	13036	2741	0	0.036528417000000001
20260909	3693	upward_scan	52.505951901927268	6.4148036570261633	16016	3352	0	0.048730208999999997
20260909	3694	uniform_accepted	42.733950313412812	-9.243454581894003	16286	3336	0	0.041478208000000003
20260909	3694	upward_scan	69.48227705894449	11.955320059012177	21790	4544	0	0.061660791999999999
20260909	3695	uniform_accepted	30.611553577160411	-25.067809200442216	12487	2593	0	0.030445165999999999
20260909	3695	upward_scan	66.615956260180042	15.960136246773011	20175	4198	0	0.059036875000000003
20260909	3696	uniform_accepted	26.147632568200134	-19.194631168954796	12527	2632	0	0.033486457999999997
20260909	3696	upward_scan	76.810187455568723	20.845750337169431	23828	4961	0	0.062011375000000001
20260909	3697	uniform_accepted	43.537112478641781	-11.325592054973072	16064	3367	0	0.043667625000000002
20260909	3697	upward_scan	73.925328403126898	16.596562846422987	22867	4771	0	0.062591583000000006
20260909	3698	uniform_accepted	29.285754907508114	-20.969603364587002	14586	3003	0	0.041373
20260909	3698	upward_scan	74.953779284910283	18.899071693435438	24771	5151	0	0.076579624999999998
20260909	3699	uniform_accepted	35.441284661318242	-18.024057497030995	13047	2702	0	0.037465459
20260909	3699	upward_scan	64.182020751134232	12.086624368653123	20880	4349	0	0.066354374999999993
20260909	3700	uniform_accepted	43.563117425685149	-8.4555228962057267	14644	3076	0	0.042722165999999999
20260909	3700	upward_scan	65.971569907789728	13.94961432114011	20807	4348	0	0.059504166999999997
20260909	3701	uniform_accepted	40.877659327234781	-6.284580710407587	15132	3168	0	0.044270207999999998
20260909	3701	upward_scan	71.670064950594039	16.643337084824502	22676	4738	0	0.065775209000000001
20260909	3702	uniform_accepted	29.280615281701579	-23.225085382005101	14077	2962	0	0.037291917000000001
20260909	3702	upward_scan	63.50783664670395	8.6398576485892544	19665	4093	0	0.058524708000000002
20260909	3703	uniform_accepted	40.682266481256789	-11.002922320136193	14903	3079	0	0.042153457999999998
20260909	3703	upward_scan	80.541355982618157	19.564893475594761	23421	4888	0	0.060450084000000001
20260909	3704	uniform_accepted	32.277598994982732	-15.9181426170273	14736	3051	0	0.042140125
20260909	3704	upward_scan	75.844927554849107	19.174636367804272	23248	4837	0	0.068687791999999998
20260909	3705	uniform_accepted	26.741975558205819	-30.779818249015047	11281	2356	0	0.034064499999999998
20260909	3705	upward_scan	63.125976759647457	13.094429537231596	20357	4243	0	0.057063875
20260909	3706	uniform_accepted	33.598694809818618	-13.563393868591538	13747	2878	0	0.038329000000000002
20260909	3706	upward_scan	69.664414918831739	12.582781926181212	20690	4302	0	0.058107208
20260909	3707	uniform_accepted	26.952754301996276	-27.117301612670797	11647	2408	0	0.032286792000000002
20260909	3707	upward_scan	57.348332300212718	12.117033172517347	17832	3720	0	0.054687958000000002
20260909	3708	uniform_accepted	29.487466009733815	-19.161022542472033	12380	2615	0	0.035512916999999998
20260909	3708	upward_scan	70.747305233665628	15.715453971234954	21408	4473	0	0.056068290999999999
20260909	3709	uniform_accepted	34.722385393800536	-15.227663886743581	11611	2395	0	0.032490834000000003
20260909	3709	upward_scan	56.385371426600024	9.997958283864639	15343	3203	0	0.040396709000000003
20260909	3710	uniform_accepted	32.096996476754022	-11.552911227109734	14499	3039	0	0.045782000000000003
20260909	3710	upward_scan	58.939845366006629	12.350001722258888	17801	3717	0	0.046416916000000003
20260909	3711	uniform_accepted	28.381959286969636	-23.835170138195508	11832	2488	0	0.036070499999999998
20260909	3711	upward_scan	64.825147508089373	14.592860601739334	18626	3897	0	0.048782290999999998
20260909	3712	uniform_accepted	30.222097494088441	-17.679418055315427	11010	2289	0	0.029756083999999999
20260909	3712	upward_scan	72.414106843803609	17.118892072227183	21816	4545	0	0.060638749999999998
20260909	3713	uniform_accepted	38.700117426055129	-16.778841417188357	14289	2933	0	0.039202792
20260909	3713	upward_scan	58.687454115975008	9.741070747755872	17877	3731	0	0.054358249999999997
20260909	3714	uniform_accepted	28.124229921915866	-27.943097468055445	12430	2638	0	0.036750290999999997
20260909	3714	upward_scan	62.367241315533335	13.763718497005486	19376	4037	0	0.056724584000000002
20260909	3715	uniform_accepted	33.873818573476861	-14.627492539834208	17035	3573	0	0.054539707999999999
20260909	3715	upward_scan	60.560273488810736	12.880460256394775	17171	3578	0	0.046606083999999999
20260909	3716	uniform_accepted	38.724953738084544	-13.616929554876078	14425	3010	0	0.040711042000000003
20260909	3716	upward_scan	63.67538416299594	14.636512511550498	20141	4186	0	0.053092667000000003
20260909	3717	uniform_accepted	28.966208584876945	-23.901348068759102	12994	2674	0	0.034462958000000002
20260909	3717	upward_scan	74.628592083693405	18.641970360689665	23875	4956	0	0.071544958000000006
20260909	3718	uniform_accepted	34.233339888987274	-18.170342529217606	11933	2514	0	0.034873166999999997
20260909	3718	upward_scan	61.628480016090926	13.515484304637861	20101	4198	0	0.061522958000000003
20260909	3719	uniform_accepted	27.153470633378937	-24.139316817560868	11232	2349	0	0.029119290999999999
20260909	3719	upward_scan	67.594297666562625	14.179095199872302	21070	4394	0	0.061958125000000003
20260909	3720	uniform_accepted	42.444681244357319	-10.315548881369638	13558	2841	0	0.040657582999999997
20260909	3720	upward_scan	72.656827384843055	15.254981697775598	21290	4435	0	0.055874458000000002
20260909	3721	uniform_accepted	28.461731839697148	-23.722523845662199	12099	2487	0	0.034328625000000001
20260909	3721	upward_scan	70.749125243856653	17.515982446739049	22534	4699	0	0.067973209000000007
20260909	3722	uniform_accepted	33.304764526897891	-14.272127623262547	12981	2742	0	0.038410624999999997
20260909	3722	upward_scan	55.179229767997647	9.600950449984003	17029	3559	0	0.048377083000000001
20260909	3723	uniform_accepted	27.618853272246017	-26.518174751532598	12061	2487	0	0.033421708000000001
20260909	3723	upward_scan	63.203926147600626	11.279247497246301	18061	3763	0	0.049247791999999999
20260909	3724	uniform_accepted	39.860636322380728	-13.047430314285624	13661	2895	0	0.037479709
20260909	3724	upward_scan	72.880205134101644	17.156978319427839	21875	4546	0	0.063558000000000003
20260909	3725	uniform_accepted	35.063758043446711	-22.974270609301346	15067	3033	0	0.043946582999999997
20260909	3725	upward_scan	83.958049385448135	21.298750082581805	23815	4955	0	0.062864166999999999
20260909	3726	uniform_accepted	28.06990430424873	-25.077448855656264	11638	2463	0	0.036606791999999999
20260909	3726	upward_scan	73.995208979189599	19.57098120043656	23309	4838	0	0.067201416999999999
20260909	3727	uniform_accepted	35.619010454933594	-12.278878107634316	11392	2343	0	0.031664084000000002
20260909	3727	upward_scan	60.146825523776151	11.908327628730495	19640	4089	0	0.056016457999999998
20260909	3728	uniform_accepted	36.323220346270276	-18.732458331781778	15347	3180	0	0.045089042000000003
20260909	3728	upward_scan	66.891153260885133	15.824163390082687	22142	4608	0	0.067112707999999993
20260909	3729	uniform_accepted	33.137954550078533	-21.270496325417593	14236	2892	0	0.036366833000000001
20260909	3729	upward_scan	66.401434381023833	15.801686490047251	20311	4234	0	0.054481374999999999
20260909	3730	uniform_accepted	47.02785914646438	-9.3148708329550534	16429	3440	0	0.048806875
20260909	3730	upward_scan	63.826420448363805	12.120879993181903	20710	4314	0	0.063903832999999993
20260909	3731	uniform_accepted	22.966499849159877	-30.836382557345896	11240	2324	0	0.033140875
20260909	3731	upward_scan	55.572211380085186	5.4824476516660647	18134	3785	0	0.052833417000000001
20260909	3732	uniform_accepted	37.316238000297524	-6.9935018278923762	19062	4033	0	0.059602915999999999
20260909	3732	upward_scan	75.595459265539816	14.817616946596511	23184	4838	0	0.065965499999999996
20260909	3733	uniform_accepted	38.204042797112017	-18.571072536028399	13949	2947	0	0.040557542000000002
20260909	3733	upward_scan	68.700704031320583	16.673567390515153	20712	4320	0	0.060553500000000003
20260909	3734	uniform_accepted	33.510566803077914	-23.99471153891032	16092	3341	0	0.048425124999999999
20260909	3734	upward_scan	79.421202679440611	22.733592608132902	24886	5179	0	0.075672666999999999
20260909	3735	uniform_accepted	35.942026043661983	-14.57132746118357	13750	2866	0	0.040091916999999998
20260909	3735	upward_scan	80.405527563046022	17.551050247899365	26162	5436	0	0.079453959000000005
20260909	3736	uniform_accepted	35.079455101395247	-13.201637473310914	14036	2891	0	0.039281041000000003
20260909	3736	upward_scan	69.989985759370668	10.981691017672693	20224	4222	0	0.055943458000000001
20260909	3737	uniform_accepted	39.909614125754999	-6.14166039509995	15298	3153	0	0.038937917000000002
20260909	3737	upward_scan	63.016382469039229	9.8347751015400018	19516	4060	0	0.053512583000000002
20260909	3738	uniform_accepted	32.903190264512453	-17.992466958813136	13544	2763	0	0.032189500000000003
20260909	3738	upward_scan	70.881174628731046	15.921419421028745	21885	4554	0	0.058206250000000001
20260909	3739	uniform_accepted	40.747583372888251	-5.4667448837049388	17534	3632	0	0.061605167000000002
20260909	3739	upward_scan	54.120147007905125	8.6293970830192279	17262	3608	0	0.061170416999999998
20260909	3740	uniform_accepted	28.022007531867796	-21.605251261205929	12633	2683	0	0.038410416000000003
20260909	3740	upward_scan	62.19371906942326	10.977302733666381	20248	4237	0	0.057592625000000001
20260909	3741	uniform_accepted	39.573521629143904	-9.8942795644352	13867	2894	0	0.039414291999999997
20260909	3741	upward_scan	69.055527917681729	15.219459008942344	21535	4498	0	0.056933083000000002
20260909	3742	uniform_accepted	26.48419295041997	-23.081171954615829	10718	2277	0	0.032424208000000003
20260909	3742	upward_scan	70.09763566563241	18.553001645071305	21629	4517	0	0.057865667000000003
20260909	3743	uniform_accepted	34.224155666034413	-12.210382751624294	13672	2793	0	0.038513290999999998
20260909	3743	upward_scan	77.918579027291912	21.735572946321231	24791	5161	0	0.071724916999999999
20260909	3744	uniform_accepted	27.527860354749489	-24.271402214003487	12846	2714	0	0.040070665999999998
20260909	3744	upward_scan	77.869978923064821	18.406656613127737	24526	5105	0	0.066267041999999998
20260909	3745	uniform_accepted	33.970535753865711	-17.119331485675627	13963	2866	0	0.034613333000000003
20260909	3745	upward_scan	70.978484215060249	16.337312762601247	23474	4883	0	0.061394083000000002
20260909	3746	uniform_accepted	36.372529616146529	-14.68653903555448	14760	3035	0	0.041950291000000001
20260909	3746	upward_scan	71.206773320202004	15.537638633762633	23011	4795	0	0.062688708999999995
20260909	3747	uniform_accepted	41.670429902065642	-9.7497277180975974	17517	3621	0	0.054231209000000002
20260909	3747	upward_scan	60.02795836500443	9.1749177994623601	19751	4120	0	0.060666708
20260909	3748	uniform_accepted	32.523708304407663	-14.320908876114844	15125	3173	0	0.038733542000000003
20260909	3748	upward_scan	55.061301320695691	5.4706217800718377	17119	3572	0	0.047376082999999999
20260909	3749	uniform_accepted	47.014129355665226	-5.0688828885236941	18445	3854	0	0.058495749999999999
20260909	3749	upward_scan	71.835701032280781	16.86440329140401	21416	4463	0	0.059254124999999998
20260909	3750	uniform_accepted	30.592413792510385	-20.542508960521346	12036	2502	0	0.032127875
20260909	3750	upward_scan	71.197594101801968	16.94573854125213	21976	4586	0	0.062694125000000003
20260909	3751	uniform_accepted	29.626531579963931	-25.196655771471598	13682	2801	0	0.038273916999999998
20260909	3751	upward_scan	65.782373497064597	12.199178065952301	20957	4365	0	0.079301125
20260909	3752	uniform_accepted	50.678250649485499	-4.5857149708854195	16642	3440	0	0.058138250000000002
20260909	3752	upward_scan	79.737207067113985	19.331169690546158	25423	5297	0	0.071239625000000001
20260909	3753	uniform_accepted	25.078648578222293	-35.68919077178392	14036	2939	0	0.039502584
20260909	3753	upward_scan	68.194985240124154	14.773466350556401	22034	4580	0	0.063452290999999994
20260909	3754	uniform_accepted	43.728517374585223	-15.325014279859777	16383	3353	0	0.042243666999999999
20260909	3754	upward_scan	70.519514447126696	16.615632536341867	21229	4429	0	0.058693583000000001
20260909	3755	uniform_accepted	29.442162435544738	-21.223284809953061	13063	2756	0	0.038171042000000002
20260909	3755	upward_scan	62.29602348505221	11.018818493702078	18403	3837	0	0.047372958999999999
20260909	3756	uniform_accepted	30.692371752656264	-17.987361262453586	14732	3025	0	0.039127957999999997
20260909	3756	upward_scan	66.718031454423468	15.998395495688484	18700	3892	0	0.052660790999999998
20260909	3757	uniform_accepted	22.557900296266133	-33.741094341862564	10540	2189	0	0.028689333000000001
20260909	3757	upward_scan	65.073213184358465	14.730697717850875	18654	3880	0	0.052506625000000001
20260909	3758	uniform_accepted	40.819161583535369	-15.444085357360715	16038	3377	0	0.045530082999999999
20260909	3758	upward_scan	77.002350465591789	17.50007784988312	23055	4809	0	0.068485875000000002
20260909	3759	uniform_accepted	29.949079607773623	-21.074488175287115	14785	3034	0	0.043044708000000001
20260909	3759	upward_scan	58.363408512226677	8.6724781238374025	17620	3670	0	0.045685291000000003
20260909	3760	uniform_accepted	34.0341848530528	-18.901854406314207	12137	2520	0	0.031260583000000002
20260909	3760	upward_scan	65.123671083965846	12.568774762275305	17704	3685	0	0.049511291999999998
20260909	3761	uniform_accepted	38.402188897357988	-13.157485189962339	14337	2977	0	0.039300583
20260909	3761	upward_scan	84.729412083615955	22.050013559332079	25722	5368	0	0.071314957999999998
20260909	3762	uniform_accepted	31.110276669176592	-23.881793752485393	14649	3028	0	0.038873167
20260909	3762	upward_scan	57.398258130469593	5.6766350064483841	18201	3811	0	0.052568833000000002
20260909	3763	uniform_accepted	28.443798525809566	-18.6757069572567	12484	2599	0	0.038811584000000003
20260909	3763	upward_scan	71.291248664187762	17.449133472119232	23707	4950	0	0.068031999999999995
20260909	3764	uniform_accepted	42.818874231261042	-5.1100531250546855	15317	3192	0	0.041328334000000001
20260909	3764	upward_scan	58.324340418097677	8.692065945752578	17738	3707	0	0.048180750000000001
20260909	3765	uniform_accepted	35.179990354699505	-15.719315101002001	13464	2706	0	0.037447332999999999
20260909	3765	upward_scan	57.877249036974511	9.2922710368985459	18608	3876	0	0.053220625000000001
20260909	3766	uniform_accepted	22.663124895577603	-27.950288744050248	12453	2521	0	0.033078416999999999
20260909	3766	upward_scan	72.324302150368666	17.674075491585793	22478	4690	0	0.060880375
20260909	3767	uniform_accepted	24.571318827744307	-28.7466795539261	13460	2801	0	0.039133624999999998
20260909	3767	upward_scan	64.374194348233871	13.08963779125404	19434	4051	0	0.082310332999999999
20260909	3768	uniform_accepted	34.26720040646201	-29.406926512364116	13114	2700	0	0.034159791000000002
20260909	3768	upward_scan	84.542686725948059	23.390803696074997	26241	5469	0	0.096690208
20260909	3769	uniform_accepted	27.271528856981053	-24.622118331267732	12702	2695	0	0.039918084
20260909	3769	upward_scan	55.744046076023515	6.1596698500243301	16980	3538	0	0.044067166999999997
20260909	3770	uniform_accepted	32.21267283066112	-17.599629561725489	14494	3000	0	0.043536333000000003
20260909	3770	upward_scan	65.221080474428518	10.467255892530297	20221	4229	0	0.060610249999999997
20260909	3771	uniform_accepted	31.550407356211544	-13.175294260475154	13745	2841	0	0.037001375000000003
20260909	3771	upward_scan	67.252862833381201	13.768359870152056	20867	4348	0	0.056690334000000002
20260909	3772	uniform_accepted	33.032681086658066	-21.283813649659223	14177	2926	0	0.038152541999999998
20260909	3772	upward_scan	89.642410895627904	21.112594852914498	30163	6290	0	0.090353792000000002
20260909	3773	uniform_accepted	34.801498763818991	-13.897302270250592	13119	2671	0	0.034078625000000001
20260909	3773	upward_scan	71.693417031767396	13.485194384986414	20046	4172	0	0.052418459000000001
20260909	3774	uniform_accepted	30.93347168374077	-26.483537859034353	11084	2339	0	0.028493000000000001
20260909	3774	upward_scan	59.335760199553334	9.255494113788675	16742	3491	0	0.039279542000000001
20260909	3775	uniform_accepted	33.047675994350044	-12.891522671908834	13230	2742	0	0.037043917000000003
20260909	3775	upward_scan	78.340684180141025	18.352822546975961	26276	5466	0	0.080122750000000006
20260909	3776	uniform_accepted	49.277012621131242	-0.55619507818023672	18220	3700	0	0.052755666999999999
20260909	3776	upward_scan	55.235696235041644	4.9159984788600886	17429	3624	0	0.049288916000000002
20260909	3777	uniform_accepted	34.885681232886938	-13.027092947464924	13159	2740	0	0.040388915999999997
20260909	3777	upward_scan	68.662188999273312	15.199744485799018	21983	4576	0	0.071195707999999996
20260909	3778	uniform_accepted	40.937030259238526	-14.14462296560956	14632	3095	0	0.042639042000000002
20260909	3778	upward_scan	63.25850555292012	12.13757367901515	18550	3873	0	0.052109957999999998
20260909	3779	uniform_accepted	41.646873478252012	-7.0512684660525196	14800	3075	0	0.041452749999999997
20260909	3779	upward_scan	66.06877091449789	14.0118323197268	22147	4626	0	0.068650666999999999
20260909	3780	uniform_accepted	31.344582710699637	-12.646660495821305	14837	3076	0	0.040589832999999999
20260909	3780	upward_scan	66.27706983486739	12.14074371864487	21562	4487	0	0.068181624999999996
20260909	3781	uniform_accepted	28.137843824386316	-25.94266304654569	11050	2323	0	0.031166333000000001
20260909	3781	upward_scan	67.98237849178426	16.774407109090671	21062	4392	0	0.054803958
20260909	3782	uniform_accepted	38.090869243973856	-14.247855966550725	14023	2918	0	0.039554832999999998
20260909	3782	upward_scan	63.311367179830071	14.197251023402623	20199	4205	0	0.061151041000000003
20260909	3783	uniform_accepted	27.931009940149206	-18.241277159639019	12171	2543	0	0.034310083999999998
20260909	3783	upward_scan	79.873399964469712	17.545700017101161	23840	4969	0	0.062973209000000002
20260909	3784	uniform_accepted	26.974982037647319	-25.523390412098845	14198	3001	0	0.044092082999999997
20260909	3784	upward_scan	70.531292559293973	18.478568807277931	21865	4557	0	0.057407708000000002
20260909	3785	uniform_accepted	29.171721947595437	-19.500222792333737	14421	3022	0	0.043305416999999999
20260909	3785	upward_scan	56.23520804816863	7.3832066869691415	16946	3525	0	0.046391916999999998
20260909	3786	uniform_accepted	32.398171020399744	-22.06724957391431	16190	3391	0	0.049470833999999998
20260909	3786	upward_scan	70.417647956372448	15.568687808337465	22151	4613	0	0.062499958000000001
20260909	3787	uniform_accepted	38.958852508080881	-8.1623668448624471	16232	3361	0	0.046885166999999998
20260909	3787	upward_scan	68.665911631030937	12.095247433584463	21993	4581	0	0.058884791999999998
20260909	3788	uniform_accepted	32.668162733149799	-19.436070703364994	14346	2972	0	0.038818332999999997
20260909	3788	upward_scan	70.229505209299006	15.690435837431931	21033	4389	0	0.061729708000000001
20260909	3789	uniform_accepted	38.704698767084878	-11.956134148870071	13321	2796	0	0.039930041999999999
20260909	3789	upward_scan	65.090061125453119	11.747563526270516	19052	3971	0	0.050918583000000003
20260909	3790	uniform_accepted	33.431900580792785	-15.445016156558747	15454	3254	0	0.042347041000000002
20260909	3790	upward_scan	82.545135462920101	19.62861872988103	26638	5538	0	0.074265291999999997
20260909	3791	uniform_accepted	25.12494019783151	-33.356218130954545	10986	2358	0	0.033273625000000001
20260909	3791	upward_scan	64.664228954882304	13.321753723505111	21574	4500	0	0.069216290999999999
20260909	3792	uniform_accepted	39.688561520667932	-27.981383621169233	17394	3619	0	0.053476458999999997
20260909	3792	upward_scan	71.296398414998961	12.315870916895689	23546	4902	0	0.066663291999999999
20260909	3793	uniform_accepted	28.352389182194909	-18.408874260840971	15355	3146	0	0.042945084000000001
20260909	3793	upward_scan	66.076289039182541	9.8721058866770797	19223	4014	0	0.054463167
20260909	3794	uniform_accepted	36.768080012235018	-12.968842160465655	14179	2866	0	0.038552916999999999
20260909	3794	upward_scan	72.690201700169567	18.525288362325853	23576	4907	0	0.069072750000000002
20260909	3795	uniform_accepted	37.224112728327135	-16.215506397372422	14110	2896	0	0.040747499999999999
20260909	3795	upward_scan	67.653144864716282	11.158507994089144	21037	4390	0	0.059943457999999998
20260909	3796	uniform_accepted	37.934975572677843	-16.896281587923482	14949	3123	0	0.042684916000000003
20260909	3796	upward_scan	66.827152467183296	15.359583252307738	20891	4353	0	0.056676207999999999
20260909	3797	uniform_accepted	25.145822613255241	-26.396033856219379	11823	2442	0	0.03043475
20260909	3797	upward_scan	68.343946671369252	12.121637512720476	21692	4518	0	0.065275874999999997
20260909	3798	uniform_accepted	28.773427309805871	-19.026089124893478	11338	2345	0	0.030798625
20260909	3798	upward_scan	61.6657372399671	10.630614941390219	19988	4168	0	0.064328750000000004
20260909	3799	uniform_accepted	34.036897406925235	-11.613696259170329	13593	2829	0	0.041312250000000002
20260909	3799	upward_scan	68.047835032259542	7.1118792399318167	21224	4430	0	0.06133425
20260909	3800	uniform_accepted	44.3517083798085	-8.037200511069015	15125	3172	0	0.045193333000000002
20260909	3800	upward_scan	64.965233737200165	13.22539091695889	21417	4471	0	0.065070375
20260909	3801	uniform_accepted	36.509934110624101	-9.656592694732133	15820	3293	0	0.045618125000000002
20260909	3801	upward_scan	47.074478123164248	3.4719113753190287	14760	3090	0	0.040021541000000001
20260909	3802	uniform_accepted	38.84034249447555	-24.914079438672392	14052	2921	0	0.037100542
20260909	3802	upward_scan	62.587878993771227	6.637104745949518	19405	4052	0	0.057754374999999997
20260909	3803	uniform_accepted	40.157202631236551	-12.340135858318572	13865	2927	0	0.041751499999999997
20260909	3803	upward_scan	56.136298918351827	9.3054365740624156	16669	3477	0	0.044871250000000001
20260909	3804	uniform_accepted	27.572490504275173	-33.368657511791106	11893	2514	0	0.033122209
20260909	3804	upward_scan	73.642500654431686	15.718376909378362	22983	4800	0	0.064077624999999999
20260909	3805	uniform_accepted	30.398129836040415	-19.6011469610254	13095	2699	0	0.038814874999999999
20260909	3805	upward_scan	63.48842828744246	11.79793656581716	17567	3659	0	0.047731124999999999
20260909	3806	uniform_accepted	31.561760138467381	-22.364663129995549	15504	3236	0	0.049757834000000001
20260909	3806	upward_scan	81.889856772285825	22.944264930025113	25552	5325	0	0.075560833999999993
20260909	3807	uniform_accepted	34.764727024894867	-11.952158709860418	13286	2767	0	0.039310625000000002
20260909	3807	upward_scan	55.821589745261164	9.7761914886685926	18140	3786	0	0.055278582999999999
20260909	3808	uniform_accepted	32.432617472126502	-15.434032357426386	12978	2681	0	0.038976084000000001
20260909	3808	upward_scan	77.564964009343214	21.576307786621534	23950	4987	0	0.074224416000000001
20260909	3809	uniform_accepted	27.026443170044999	-23.151834427894766	12926	2702	0	0.037294916999999997
20260909	3809	upward_scan	70.448998248684902	13.154752827317569	22124	4618	0	0.073036166999999999
20260909	3810	uniform_accepted	42.325656202198573	-6.7701799571475068	16001	3273	0	0.046666582999999998
20260909	3810	upward_scan	74.986953601038707	18.339224055576985	22917	4782	0	0.064513000000000001
20260909	3811	uniform_accepted	39.569096047843075	-14.45640093248358	12511	2616	0	0.033643917000000002
20260909	3811	upward_scan	72.806070528604465	15.093131916202669	21527	4484	0	0.068343834000000006
20260909	3812	uniform_accepted	39.180653609957758	-16.190205467705379	15285	3190	0	0.039748625000000003
20260909	3812	upward_scan	54.551097104550401	7.4683232184729196	15829	3298	0	0.043353500000000003
20260909	3813	uniform_accepted	34.046429703983414	-13.630348527096103	14329	2989	0	0.037416834000000003
20260909	3813	upward_scan	71.028046578782764	17.610840586987447	22230	4619	0	0.063054834000000004
20260909	3814	uniform_accepted	29.251872046222381	-20.827564175549192	13772	2828	0	0.040338666000000002
20260909	3814	upward_scan	64.217765990598807	15.305930072973718	20784	4334	0	0.061937832999999998
20260909	3815	uniform_accepted	27.005498783247624	-24.332322793178214	12572	2637	0	0.033856667
20260909	3815	upward_scan	55.489451108610893	8.1948932078436183	16816	3508	0	0.04809625
20260909	3816	uniform_accepted	35.141113572893921	-10.119107513102733	15878	3278	0	0.042658374999999998
20260909	3816	upward_scan	52.836114970310994	2.6313466395655456	16209	3387	0	0.045457499999999998
20260909	3817	uniform_accepted	29.519294061243478	-18.635604580432322	13414	2770	0	0.038631541999999998
20260909	3817	upward_scan	66.248701822831435	14.331231997156118	19890	4144	0	0.051056292000000003
20260909	3818	uniform_accepted	26.839755151708268	-14.959151518004834	11877	2497	0	0.032354582999999999
20260909	3818	upward_scan	63.560472047719195	15.043676891474551	18538	3872	0	0.056456917000000002
20260909	3819	uniform_accepted	37.657415945566264	-12.10744361358819	13624	2828	0	0.039801625
20260909	3819	upward_scan	69.515838389208355	15.625743971278848	21441	4456	0	0.063306166999999997
20260909	3820	uniform_accepted	36.870718959443401	-12.853070933120756	16108	3290	0	0.046529959000000003
20260909	3820	upward_scan	70.078565122971085	17.156858788900173	20752	4317	0	0.057712041999999998
20260909	3821	uniform_accepted	34.474112221047591	-16.865076358682792	12694	2573	0	0.030834375000000001
20260909	3821	upward_scan	59.026885963685594	6.4227135638090758	17951	3746	0	0.045218374999999998
20260909	3822	uniform_accepted	36.586402911557329	-9.3058047258874872	14341	2988	0	0.041168125
20260909	3822	upward_scan	62.617069867755696	11.068385954663535	20128	4190	0	0.058513625
20260909	3823	uniform_accepted	23.707944414796554	-30.710446047601394	12179	2505	0	0.033304374999999997
20260909	3823	upward_scan	63.850155604402268	11.926806331367674	20955	4356	0	0.062753417000000006
20260909	3824	uniform_accepted	34.000729708550672	-19.868609978547678	14198	2942	0	0.041385499999999999
20260909	3824	upward_scan	72.842667673175839	18.424118730007468	21788	4537	0	0.059012624999999999
20260909	3825	uniform_accepted	37.989176340073222	-15.763966594479108	15221	3206	0	0.048167374999999998
20260909	3825	upward_scan	80.391943431092571	20.274819456565567	25192	5247	0	0.069164541999999996
20260909	3826	uniform_accepted	31.156338429993532	-21.742529706728263	11935	2471	0	0.035327791999999997
20260909	3826	upward_scan	63.441803911815896	9.2495238232953589	20669	4317	0	0.062566667000000006
20260909	3827	uniform_accepted	36.240382832934678	-15.118113158814303	13576	2774	0	0.036161875000000003
20260909	3827	upward_scan	75.917979763620522	17.710574873868048	25632	5334	0	0.073703000000000005
20260909	3828	uniform_accepted	37.360741929829068	-7.6537353398190398	14785	3100	0	0.043399
20260909	3828	upward_scan	67.74769045327163	14.318220295579122	19591	4084	0	0.054144042000000003
20260909	3829	uniform_accepted	27.52859812988503	-30.712833126523726	12266	2539	0	0.035224499999999999
20260909	3829	upward_scan	63.978435457618779	12.65496547642819	19677	4105	0	0.054167
20260909	3830	uniform_accepted	33.791315050736337	-17.812915824173373	12421	2609	0	0.033490666000000002
20260909	3830	upward_scan	73.083437310601937	20.159841801650312	23078	4814	0	0.064016875000000001
20260909	3831	uniform_accepted	30.861440179227984	-21.88572832511851	10842	2265	0	0.027733625000000001
20260909	3831	upward_scan	79.517561327366451	15.720530388951522	26297	5477	0	0.080389832999999994
20260909	3832	uniform_accepted	22.510233666209785	-29.605295499837855	12388	2589	0	0.037643749999999997
20260909	3832	upward_scan	69.483872978768247	17.674865687368403	20850	4350	0	0.061269333000000002
20260909	3833	uniform_accepted	28.241601660464195	-25.045961896049537	13040	2686	0	0.038226875
20260909	3833	upward_scan	57.427567640110631	10.666000101762361	17676	3696	0	0.049761125000000003
20260909	3834	uniform_accepted	39.893048130761592	-11.932102376989873	14696	3080	0	0.044660625000000002
20260909	3834	upward_scan	73.726858164863373	17.642924025411514	23928	4984	0	0.067562374999999994
20260909	3835	uniform_accepted	24.572479832276628	-29.759364048484528	12761	2633	0	0.034320166999999999
20260909	3835	upward_scan	70.91012319166272	17.982348497776041	21720	4527	0	0.063269041999999998
20260909	3836	uniform_accepted	33.625533704974131	-28.457110251713665	11880	2426	0	0.033474375000000001
20260909	3836	upward_scan	70.139252583621143	16.103615546153037	21027	4381	0	0.059098291999999997
20260909	3837	uniform_accepted	42.073135466339906	-6.4424476783512326	16547	3354	0	0.046259874999999999
20260909	3837	upward_scan	58.723421637473692	9.0685965214962092	17545	3655	0	0.051958875000000002
20260909	3838	uniform_accepted	29.394578970639735	-22.112178843229572	12993	2709	0	0.037366208999999997
20260909	3838	upward_scan	61.167791034788152	13.56957292973606	18150	3766	0	0.055411333
20260909	3839	uniform_accepted	38.811294047786689	-12.672405550178098	15533	3210	0	0.042999415999999999
20260909	3839	upward_scan	62.995096559286651	15.035825971204032	18547	3866	0	0.054385542000000002
20260909	3840	uniform_accepted	34.298441454715871	-15.068244067468274	15245	3089	0	0.046596332999999997
20260909	3840	upward_scan	78.84385948615737	22.804702130575752	25036	5217	0	0.072426457999999999
20260909	3841	uniform_accepted	34.090469472153934	-13.189200284234918	13483	2809	0	0.036979583000000003
20260909	3841	upward_scan	83.655293954395148	23.508830608109061	26434	5520	0	0.073077916000000007
20260909	3842	uniform_accepted	37.037000606244888	-18.046698952067519	13913	2900	0	0.037479417000000001
20260909	3842	upward_scan	69.826921251889857	17.419591079447557	19370	4040	0	0.048611250000000002
20260909	3843	uniform_accepted	39.858291403952535	-7.5799658758314798	13862	2911	0	0.036385124999999997
20260909	3843	upward_scan	82.410096331547095	21.429130048691093	28457	5924	0	0.084646750000000007
20260909	3844	uniform_accepted	40.257277377234757	-14.916338731284219	14536	3025	0	0.0404575
20260909	3844	upward_scan	66.586499826855345	12.024982910392836	18956	3963	0	0.054199584000000002
20260909	3845	uniform_accepted	30.800633517255534	-17.52570038898514	13586	2836	0	0.042057625000000001
20260909	3845	upward_scan	77.359861839668525	13.634666129814095	22027	4585	0	0.061480458000000002
20260909	3846	uniform_accepted	29.58331126218448	-20.65382385259247	14710	3111	0	0.042031291999999998
20260909	3846	upward_scan	67.362440346538293	12.337384436376317	21196	4419	0	0.057104542000000001
20260909	3847	uniform_accepted	36.337161977077187	-9.1937054648542986	14940	3068	0	0.041752833000000003
20260909	3847	upward_scan	60.50848840132717	6.7566216214969126	18089	3752	0	0.050349875000000002
20260909	3848	uniform_accepted	35.481905753707913	-9.1950320369091596	12690	2601	0	0.036291249999999997
20260909	3848	upward_scan	82.380842471538855	24.268425122490015	26288	5476	0	0.073374542000000001
20260909	3849	uniform_accepted	29.786610438229587	-21.013169767814738	14140	2938	0	0.041088083999999997
20260909	3849	upward_scan	57.456938298790327	8.2174327561316485	17190	3579	0	0.045225500000000002
20260909	3850	uniform_accepted	31.570586454783466	-17.64300274226542	14818	3049	0	0.040645832999999999
20260909	3850	upward_scan	79.479171299522719	22.654124638790634	24350	5074	0	0.062392792000000002
20260909	3851	uniform_accepted	30.241898011310397	-17.650160136279702	13245	2742	0	0.033882666999999998
20260909	3851	upward_scan	64.738866561689719	13.558003696096128	19325	4028	0	0.051855917000000001
20260909	3852	uniform_accepted	29.361639517319926	-19.867487647620521	14193	2946	0	0.041864667000000001
20260909	3852	upward_scan	73.09142832239796	13.228869913744958	23377	4869	0	0.071076042000000006
20260909	3853	uniform_accepted	29.611555397364825	-19.050897947853699	17165	3491	0	0.047550042000000001
20260909	3853	upward_scan	60.135424139713166	5.3750873300612625	20026	4176	0	0.059286084000000003
20260909	3854	uniform_accepted	30.232957870480664	-20.806365520004196	13466	2772	0	0.036849624999999997
20260909	3854	upward_scan	60.594470856626039	11.969676196190665	16584	3459	0	0.047875542
20260909	3855	uniform_accepted	35.771294493205893	-18.865759449132657	13752	2860	0	0.039214958000000001
20260909	3855	upward_scan	67.943216181582841	10.177486966623706	20669	4313	0	0.058995499999999999
20260909	3856	uniform_accepted	40.774448172613837	-16.363130430362332	15271	3203	0	0.038854332999999998
20260909	3856	upward_scan	67.731465860999563	16.388193776434832	20326	4236	0	0.057064042000000002
20260909	3857	uniform_accepted	29.416326028697902	-28.206793004991219	12955	2685	0	0.038050415999999997
20260909	3857	upward_scan	68.991960841411441	17.545770753046746	21136	4411	0	0.059086417000000002
20260909	3858	uniform_accepted	38.435140496563882	-20.95597484843287	15002	3086	0	0.040211707999999999
20260909	3858	upward_scan	65.811331722741372	13.188865110117725	19110	3997	0	0.054125458000000001
20260909	3859	uniform_accepted	40.174098355865169	-11.19941452714643	16488	3396	0	0.052176332999999998
20260909	3859	upward_scan	59.034316152101098	5.6688744122374093	17170	3571	0	0.046094542000000002
20260909	3860	uniform_accepted	32.223709846350921	-22.467121904834187	12971	2621	0	0.048157459
20260909	3860	upward_scan	65.53988352453959	13.385617440983687	19405	4037	0	0.068588167000000005
20260909	3861	uniform_accepted	35.794411580742	-14.933077356614499	13664	2812	0	0.037731333999999998
20260909	3861	upward_scan	71.354233342768097	16.111495805664529	21636	4512	0	0.059413000000000001
20260909	3862	uniform_accepted	39.781328727204155	-11.343703437597545	15804	3188	0	0.040835999999999997
20260909	3862	upward_scan	76.355894389517061	18.747805191405654	22677	4724	0	0.060826125000000002
20260909	3863	uniform_accepted	34.358234063253533	-12.102369606074873	11869	2493	0	0.033151332999999998
20260909	3863	upward_scan	84.376282172330164	20.477946215615891	26513	5522	0	0.082259791999999998
20260909	3864	uniform_accepted	28.422262203705206	-28.633636474793992	13020	2702	0	0.041184499999999999
20260909	3864	upward_scan	73.578336736685472	19.074427182841557	23976	4986	0	0.069503124999999999
20260909	3865	uniform_accepted	31.762395973906237	-19.046933899789728	11777	2435	0	0.031725457999999998
20260909	3865	upward_scan	69.239057121616838	8.8883770789088832	24743	5163	0	0.075766291999999999
20260909	3866	uniform_accepted	28.878115975513676	-25.726395543265255	11912	2536	0	0.033622541999999998
20260909	3866	upward_scan	64.520008171836409	10.684978959843797	20882	4363	0	0.059511208000000003
20260909	3867	uniform_accepted	36.113459474926138	-14.227716436058483	15106	3098	0	0.044090417
20260909	3867	upward_scan	65.368491144747395	15.120810705255371	20669	4312	0	0.055396874999999998
20260909	3868	uniform_accepted	28.613614698361513	-25.041621031886905	12664	2579	0	0.032945834
20260909	3868	upward_scan	81.602862069728232	22.624585625511976	25673	5348	0	0.072871167000000001
20260909	3869	uniform_accepted	24.929269689161966	-24.249608439824922	13853	2936	0	0.035251417
20260909	3869	upward_scan	67.507383519782806	17.201865376691075	20500	4270	0	0.055905000000000003
20260909	3870	uniform_accepted	34.779233979445458	-24.494621507689558	12407	2637	0	0.030939125000000001
20260909	3870	upward_scan	64.78358145501096	11.442485484851074	21367	4437	0	0.063098041999999993
20260909	3871	uniform_accepted	39.450406786521789	-8.8711431615442091	14105	2933	0	0.039442290999999997
20260909	3871	upward_scan	68.953045416120787	14.47114680959263	21197	4430	0	0.054671667
20260909	3872	uniform_accepted	28.626920811959252	-21.925476710418014	15860	3216	0	0.047422541999999998
20260909	3872	upward_scan	79.223384985977717	23.418209063361463	25814	5374	0	0.079238709000000004
20260909	3873	uniform_accepted	30.142117349022705	-22.941805191418467	13763	2873	0	0.039733292000000003
20260909	3873	upward_scan	80.085741696845801	23.45465258291123	25667	5340	0	0.074781042000000006
20260909	3874	uniform_accepted	39.662988460889842	-14.238009008963104	17911	3696	0	0.053233750000000003
20260909	3874	upward_scan	54.512214962155639	7.3547482261584793	15557	3240	0	0.041116541
20260909	3875	uniform_accepted	38.422118529899819	-15.906417628820346	13238	2772	0	0.035018167000000003
20260909	3875	upward_scan	64.057941130182485	11.85171667434224	21577	4493	0	0.062281292000000002
20260909	3876	uniform_accepted	30.917615926386635	-20.397585795632018	13059	2679	0	0.035016375000000002
20260909	3876	upward_scan	63.777745152700255	14.96701172647226	18728	3898	0	0.047533249999999999
20260909	3877	uniform_accepted	41.634282034894326	-4.7059803421760282	19736	4097	0	0.053019749999999997
20260909	3877	upward_scan	73.714482437077521	17.809508725388653	24039	5013	0	0.073492832999999994
20260909	3878	uniform_accepted	24.426281341503746	-28.032028133516903	12555	2589	0	0.035014666999999999
20260909	3878	upward_scan	54.970738616600975	8.2588779721789809	17477	3657	0	0.052795583
20260909	3879	uniform_accepted	36.617714114867539	-19.495419110560299	16456	3441	0	0.050730292000000003
20260909	3879	upward_scan	70.216320554718763	19.163086818327425	20810	4351	0	0.055672333999999997
20260909	3880	uniform_accepted	30.229493416471925	-21.003490781289955	14927	3110	0	0.041066375000000002
20260909	3880	upward_scan	67.031736469419755	12.259354867275425	20540	4297	0	0.0574835
20260909	3881	uniform_accepted	29.895031462188975	-19.285848962337244	15817	3228	0	0.045728667000000001
20260909	3881	upward_scan	73.22431051877598	15.766454957284667	22446	4677	0	0.062578083000000007
20260909	3882	uniform_accepted	32.984607936833036	-16.103126866841524	14621	2995	0	0.039100792000000002
20260909	3882	upward_scan	72.46469132333155	18.944685154871664	22498	4684	0	0.064337667000000001
20260909	3883	uniform_accepted	34.3173562185778	-18.75753597455401	13018	2694	0	0.038367667000000001
20260909	3883	upward_scan	72.657749564696061	15.899110953935686	22579	4705	0	0.068282916999999999
20260909	3884	uniform_accepted	29.527004785634325	-21.507942608356437	10672	2176	0	0.029847042000000001
20260909	3884	upward_scan	75.099619257021502	17.107087341662105	22834	4754	0	0.062217166999999997
20260909	3885	uniform_accepted	28.364195268112926	-21.779072287448784	13480	2820	0	0.036281250000000001
20260909	3885	upward_scan	74.625286306582538	20.040015354982305	22623	4724	0	0.056398584000000002
20260909	3886	uniform_accepted	39.098484729085321	-10.747018397697946	15201	3180	0	0.043102374999999998
20260909	3886	upward_scan	55.383719378545067	10.8369863316577	16839	3502	0	0.048709458999999997
20260909	3887	uniform_accepted	34.446305301277697	-24.791853611515883	14188	3051	0	0.041157291999999998
20260909	3887	upward_scan	70.94839519561819	15.015379456146299	23421	4874	0	0.072514750000000003
20260909	3888	uniform_accepted	31.351103138193036	-17.159563935208705	12914	2693	0	0.038797291999999997
20260909	3888	upward_scan	70.959853683543557	15.644746882088802	20022	4175	0	0.056403416999999997
20260909	3889	uniform_accepted	35.8861230377534	-13.512813198380346	13922	2895	0	0.040244083
20260909	3889	upward_scan	70.228228091698583	13.627082019664982	21014	4370	0	0.055966000000000002
20260909	3890	uniform_accepted	32.846262595322585	-21.846648320054193	13482	2794	0	0.038526833000000003
20260909	3890	upward_scan	63.788911914418392	12.754606886086011	21060	4384	0	0.072207958000000003
20260909	3891	uniform_accepted	36.328245654361325	-12.620223912061631	14365	2974	0	0.045881875000000003
20260909	3891	upward_scan	73.162477680852007	18.732575872570639	23026	4791	0	0.064374833000000006
20260909	3892	uniform_accepted	31.984554357622414	-23.791199611586876	14289	2957	0	0.039464917000000002
20260909	3892	upward_scan	70.303716722303264	12.356317283009389	20869	4370	0	0.054966958000000003
20260909	3893	uniform_accepted	33.197898250253488	-18.503749417417289	13702	2833	0	0.035019124999999998
20260909	3893	upward_scan	59.903792416397124	10.845831656803979	17895	3735	0	0.047328250000000002
20260909	3894	uniform_accepted	32.883081222221726	-12.941940001069471	13337	2795	0	0.038449999999999998
20260909	3894	upward_scan	56.011379089592914	10.169993866629095	17480	3635	0	0.046104249999999999
20260909	3895	uniform_accepted	31.916231171106173	-17.892214607310223	14670	3124	0	0.041566625000000003
20260909	3895	upward_scan	54.306932218851344	8.3384443046210741	17694	3678	0	0.048671917000000002
20260909	3896	uniform_accepted	32.160357695631774	-13.059796475292062	12344	2577	0	0.030739875
20260909	3896	upward_scan	58.763942063763061	9.9901052967901052	18362	3829	0	0.055654250000000002
20260909	3897	uniform_accepted	43.596491694562076	-11.085191000615538	15426	3195	0	0.045515459000000001
20260909	3897	upward_scan	82.079977201830985	18.150578578418806	27918	5804	0	0.085677832999999995
20260909	3898	uniform_accepted	40.005884344933534	-12.931878194487826	13776	2828	0	0.036903291999999997
20260909	3898	upward_scan	55.986044365290873	8.4862518786342012	17998	3761	0	0.054724624999999999
20260909	3899	uniform_accepted	40.172161636911135	-13.883332958873938	18265	3803	0	0.055062582999999998
20260909	3899	upward_scan	74.127878692158944	17.190901019198133	23390	4873	0	0.066886417000000004
20260909	3900	uniform_accepted	36.020223595269137	-13.923062641644172	13545	2825	0	0.036883166000000002
20260909	3900	upward_scan	81.560314164364058	18.675281244265747	26097	5453	0	0.074792417
20260909	3901	uniform_accepted	31.8488597221587	-24.833839007321007	13363	2803	0	0.039918707999999997
20260909	3901	upward_scan	69.326307915018958	10.814083147986013	21638	4496	0	0.067271750000000005
20260909	3902	uniform_accepted	37.948226752320572	-18.432213371918799	15161	3126	0	0.039182542000000001
20260909	3902	upward_scan	72.746317991474882	16.36903792118758	24852	5181	0	0.075018917000000004
20260909	3903	uniform_accepted	38.709437761048122	-19.919666042317154	12999	2670	0	0.034589750000000002
20260909	3903	upward_scan	60.92049319646307	10.53032539548065	20332	4237	0	0.066351167000000003
20260909	3904	uniform_accepted	31.563665847786787	-16.738068959831367	13154	2756	0	0.038316834000000001
20260909	3904	upward_scan	68.805395900245884	16.543236743646261	21278	4428	0	0.061595375000000001
20260909	3905	uniform_accepted	30.049275682938788	-20.582226918039563	13226	2753	0	0.036070791999999997
20260909	3905	upward_scan	67.141671799425609	11.605036191470793	21272	4421	0	0.065363749999999998
20260909	3906	uniform_accepted	31.774409919372864	-12.910106968221589	12860	2690	0	0.037424082999999997
20260909	3906	upward_scan	59.57560798020328	9.309929297837801	18505	3865	0	0.052051040999999999
20260909	3907	uniform_accepted	35.970138045512584	-18.342393373023974	13006	2719	0	0.042422000000000001
20260909	3907	upward_scan	60.414102285312723	9.778234700843413	18048	3743	0	0.047858166000000001
20260909	3908	uniform_accepted	23.553031925504577	-31.262668216306928	13809	2787	0	0.039923124999999997
20260909	3908	upward_scan	66.258307773301581	16.547078040931233	18589	3856	0	0.049329208999999999
20260909	3909	uniform_accepted	34.698726591894335	-14.197298386680348	15917	3320	0	0.050628332999999998
20260909	3909	upward_scan	61.747358609546289	12.941768943989223	18932	3948	0	0.050263958999999997
20260909	3910	uniform_accepted	34.726034654274997	-15.739851461660313	12760	2688	0	0.032478374999999997
20260909	3910	upward_scan	63.505638504289024	14.048548190282306	17990	3747	0	0.048450832999999999
20260909	3911	uniform_accepted	34.816520352543975	-13.885669467569702	12019	2488	0	0.033805374999999999
20260909	3911	upward_scan	83.537935556220717	22.149243154919628	27095	5627	0	0.079602999999999993
20260909	3912	uniform_accepted	28.152005842718321	-19.679805587316594	17724	3567	0	0.045186499999999998
20260909	3912	upward_scan	69.42353296067941	17.169644037232128	21577	4484	0	0.059223708
20260909	3913	uniform_accepted	35.690581141481651	-11.709405657931523	13450	2820	0	0.034232875000000003
20260909	3913	upward_scan	71.641405525219241	12.576468982193258	20842	4343	0	0.053561375000000001
20260909	3914	uniform_accepted	44.871696415149806	-10.190496560193791	17373	3643	0	0.050522667
20260909	3914	upward_scan	69.65338814172415	16.754874694269152	20825	4340	0	0.059410207999999999
20260909	3915	uniform_accepted	38.130319693856023	-29.779990885811142	13741	2868	0	0.034752875000000003
20260909	3915	upward_scan	74.52941460689685	17.787003151846431	22398	4670	0	0.055384250000000003
20260909	3916	uniform_accepted	29.321461825849759	-22.805647099689718	10864	2256	0	0.029512625000000001
20260909	3916	upward_scan	74.635670543867988	21.527778096502271	23722	4938	0	0.071233792000000004
20260909	3917	uniform_accepted	43.416937724642317	-6.5721775189193732	14607	3055	0	0.036078041999999998
20260909	3917	upward_scan	68.923303725127141	12.621495539692544	23011	4792	0	0.071341125000000005
20260909	3918	uniform_accepted	34.763854116169604	-21.272615891826145	13712	2863	0	0.037447792000000001
20260909	3918	upward_scan	51.953538934176748	7.4343155567738668	15346	3207	0	0.041625584
20260909	3919	uniform_accepted	35.474854897297178	-16.687412785304968	14081	2954	0	0.042964374999999999
20260909	3919	upward_scan	65.943830244625985	13.312310224580227	19263	4020	0	0.048201582999999999
20260909	3920	uniform_accepted	40.09153508436502	-19.259865902510846	14125	2983	0	0.037137041000000003
20260909	3920	upward_scan	49.280533428785446	6.1102217726503714	13560	2833	0	0.036031458000000002
20260909	3921	uniform_accepted	31.984539390085335	-25.135017137525843	12408	2603	0	0.033230583000000001
20260909	3921	upward_scan	60.69555883507806	13.371708227511466	16872	3524	0	0.049317167000000002
20260909	3922	uniform_accepted	31.400650682257119	-13.218117003576298	12617	2635	0	0.034043749999999998
20260909	3922	upward_scan	83.993067612050723	17.96420735537054	22545	4701	0	0.056950708000000003
20260909	3923	uniform_accepted	37.184049741836546	-18.366878359247711	14280	2930	0	0.036712041000000001
20260909	3923	upward_scan	73.787662268344718	13.877141232320531	20131	4198	0	0.053367167
20260909	3924	uniform_accepted	22.654556017169369	-29.947007236012968	9393	1986	0	0.026242166000000001
20260909	3924	upward_scan	66.579059567966127	13.955953135257845	19982	4152	0	0.059512834000000001
20260909	3925	uniform_accepted	38.096466334881832	-26.092405447043802	14542	2970	0	0.036649833
20260909	3925	upward_scan	60.766188303915378	9.2056478801309574	18436	3851	0	0.052415541000000003
20260909	3926	uniform_accepted	34.751875690493897	-18.743645970948766	15056	3152	0	0.043196167000000001
20260909	3926	upward_scan	76.527996125530407	19.914792211114236	22084	4616	0	0.062859874999999996
20260909	3927	uniform_accepted	30.629799940527612	-20.979280979547539	12992	2712	0	0.034248500000000001
20260909	3927	upward_scan	63.339442651534071	10.766033845109936	19957	4170	0	0.058738958000000001
20260909	3928	uniform_accepted	34.633830352051369	-11.378477759395901	14168	3039	0	0.043613917000000002
20260909	3928	upward_scan	70.551704134668569	14.854469385598694	20659	4309	0	0.055501000000000002
20260909	3929	uniform_accepted	40.211677368172182	-4.4219901735075586	14379	3009	0	0.038187583999999997
20260909	3929	upward_scan	89.177313128756467	23.217531140331996	28632	5954	0	0.091843292000000007
20260909	3930	uniform_accepted	28.458490868298963	-23.037585393062464	12537	2600	0	0.037246833
20260909	3930	upward_scan	86.323336082724666	21.202818729938372	25175	5243	0	0.068409582999999996
20260909	3931	uniform_accepted	34.641432486914205	-24.268553917062867	13156	2705	0	0.038550665999999997
20260909	3931	upward_scan	69.378102329371075	15.590126487460635	20519	4279	0	0.051500458999999998
20260909	3932	uniform_accepted	27.360171609096611	-26.941291830735665	13204	2794	0	0.039315416999999998
20260909	3932	upward_scan	76.967313831550641	17.588349699620458	25811	5370	0	0.081174833000000002
20260909	3933	uniform_accepted	27.634488721555066	-21.102696368959322	10597	2216	0	0.031585000000000002
20260909	3933	upward_scan	79.431677507161041	19.452416396717457	23869	4982	0	0.067448708999999996
20260909	3934	uniform_accepted	27.97219531392361	-25.090605898661391	10867	2242	0	0.029296249999999999
20260909	3934	upward_scan	66.067637742760809	10.857970106387318	20851	4335	0	0.060017374999999998
20260909	3935	uniform_accepted	36.637212043714641	-14.390386009381269	15206	3102	0	0.0392295
20260909	3935	upward_scan	51.576222843775483	2.0175356604527299	16181	3364	0	0.044234334
20260909	3936	uniform_accepted	27.10501655926328	-31.025838694451572	12903	2708	0	0.036050958000000001
20260909	3936	upward_scan	61.465149608059996	9.7541140939378117	19391	4052	0	0.057963750000000001
20260909	3937	uniform_accepted	35.235834586856015	-10.53086944018527	17680	3749	0	0.052901416999999999
20260909	3937	upward_scan	69.669957043011692	17.112364030740356	21322	4443	0	0.062496083000000001
20260909	3938	uniform_accepted	26.057460603821291	-28.913463045089266	12315	2536	0	0.034033124999999997
20260909	3938	upward_scan	66.767573070454603	17.409425163852585	19894	4143	0	0.053752458000000003
20260909	3939	uniform_accepted	27.840077454686714	-19.450399199539337	11570	2374	0	0.029967792
20260909	3939	upward_scan	60.718216656013929	8.7449871750383998	20438	4266	0	0.070322458000000004
20260909	3940	uniform_accepted	41.110856159136951	-11.521089304041666	14854	3191	0	0.044467083999999997
20260909	3940	upward_scan	60.582677078485453	11.129813839791231	17573	3667	0	0.052339749999999997
20260909	3941	uniform_accepted	32.705101980475142	-17.511917544549988	13816	2909	0	0.044391374999999997
20260909	3941	upward_scan	88.495651390545248	23.053023515772527	25133	5250	0	0.066935541000000001
20260909	3942	uniform_accepted	37.264599767717456	-15.957155638666475	13495	2824	0	0.038689416999999997
20260909	3942	upward_scan	63.117458895450795	14.30761451659513	20467	4277	0	0.059117665999999999
20260909	3943	uniform_accepted	34.639563435417458	-17.877621151689894	14349	2980	0	0.039855500000000002
20260909	3943	upward_scan	61.631430708037435	14.315086319892316	19436	4049	0	0.060564541999999999
20260909	3944	uniform_accepted	32.749043565991109	-23.363840669055069	15095	3117	0	0.044187875000000001
20260909	3944	upward_scan	69.263259943123188	15.124032588524447	20135	4201	0	0.052954874999999998
20260909	3945	uniform_accepted	37.876608010177186	-6.6073034519877183	17337	3626	0	0.049165250000000001
20260909	3945	upward_scan	54.944545383629738	9.0380632161423957	17076	3563	0	0.052702958000000001
20260909	3946	uniform_accepted	39.988803837248582	-10.789548095027204	14837	3097	0	0.042509999999999999
20260909	3946	upward_scan	66.53894570823033	10.121945624930905	19909	4161	0	0.050604707999999998
20260909	3947	uniform_accepted	29.131254096209489	-17.565276691939349	12181	2490	0	0.030908874999999999
20260909	3947	upward_scan	57.528100988859279	7.8725411987198664	19314	4020	0	0.057444916999999998
20260909	3948	uniform_accepted	29.901582846130651	-17.55462482045386	13806	2887	0	0.040112250000000002
20260909	3948	upward_scan	62.139749252793564	8.1065690647159325	19299	4033	0	0.060949625
20260909	3949	uniform_accepted	26.666423658986286	-26.095737467288494	15022	3089	0	0.042277750000000003
20260909	3949	upward_scan	76.808728588874601	19.080329853096185	23235	4844	0	0.070545790999999997
20260909	3950	uniform_accepted	40.022753114599119	-19.651343194550144	14452	2996	0	0.042615500000000001
20260909	3950	upward_scan	75.404627916667707	18.231284139925211	23854	4978	0	0.069615125
20260909	3951	uniform_accepted	25.521743318741464	-31.279727109858833	11920	2411	0	0.034360416999999997
20260909	3951	upward_scan	60.182316589242554	9.1865800497814831	20643	4300	0	0.062743875000000005
20260909	3952	uniform_accepted	40.605810570742406	-11.861562270112923	14616	3116	0	0.043660249999999998
20260909	3952	upward_scan	64.809555411772209	14.151459254796327	20490	4283	0	0.055657333000000003
20260909	3953	uniform_accepted	35.634217490068387	-24.79980184591491	11263	2357	0	0.029303249999999999
20260909	3953	upward_scan	61.487121181797967	9.6371029466116269	18328	3814	0	0.047272542000000001
20260909	3954	uniform_accepted	18.134315567233262	-34.993617710062452	9674	2044	0	0.027276749999999999
20260909	3954	upward_scan	68.324917056203304	15.809619485392984	19328	4031	0	0.047710792000000002
20260909	3955	uniform_accepted	31.294243864270548	-20.93244916959247	13581	2832	0	0.037611332999999997
20260909	3955	upward_scan	69.229584659254286	12.1088905729301	21128	4408	0	0.058864667000000002
20260909	3956	uniform_accepted	45.032556430881513	-0.71424830144129314	15895	3364	0	0.046443958
20260909	3956	upward_scan	72.531768343061159	16.771587326256324	21404	4457	0	0.058041083
20260909	3957	uniform_accepted	37.282185931224824	-8.2377175849013131	15683	3231	0	0.044940165999999997
20260909	3957	upward_scan	57.072129939741352	6.9841048041042164	16466	3439	0	0.042442333999999998
20260909	3958	uniform_accepted	47.897074782963919	-8.019628965437871	15498	3198	0	0.038997625000000001
20260909	3958	upward_scan	67.749358720988297	13.757292348882688	22022	4607	0	0.060504624999999999
20260909	3959	uniform_accepted	34.047874131336954	-15.613240799690923	15548	3280	0	0.040470041999999998
20260909	3959	upward_scan	57.995768112119954	5.3183779569246887	17463	3621	0	0.049452625
20260909	3960	uniform_accepted	26.556198626320406	-22.693814128413894	12802	2663	0	0.034491708000000003
20260909	3960	upward_scan	61.582501311759557	12.838095561780252	20211	4216	0	0.056896665999999999
20260909	3961	uniform_accepted	24.899201010132543	-25.470728735423506	15977	3227	0	0.043991374999999999
20260909	3961	upward_scan	62.292446718523223	11.881945318580037	19684	4111	0	0.054446374999999998
20260909	3962	uniform_accepted	46.8838349771667	-4.9131694226641134	15697	3280	0	0.044988040999999999
20260909	3962	upward_scan	68.983170062912876	13.795578269111521	23088	4818	0	0.069855542000000007
20260909	3963	uniform_accepted	29.839879732239609	-22.921196081410585	15335	3186	0	0.045722458000000001
20260909	3963	upward_scan	86.693603363781847	23.68634147373351	25205	5255	0	0.073103374999999998
20260909	3964	uniform_accepted	30.842035285481654	-23.383962001377277	11815	2419	0	0.033534624999999998
20260909	3964	upward_scan	79.855670014892411	15.035688463255935	23796	4961	0	0.070133917000000004
20260909	3965	uniform_accepted	27.302498500067106	-27.398595236146956	11809	2482	0	0.033292915999999999
20260909	3965	upward_scan	69.772660329607533	16.622399089171303	20307	4226	0	0.057178582999999998
20260909	3966	uniform_accepted	28.480325568858081	-21.796284117828339	10429	2129	0	0.028456834
20260909	3966	upward_scan	80.841366374813532	18.143264555205842	24806	5174	0	0.071388332999999998
20260909	3967	uniform_accepted	41.789577672182546	-14.538278911695617	14089	2929	0	0.038112541999999999
20260909	3967	upward_scan	54.535748611684987	9.263203267470141	16245	3390	0	0.042901833
20260909	3968	uniform_accepted	31.04003504317301	-25.73145886756123	12931	2751	0	0.036275916999999998
20260909	3968	upward_scan	59.353994905400732	8.5200325292942907	17577	3668	0	0.053311540999999997
20260909	3969	uniform_accepted	35.79545423270109	-16.839699768634521	13648	2831	0	0.042032124999999997
20260909	3969	upward_scan	86.228287626967898	17.667493576207704	28772	5999	0	0.086724459000000004
20260909	3970	uniform_accepted	36.336158468243546	-12.305426958348841	12808	2745	0	0.035826833000000002
20260909	3970	upward_scan	77.383694845693554	19.31754055630071	25161	5239	0	0.073866291000000001
20260909	3971	uniform_accepted	44.57873881019691	-6.0878524955776054	17455	3639	0	0.046506541999999998
20260909	3971	upward_scan	72.708075094751777	15.734686467503284	22904	4781	0	0.065322500000000006
20260909	3972	uniform_accepted	42.121497097844639	-10.103638178605701	17903	3698	0	0.052543332999999998
20260909	3972	upward_scan	65.608250326318455	16.441844687377859	18494	3843	0	0.051251416000000001
20260909	3973	uniform_accepted	33.755604284756039	-28.853214173059595	13463	2807	0	0.036731874999999997
20260909	3973	upward_scan	62.295922094007857	12.219804190103062	18834	3924	0	0.045990749999999997
20260909	3974	uniform_accepted	30.933291219438779	-19.516153120142427	12685	2658	0	0.034428792
20260909	3974	upward_scan	63.18975775873691	14.112252778654888	20316	4243	0	0.057365208000000001
20260909	3975	uniform_accepted	32.647426554341024	-16.652103435185207	13115	2713	0	0.034834166999999999
20260909	3975	upward_scan	60.041386838732727	11.943367969362683	17392	3635	0	0.049849208999999998
20260909	3976	uniform_accepted	42.686313313616502	-11.094562965546693	15009	3134	0	0.041515541000000003
20260909	3976	upward_scan	71.868705816259748	20.631819805453848	22236	4621	0	0.062140250000000001
20260909	3977	uniform_accepted	27.940005790207753	-21.117527556213805	12411	2585	0	0.034822249999999999
20260909	3977	upward_scan	61.767650619224675	11.308564999048681	18688	3900	0	0.052462000000000002
20260909	3978	uniform_accepted	40.788610379751951	-13.171131599494203	12530	2620	0	0.030754208000000002
20260909	3978	upward_scan	65.378670525285756	12.308234643434801	20292	4236	0	0.062692374999999995
20260909	3979	uniform_accepted	36.952258397884705	-14.741950110161195	13875	2910	0	0.042177125000000003
20260909	3979	upward_scan	61.549157044296813	5.3277251166912327	20056	4178	0	0.061887708999999999
20260909	3980	uniform_accepted	33.254692106230927	-23.141154581766557	12806	2673	0	0.038852375000000001
20260909	3980	upward_scan	60.856359980737082	11.845942183499039	18951	3945	0	0.059415625
20260909	3981	uniform_accepted	26.703144812844194	-19.247474330795018	12271	2582	0	0.037382541999999998
20260909	3981	upward_scan	70.676420311173729	16.878046309182253	22443	4671	0	0.069823790999999996
20260909	3982	uniform_accepted	37.096885254653358	-19.494829841297811	14591	2999	0	0.045598167000000002
20260909	3982	upward_scan	62.156940794866131	13.630350229672306	20375	4237	0	0.057301416000000001
20260909	3983	uniform_accepted	34.804128162951258	-13.43137556958154	16286	3344	0	0.044568166999999999
20260909	3983	upward_scan	69.549571382696541	16.139713992082772	20143	4208	0	0.053228207999999999
20260909	3984	uniform_accepted	33.76802579412491	-15.073681778433048	13959	2891	0	0.042284791000000002
20260909	3984	upward_scan	51.410425992586234	6.1784849000896731	16008	3334	0	0.044940958000000003
20260909	3985	uniform_accepted	33.415300036504078	-22.622645699151111	10806	2252	0	0.026966416999999999
20260909	3985	upward_scan	68.312585797555997	19.150329756753912	23346	4850	0	0.069322250000000002
20260909	3986	uniform_accepted	50.543091415878429	-10.092836163269634	17493	3658	0	0.048979583
20260909	3986	upward_scan	83.262382345970252	23.181362247932505	23757	4930	0	0.065217917
20260909	3987	uniform_accepted	34.291023973240229	-12.821371590711202	12869	2635	0	0.037823583000000001
20260909	3987	upward_scan	71.673032025982394	14.965880754888628	23353	4864	0	0.068264208000000007
20260909	3988	uniform_accepted	27.858841470970539	-31.064051736450004	11198	2290	0	0.030102500000000001
20260909	3988	upward_scan	63.474421812481779	15.734531839068055	20020	4165	0	0.059522958000000001
20260909	3989	uniform_accepted	28.541819924291122	-15.886606625229827	16262	3370	0	0.045496500000000002
20260909	3989	upward_scan	56.798651478145345	8.1041611919861527	16811	3499	0	0.043488167000000001
20260909	3990	uniform_accepted	37.928121411391317	-16.054766770988476	13759	2841	0	0.036645125000000001
20260909	3990	upward_scan	78.510339843298965	19.395548030395304	24515	5100	0	0.068978125000000001
20260909	3991	uniform_accepted	36.657959062014456	-12.801189902008488	14583	3028	0	0.041906334000000003
20260909	3991	upward_scan	71.691740708156246	16.649756249441573	21250	4434	0	0.058047957999999997
20260909	3992	uniform_accepted	35.79473647601192	-19.52881524591557	16981	3559	0	0.047795790999999997
20260909	3992	upward_scan	66.915277843558144	13.109438290937296	20298	4234	0	0.053453709000000002
20260909	3993	uniform_accepted	31.646274762786643	-17.402180912925878	13270	2776	0	0.039515833
20260909	3993	upward_scan	79.196381529548262	22.035396986070204	23388	4883	0	0.064978292000000007
20260909	3994	uniform_accepted	40.721980710246832	-13.530621592151594	14524	3036	0	0.044055125000000001
20260909	3994	upward_scan	64.84715570740201	13.534726269615129	20498	4267	0	0.056078333000000001
20260909	3995	uniform_accepted	30.869273208647311	-20.454593028190036	13765	2865	0	0.038407625000000001
20260909	3995	upward_scan	73.890768190299156	16.584320116958288	20359	4253	0	0.056690584000000002
20260909	3996	uniform_accepted	29.35375265098401	-25.22328918204737	13264	2772	0	0.037178250000000003
20260909	3996	upward_scan	58.841462012830995	8.5053103166341018	18044	3766	0	0.051164665999999998
20260909	3997	uniform_accepted	34.70585232271327	-19.574027407903547	15458	3159	0	0.043120499999999999
20260909	3997	upward_scan	81.398613295925585	25.636817961334756	23926	4990	0	0.066710041999999997
20260909	3998	uniform_accepted	33.748250229673239	-17.987182337105821	13374	2800	0	0.038842250000000002
20260909	3998	upward_scan	63.315023802300189	10.856173966074556	19141	3980	0	0.051598541999999997
20260909	3999	uniform_accepted	41.338202626324069	-13.957040632669541	15654	3268	0	0.042249624999999999
20260909	3999	upward_scan	71.551430439429893	12.950293383770994	22689	4736	0	0.062005499999999998
20260909	4000	uniform_accepted	33.704117836649374	-13.891011590208743	12673	2641	0	0.034975249999999999
20260909	4000	upward_scan	54.568311392363434	5.5823540355163521	17360	3627	0	0.047823499999999998
20260909	4001	uniform_accepted	24.558746737720352	-23.778909908110354	11401	2385	0	0.032224916999999999
20260909	4001	upward_scan	68.248678122848787	17.146940627616907	21798	4546	0	0.058493333000000002
20260909	4002	uniform_accepted	26.347096573286937	-32.088385189057377	11058	2268	0	0.029696
20260909	4002	upward_scan	65.471774759422942	9.4742538952096957	20809	4326	0	0.062355124999999997
20260909	4003	uniform_accepted	28.630382069727524	-18.122685237573268	12689	2652	0	0.037026792000000003
20260909	4003	upward_scan	67.072689920325246	15.965296885473732	21143	4406	0	0.062422416000000001
20260909	4004	uniform_accepted	31.86256912032707	-23.571197188189839	13018	2697	0	0.034234958000000003
20260909	4004	upward_scan	66.167184198819598	11.50842661565256	22199	4615	0	0.070650749999999998
20260909	4005	uniform_accepted	41.979908648528131	-8.9360426894705842	18004	3800	0	0.053892583000000001
20260909	4005	upward_scan	75.52462630187263	19.761436911761919	24461	5093	0	0.070827291000000001
20260909	4006	uniform_accepted	29.910142291231711	-22.872240408564945	14587	3081	0	0.044415749999999997
20260909	4006	upward_scan	65.692747075181956	10.017271490892469	18912	3939	0	0.050362957999999999
20260909	4007	uniform_accepted	31.459612352848481	-18.261825511017342	14788	3059	0	0.045736249999999999
20260909	4007	upward_scan	78.44203583636741	22.335412937173732	25700	5354	0	0.077541125000000002
20260909	4008	uniform_accepted	24.12124165583722	-29.907161373790807	11720	2457	0	0.032432042000000001
20260909	4008	upward_scan	61.594476493500167	11.711018475546068	19106	3993	0	0.057691417000000002
20260909	4009	uniform_accepted	39.254090514810251	-5.94283388302867	15226	3165	0	0.042096459000000003
20260909	4009	upward_scan	67.11687324653694	10.434798770915549	20409	4247	0	0.058423541000000002
20260909	4010	uniform_accepted	27.793958113903752	-26.98251576745465	13271	2775	0	0.038698957999999999
20260909	4010	upward_scan	75.966007256321049	16.899293882472293	23834	4977	0	0.068521499999999999
20260909	4011	uniform_accepted	35.734040689265662	-13.149819253677601	14804	3042	0	0.041531499999999999
20260909	4011	upward_scan	71.455892422932706	15.013796775793482	20363	4243	0	0.055607292000000003
20260909	4012	uniform_accepted	28.305775267929231	-14.608186047466164	12676	2646	0	0.037216167000000001
20260909	4012	upward_scan	67.922162815945882	12.391880667639429	23114	4818	0	0.076441124999999999
20260909	4013	uniform_accepted	37.487935649831947	-13.496609515444892	16258	3337	0	0.043915375
20260909	4013	upward_scan	55.057081987605926	3.9024773783344475	19029	3967	0	0.058115332999999998
20260909	4014	uniform_accepted	33.3594443169128	-18.9843248705122	13259	2844	0	0.037099374999999997
20260909	4014	upward_scan	62.027196366916144	7.9553048506740218	19469	4067	0	0.059122958000000003
20260909	4015	uniform_accepted	31.188232947290928	-20.08345239303992	11864	2498	0	0.033011958000000001
20260909	4015	upward_scan	57.633975756291541	10.021828661571291	17846	3717	0	0.052076875000000002
20260909	4016	uniform_accepted	26.252812012151519	-24.311716573922578	13500	2778	0	0.038755208999999999
20260909	4016	upward_scan	60.982027252919195	13.457877938373024	19345	4027	0	0.055375624999999998
20260909	4017	uniform_accepted	31.336934464908509	-21.707974241305365	13690	2875	0	0.042993957999999999
20260909	4017	upward_scan	58.69115462363218	9.382521132323399	17417	3628	0	0.049328249999999997
20260909	4018	uniform_accepted	32.986806664149043	-19.214890284990851	13553	2846	0	0.043513542000000002
20260909	4018	upward_scan	61.887611003230937	12.369507463094504	19898	4144	0	0.060107374999999998
20260909	4019	uniform_accepted	37.565241690640114	-15.16908615285984	16577	3466	0	0.052531000000000001
20260909	4019	upward_scan	88.055270053292844	22.620456430379971	25666	5346	0	0.065742750000000003
20260909	4020	uniform_accepted	32.648635658356483	-17.617303282814561	12790	2677	0	0.036722334000000002
20260909	4020	upward_scan	81.199462090330854	21.361796627194188	25472	5314	0	0.076835291999999999
20260909	4021	uniform_accepted	30.685652385743204	-18.182274224744376	14284	2986	0	0.039585250000000002
20260909	4021	upward_scan	55.919411822384603	6.6233894698551046	17653	3688	0	0.046601499999999997
20260909	4022	uniform_accepted	28.984729308104196	-22.232193172780512	12881	2707	0	0.035433291999999998
20260909	4022	upward_scan	51.617726261629393	1.2727481371914384	15354	3201	0	0.043704459000000001
20260909	4023	uniform_accepted	47.011256134245976	-12.827348629111594	16777	3483	0	0.052420292
20260909	4023	upward_scan	69.049274435698962	13.02020623629236	23406	4875	0	0.14284395799999999
20260909	4024	uniform_accepted	49.186648588736638	-4.8303909701813268	16329	3425	0	0.106699666
20260909	4024	upward_scan	63.558572303744597	17.995460821768276	21442	4464	0	0.065142707999999994
20260909	4025	uniform_accepted	26.996381897065728	-20.990165043412361	12421	2598	0	0.037876624999999997
20260909	4025	upward_scan	69.339439900259578	18.278200765191777	19353	4040	0	0.052560374999999999
20260909	4026	uniform_accepted	41.574105748139253	-8.5142225177285482	15961	3250	0	0.043523166000000002
20260909	4026	upward_scan	55.466800809281047	6.452670616363986	18878	3941	0	0.058901291000000001
20260909	4027	uniform_accepted	29.836456236370537	-27.532252839973122	11979	2522	0	0.034353500000000002
20260909	4027	upward_scan	73.825052440136474	19.717969369317551	22682	4722	0	0.065521959000000005
20260909	4028	uniform_accepted	30.163503058090345	-18.758214637294408	13183	2762	0	0.039696500000000003
20260909	4028	upward_scan	63.62413393775212	11.153759495994819	22200	4613	0	0.068877250000000001
20260909	4029	uniform_accepted	33.955036151858174	-22.311925369205515	12848	2660	0	0.033951165999999998
20260909	4029	upward_scan	60.326548701865761	6.0427973811740383	17262	3595	0	0.047228790999999999
20260909	4030	uniform_accepted	31.045819286711495	-18.019467624974904	11458	2369	0	0.033853250000000001
20260909	4030	upward_scan	63.599162884184238	10.441114255215011	18143	3784	0	0.047681624999999998
20260909	4031	uniform_accepted	35.185136313893949	-15.899853534122091	12570	2567	0	0.031899749999999998
20260909	4031	upward_scan	59.163941426724193	9.6711084354579153	18153	3773	0	0.054378083000000001
20260909	4032	uniform_accepted	32.120117408373247	-14.748965914871588	12111	2543	0	0.035570457999999999
20260909	4032	upward_scan	61.382372476665921	13.893350615469037	20328	4247	0	0.055179499999999999
20260909	4033	uniform_accepted	36.736172926882212	-12.617847610051927	12056	2544	0	0.032806000000000002
20260909	4033	upward_scan	60.087019686458049	9.0046853103170328	18847	3939	0	0.05069775
20260909	4034	uniform_accepted	43.611426277931379	-10.540400462705719	16509	3439	0	0.048940790999999997
20260909	4034	upward_scan	55.590930427471655	10.335562241006238	18483	3852	0	0.054190166999999997
20260909	4035	uniform_accepted	30.4369136774365	-20.18515454158981	13274	2733	0	0.036322792
20260909	4035	upward_scan	68.811260142403739	13.659180005165666	21898	4550	0	0.071759666
20260909	4036	uniform_accepted	39.484530035044799	-10.779830299650888	13999	2934	0	0.051391791999999999
20260909	4036	upward_scan	61.179940072681319	12.741832935172098	18116	3776	0	0.051127167000000001
20260909	4037	uniform_accepted	40.713358652289941	-7.5410663437100069	16358	3309	0	0.044720749999999997
20260909	4037	upward_scan	68.406503086124061	12.780480982078629	20110	4187	0	0.055554125000000003
20260909	4038	uniform_accepted	37.167486738744202	-16.138636968920089	17241	3550	0	0.050713332999999999
20260909	4038	upward_scan	56.761275356888014	5.1869880701918065	19619	4080	0	0.059799208
20260909	4039	uniform_accepted	29.817776245036608	-19.391660702038301	11924	2528	0	0.033671916000000003
20260909	4039	upward_scan	68.5635748002681	14.873871845132731	20394	4253	0	0.052469083
20260909	4040	uniform_accepted	39.895811307180736	-15.350152547120761	14451	2986	0	0.03735525
20260909	4040	upward_scan	69.503975545294324	15.645927170546884	22312	4649	0	0.061916667000000002
20260909	4041	uniform_accepted	30.651732318594139	-23.373497876957529	13079	2766	0	0.039216332999999999
20260909	4041	upward_scan	61.674177845708364	13.378296410180223	20696	4299	0	0.064135666999999993
20260909	4042	uniform_accepted	33.547164612315882	-16.818704735385712	13086	2741	0	0.040292042
20260909	4042	upward_scan	82.741814828158567	22.217590420559787	25948	5404	0	0.073941792000000006
20260909	4043	uniform_accepted	37.163927295461313	-21.676578801109518	16535	3381	0	0.046130167
20260909	4043	upward_scan	62.188565923965896	8.2526567345327582	19686	4113	0	0.055855334
20260909	4044	uniform_accepted	36.576539532335325	-13.28690694493976	11892	2533	0	0.034160749999999997
20260909	4044	upward_scan	65.142851819094702	15.690058173856039	18494	3871	0	0.051604375000000001
20260909	4045	uniform_accepted	28.402176902276398	-24.652303491049175	12496	2645	0	0.039049832999999999
20260909	4045	upward_scan	53.009850039812768	6.6547840405353753	17033	3544	0	0.051777249999999997
20260909	4046	uniform_accepted	26.896790014498009	-28.676465970521502	13786	2851	0	0.043009040999999998
20260909	4046	upward_scan	55.493650441190766	6.5678692930454243	16927	3531	0	0.04732575
20260909	4047	uniform_accepted	37.915238845641198	-13.344613378262075	14199	2904	0	0.042335499999999998
20260909	4047	upward_scan	56.099107921364663	9.8479690550349002	16724	3490	0	0.046200040999999997
20260909	4048	uniform_accepted	44.301747699387363	-7.5746357071409163	17505	3653	0	0.053112790999999999
20260909	4048	upward_scan	68.105757877824857	15.576369919165867	20095	4184	0	0.054869250000000001
20260909	4049	uniform_accepted	33.897541820884697	-17.100042296877945	13211	2805	0	0.038395041999999997
20260909	4049	upward_scan	55.191600818803785	9.9184310041375614	15942	3321	0	0.042999374999999999
20260909	4050	uniform_accepted	28.048393968346964	-20.978787836616391	13427	2838	0	0.037830207999999997
20260909	4050	upward_scan	74.847330629499737	16.867011837684853	23071	4803	0	0.067724583000000005
20260909	4051	uniform_accepted	31.444868842306231	-20.729884546334524	12443	2640	0	0.031168499999999998
20260909	4051	upward_scan	64.50712580532911	14.330446046182644	17698	3694	0	0.046796292000000003
20260909	4052	uniform_accepted	35.954005902169911	-19.333951882527639	13618	2838	0	0.038681832999999999
20260909	4052	upward_scan	81.82185118888242	22.91186850220172	26245	5459	0	0.07448225
20260909	4053	uniform_accepted	30.631644875674539	-13.519182650479801	10763	2256	0	0.031711625
20260909	4053	upward_scan	69.898420001646002	17.49571568883664	23306	4858	0	0.068302916000000005
20260909	4054	uniform_accepted	24.769292333334551	-29.79968757730115	13367	2743	0	0.036501249999999999
20260909	4054	upward_scan	73.358036719758033	18.579299338887303	21316	4453	0	0.060954082999999999
20260909	4055	uniform_accepted	36.227795030009126	-15.960616139642976	16290	3341	0	0.044651707999999998
20260909	4055	upward_scan	64.287123583478717	11.198656558201497	20327	4220	0	0.055879125000000002
20260909	4056	uniform_accepted	48.690670734874196	-3.63870310834788	17714	3669	0	0.052897416000000003
20260909	4056	upward_scan	58.889422549461827	7.1950569720422273	16980	3535	0	0.046086166999999997
20260909	4057	uniform_accepted	25.927123615620349	-24.548369505815067	12544	2529	0	0.034127625000000002
20260909	4057	upward_scan	76.006338560215326	20.50110196302591	24930	5197	0	0.074623459000000003
20260909	4058	uniform_accepted	35.900863203610037	-16.823534278303899	13383	2797	0	0.038877124999999998
20260909	4058	upward_scan	76.26861442935467	15.768414813478906	24920	5194	0	0.072814875000000001
20260909	4059	uniform_accepted	26.378676668096091	-25.129187534294335	11156	2343	0	0.033151458000000002
20260909	4059	upward_scan	62.787853134963591	9.8263575718645093	18110	3793	0	0.050347083000000001
20260909	4060	uniform_accepted	28.600467375087312	-26.71682604575134	14734	3085	0	0.045273124999999997
20260909	4060	upward_scan	65.247742170003278	11.196309172276203	20927	4369	0	0.052452375000000002
20260909	4061	uniform_accepted	31.367467832263362	-18.367256352971999	11792	2472	0	0.033423500000000002
20260909	4061	upward_scan	62.97684637115168	7.8841589176527744	18812	3931	0	0.053039042000000002
20260909	4062	uniform_accepted	33.165516778446822	-17.897200069804946	13121	2743	0	0.036742375000000001
20260909	4062	upward_scan	60.378961395008218	12.381254457120452	18289	3822	0	0.051276875
20260909	4063	uniform_accepted	33.526103900392357	-17.7324304529795	14025	2862	0	0.043313791999999997
20260909	4063	upward_scan	59.286273028041158	9.8924299755782137	19361	4031	0	0.058994458999999999
20260909	4064	uniform_accepted	32.625216950308022	-20.493999381281842	14195	2971	0	0.040849375
20260909	4064	upward_scan	70.503970770449953	16.863464846270713	20661	4301	0	0.055902167000000003
20260909	4065	uniform_accepted	25.48894331821365	-27.235694113723369	12864	2641	0	0.037179499999999997
20260909	4065	upward_scan	62.768256335484949	11.730361711847292	19748	4119	0	0.05813575
20260909	4066	uniform_accepted	28.914612512276936	-26.293244646162478	11925	2470	0	0.031618041999999999
20260909	4066	upward_scan	60.39480556963268	5.7154008068988382	18864	3931	0	0.051795000000000001
20260909	4067	uniform_accepted	43.390900574831079	-8.7007603857301277	14062	2916	0	0.038252374999999998
20260909	4067	upward_scan	67.958231457800125	12.619185833442522	19848	4124	0	0.053226207999999997
20260909	4068	uniform_accepted	28.374101782460347	-19.036162789863134	10849	2221	0	0.026971124999999999
20260909	4068	upward_scan	60.944084982557406	12.419344543450762	18562	3872	0	0.053260542000000001
20260909	4069	uniform_accepted	29.254236240199102	-16.087801702848619	11767	2395	0	0.030718084
20260909	4069	upward_scan	83.076283706249853	22.665613688585367	25715	5357	0	0.091433666999999996
20260909	4070	uniform_accepted	37.501541384946826	-13.346001135492303	14328	2999	0	0.069569833999999997
20260909	4070	upward_scan	55.872225458192119	8.6867040581072121	16148	3357	0	0.047911292000000001
20260909	4071	uniform_accepted	20.820289448796359	-37.394718229630058	9759	2026	0	0.026591209000000001
20260909	4071	upward_scan	54.828535177999584	8.5887493406495299	16830	3516	0	0.049927459
20260909	4072	uniform_accepted	28.166348607484938	-32.391440740056929	12597	2631	0	0.034926125000000002
20260909	4072	upward_scan	77.760198996119783	18.592259876491667	23027	4802	0	0.060894166999999999
20260909	4073	uniform_accepted	39.737771174316791	-10.297504893927957	15401	3232	0	0.041359667000000003
20260909	4073	upward_scan	56.173084632769303	8.3997605569899942	17089	3567	0	0.044537040999999999
20260909	4074	uniform_accepted	41.673673981100954	-11.569993122109958	15317	3149	0	0.040045833000000003
20260909	4074	upward_scan	52.495513832735107	7.6392641382831208	15201	3174	0	0.042839083
20260909	4075	uniform_accepted	38.469999141726291	-17.820178981282236	13065	2671	0	0.034742958999999997
20260909	4075	upward_scan	48.73577412907121	3.8872840813635623	15559	3253	0	0.043249415999999999
20260909	4076	uniform_accepted	36.888311024828916	-14.957838661728982	13040	2728	0	0.036653290999999998
20260909	4076	upward_scan	66.279012107279726	13.463881676132647	21541	4493	0	0.063542833000000007
20260909	4077	uniform_accepted	36.40641910999247	-15.386924419574912	12476	2599	0	0.034099875000000002
20260909	4077	upward_scan	64.303507009539018	11.796608098373085	18479	3837	0	0.050906667000000003
20260909	4078	uniform_accepted	27.140189662785232	-20.92412835157419	12707	2586	0	0.036752541999999999
20260909	4078	upward_scan	64.756657699756204	12.275627329272304	18993	3965	0	0.054405292000000001
20260909	4079	uniform_accepted	32.16369778160017	-22.167947340438399	14336	3066	0	0.042652750000000003
20260909	4079	upward_scan	62.434967210588511	9.7402733574483378	21110	4419	0	0.062534583000000005
20260909	4080	uniform_accepted	34.546907768960281	-13.973130355434169	12442	2607	0	0.034792416999999999
20260909	4080	upward_scan	81.0484459366279	18.484593895838984	26604	5539	0	0.070920250000000004
20260909	4081	uniform_accepted	30.203940025834953	-17.867113560276998	12740	2646	0	0.033754667000000002
20260909	4081	upward_scan	74.534747975948818	15.576823083026548	23196	4821	0	0.071568583000000005
20260909	4082	uniform_accepted	28.731861148148919	-22.52903119494394	13037	2779	0	0.039408790999999999
20260909	4082	upward_scan	70.571113136069329	15.672560472297056	22220	4621	0	0.061565292000000001
20260909	4083	uniform_accepted	30.874311797221054	-13.931900305891995	13911	2869	0	0.042190458
20260909	4083	upward_scan	59.48094907309865	7.5827136768100756	20109	4185	0	0.055479582999999999
20260909	4084	uniform_accepted	29.104741264815349	-28.656897439883462	12797	2696	0	0.034467667
20260909	4084	upward_scan	54.055694956885198	10.854917132986989	16657	3480	0	0.048837875000000003
20260909	4085	uniform_accepted	34.938337992181047	-21.841196002246523	12255	2568	0	0.031986624999999998
20260909	4085	upward_scan	60.964178157362291	14.801370772817149	18923	3943	0	0.053578667000000003
20260909	4086	uniform_accepted	22.124581638526397	-25.45525825105894	11620	2414	0	0.036336582999999999
20260909	4086	upward_scan	55.429323556754497	5.8045083324990072	16782	3505	0	0.050509332999999997
20260909	4087	uniform_accepted	37.7166246144279	-11.865685613711282	14109	2978	0	0.041385708
20260909	4087	upward_scan	59.4247596431373	12.14251702625236	16866	3507	0	0.048349999999999997
20260909	4088	uniform_accepted	34.33141069052953	-23.695641853142828	13529	2844	0	0.037643749999999997
20260909	4088	upward_scan	66.446116270373977	15.936999417169657	23096	4821	0	0.073950457999999997
20260909	4089	uniform_accepted	36.546082943226352	-13.906525937742449	13383	2819	0	0.037634750000000002
20260909	4089	upward_scan	72.272948065275401	17.906937606473242	22532	4693	0	0.063728499999999993
20260909	4090	uniform_accepted	26.796188394711386	-22.280319811460267	11047	2241	0	0.029379333000000001
20260909	4090	upward_scan	75.821458550121804	20.658300349083053	21929	4574	0	0.064129000000000005
20260909	4091	uniform_accepted	32.368015919643533	-19.516364392878025	12786	2599	0	0.03342825
20260909	4091	upward_scan	71.448618490778031	17.567564624621017	21073	4401	0	0.060727749999999997
20260909	4092	uniform_accepted	23.114260586412477	-26.282333327704833	15275	3185	0	0.046592541000000001
20260909	4092	upward_scan	80.659343348936275	22.347513671836904	25812	5385	0	0.068603707999999999
20260909	4093	uniform_accepted	40.494532963351723	-9.1420489060066981	15682	3186	0	0.040521082999999999
20260909	4093	upward_scan	63.35464125125435	13.828555081318283	18841	3928	0	0.053729875000000003
20260909	4094	uniform_accepted	29.612718224542309	-25.959006066649724	11389	2389	0	0.030280499999999998
20260909	4094	upward_scan	72.323989064488728	15.414667819560044	20014	4176	0	0.057863042000000003
20260909	4095	uniform_accepted	30.533750959278866	-20.986530323475648	14855	3073	0	0.043421374999999998
20260909	4095	upward_scan	67.066790682951506	13.77450616606205	21888	4556	0	0.067913583999999999
