seed	replicate	model	label	factor	bits	value	predecessor	gap
20260909	0	uniform_accepted	RSA-100	1	165	36381875493942596597561342158805734668406507876157	36381875493942596597561342158805734668406507876073	84
20260909	0	uniform_accepted	RSA-100	2	165	43202924867547506340154750195783716341255700033707	43202924867547506340154750195783716341255700033581	126
20260909	0	uniform_accepted	RSA-110	1	182	5204532917004110317750453261397788051491204464491895981	5204532917004110317750453261397788051491204464491895861	120
20260909	0	uniform_accepted	RSA-110	2	182	5120549912525637561634739361169773121069316592691350887	5120549912525637561634739361169773121069316592691350449	438
20260909	0	uniform_accepted	RSA-120	1	198	377325258183012744575984018396488978500560595724450617359393	377325258183012744575984018396488978500560595724450617359351	42
20260909	0	uniform_accepted	RSA-120	2	199	756260153563990450266791669964679841201279479029471316395851	756260153563990450266791669964679841201279479029471316395491	360
20260909	0	uniform_accepted	RSA-130	1	215	48957811718317085302714608011362851603186356912236042085060524097	48957811718317085302714608011362851603186356912236042085060524007	90
20260909	0	uniform_accepted	RSA-130	2	215	50497884757541601926890585056354834140433572737778032277253262157	50497884757541601926890585056354834140433572737778032277253261899	258
20260909	0	uniform_accepted	RSA-140	1	231	2792363740219877157318981092635508073071517118620270028467384075117491	2792363740219877157318981092635508073071517118620270028467384075117281	210
20260909	0	uniform_accepted	RSA-140	2	232	5832698749419391107356262535886434282183723677014076470843979719992661	5832698749419391107356262535886434282183723677014076470843979719992349	312
20260909	0	uniform_accepted	RSA-150	1	248	438456537105593136636232288417777890818814219562543923961648254291320046803	438456537105593136636232288417777890818814219562543923961648254291320046119	684
20260909	0	uniform_accepted	RSA-150	2	248	359678448901642795276631424448755218851426194062902100828478520822012177907	359678448901642795276631424448755218851426194062902100828478520822012177301	606
20260909	0	uniform_accepted	RSA-160	1	265	45018723330918374077546621336601390093445318603387089152266278128219294939474841	45018723330918374077546621336601390093445318603387089152266278128219294939474823	18
20260909	0	uniform_accepted	RSA-160	2	265	48361639601646890610085403581101865485245143507771270634413268687356203649681271	48361639601646890610085403581101865485245143507771270634413268687356203649681157	114
20260909	0	uniform_accepted	RSA-170	1	281	3091189469355167211778183034007353755856728437054206300067361788500848351685710893071	3091189469355167211778183034007353755856728437054206300067361788500848351685710892861	210
20260909	0	uniform_accepted	RSA-170	2	282	7040199486132144040828803252711014868756884317144672717517539911153876648172958881121	7040199486132144040828803252711014868756884317144672717517539911153876648172958881103	18
20260909	0	uniform_accepted	RSA-180	1	298	395562996689018761092379420020906002615086197996964192843175839165072392511688735017998371	395562996689018761092379420020906002615086197996964192843175839165072392511688735017997909	462
20260909	0	uniform_accepted	RSA-180	2	298	404122333603433309078567768833812398223967902921660190076537443775250513776043447629580371	404122333603433309078567768833812398223967902921660190076537443775250513776043447629580197	174
20260909	0	uniform_accepted	RSA-190	1	314	25111069216778402170852829149483919763390226950417492128888807095835845320492310232589985649231	25111069216778402170852829149483919763390226950417492128888807095835845320492310232589985648469	762
20260909	0	uniform_accepted	RSA-190	2	315	61656208073735469974116008208641569791327679222772846765936445526282957990395577358714786896111	61656208073735469974116008208641569791327679222772846765936445526282957990395577358714786895199	912
20260909	0	uniform_accepted	RSA-200	1	331	3811881142822114157152771664865351223754380867668662025759122119886636262775522053651043783331757107	3811881142822114157152771664865351223754380867668662025759122119886636262775522053651043783331756099	1008
20260909	0	uniform_accepted	RSA-200	2	332	8129450049654640761833397356249291838373861459921389523815413691798299752703857772765245566644184089	8129450049654640761833397356249291838373861459921389523815413691798299752703857772765245566644182511	1578
20260909	0	uniform_accepted	RSA-210	1	348	505273134287375649436031097473595822487905259493648311204578011762547324139217887752680472545398439546273	505273134287375649436031097473595822487905259493648311204578011762547324139217887752680472545398439546069	204
20260909	0	uniform_accepted	RSA-210	2	348	570675704364196366225824084204327505907197511501548785684975298948143107223123348073152816230660226698957	570675704364196366225824084204327505907197511501548785684975298948143107223123348073152816230660226697511	1446
20260909	0	uniform_accepted	RSA-220	1	364	30525690275218028146228827493003007169718166387451342779986611491700834167633712912060846104038033881356510759	30525690275218028146228827493003007169718166387451342779986611491700834167633712912060846104038033881356510363	396
20260909	0	uniform_accepted	RSA-220	2	365	74693470364198514552601460853835285337968894499179355766508381045087390396290129530875403673249297872302454333	74693470364198514552601460853835285337968894499179355766508381045087390396290129530875403673249297872302454189	144
20260909	0	uniform_accepted	RSA-230	1	381	3758396077512504980223204105311965501970967567495608157129622639131217058728759438564024318769120215103274226242851	3758396077512504980223204105311965501970967567495608157129622639131217058728759438564024318769120215103274226242239	612
20260909	0	uniform_accepted	RSA-230	2	381	4660771384611176988974404744235420536072477328041147657100273208392347679579235494787694566812151324894570156876047	4660771384611176988974404744235420536072477328041147657100273208392347679579235494787694566812151324894570156875939	108
20260909	0	uniform_accepted	RSA-240	1	397	286638326820176956179036386921141926022685359374681320456276256690993123698523375588601249993676948381124921819451018387	286638326820176956179036386921141926022685359374681320456276256690993123698523375588601249993676948381124921819451018333	54
20260909	0	uniform_accepted	RSA-240	2	398	531753468906577600870675534969922704056529668910306811780696069438537388044354126181487422017022815325286331715742750499	531753468906577600870675534969922704056529668910306811780696069438537388044354126181487422017022815325286331715742749161	1338
20260909	0	uniform_accepted	RSA-250	1	414	36454348673437637378191760691086343853392184495487526514834914112886243887063843530119997401896748276155771600354307173881593	36454348673437637378191760691086343853392184495487526514834914112886243887063843530119997401896748276155771600354307173881479	114
20260909	0	uniform_accepted	RSA-250	2	415	78457415798152718928771885990629094543253564933930406360215124542792775732414456184777365532590371032806969808261199166444183	78457415798152718928771885990629094543253564933930406360215124542792775732414456184777365532590371032806969808261199166443493	690
20260909	0	uniform_accepted	RSA-260	1	431	5193001797252830586762463515585683357686887560421279362420686428228307240478201936077483560554057302302163223126087426778547943693	5193001797252830586762463515585683357686887560421279362420686428228307240478201936077483560554057302302163223126087426778547943093	600
20260909	0	uniform_accepted	RSA-260	2	431	4218162601652474246030618433274677924789891376943972497045499558792434873353649056486850007907932477107620978391295480859635137631	4218162601652474246030618433274677924789891376943972497045499558792434873353649056486850007907932477107620978391295480859635137277	354
20260909	0	upward_scan	RSA-100	1	165	43490301031535849734510426743719558864141660684261	43490301031535849734510426743719558864141660683583	678
20260909	0	upward_scan	RSA-100	2	165	46090337202820984408005618740415603721423966797947	46090337202820984408005618740415603721423966797359	588
20260909	0	upward_scan	RSA-110	1	182	4695277044551724663424103693946082600282917585724459637	4695277044551724663424103693946082600282917585724459313	324
20260909	0	upward_scan	RSA-110	2	182	5171812078646287265458671172989269575284082886300519213	5171812078646287265458671172989269575284082886300519093	120
20260909	0	upward_scan	RSA-120	1	198	331959300277220313354781581847167024730221340766461571307437	331959300277220313354781581847167024730221340766461571306897	540
20260909	0	upward_scan	RSA-120	2	199	691713774978992240708195252608011681311065947988544423132951	691713774978992240708195252608011681311065947988544423132579	372
20260909	0	upward_scan	RSA-130	1	215	47817806752580940157686169970232051766989340891613675668795173077	47817806752580940157686169970232051766989340891613675668795172453	624
20260909	0	upward_scan	RSA-130	2	215	44268808707789759714048723887347051384391182831031650306155894701	44268808707789759714048723887347051384391182831031650306155894269	432
20260909	0	upward_scan	RSA-140	1	231	2971621703076184426804464721339833917865688254439672977088101755392283	2971621703076184426804464721339833917865688254439672977088101755392169	114
20260909	0	upward_scan	RSA-140	2	232	6876020379127537697878013602117230689783617623682154645677152211942541	6876020379127537697878013602117230689783617623682154645677152211941431	1110
20260909	0	upward_scan	RSA-150	1	248	390637832341456641980723904404170348345468040352068665444653582604628317799	390637832341456641980723904404170348345468040352068665444653582604628317151	648
20260909	0	upward_scan	RSA-150	2	248	413852127442936246791983669592190560288564314522006240507814733155638686727	413852127442936246791983669592190560288564314522006240507814733155638686493	234
20260909	0	upward_scan	RSA-160	1	265	49030650280834162964366069351273723803485408375285494023914488068934443151293193	49030650280834162964366069351273723803485408375285494023914488068934443151292983	210
20260909	0	upward_scan	RSA-160	2	265	55379866934665197815433407429004206172758852279617498981694187466410842421095513	55379866934665197815433407429004206172758852279617498981694187466410842421094781	732
20260909	0	upward_scan	RSA-170	1	281	3213522111644419635315544185830725513798034273425063135618926517265393408785051745177	3213522111644419635315544185830725513798034273425063135618926517265393408785051744799	378
20260909	0	upward_scan	RSA-170	2	282	6202150370548464453650246106069641796604491143425417428385576613876584927041613359467	6202150370548464453650246106069641796604491143425417428385576613876584927041613358543	924
20260909	0	upward_scan	RSA-180	1	298	419557130665269121848128822951889064850613885816139513678962808200508229462822574010029893	419557130665269121848128822951889064850613885816139513678962808200508229462822574010029461	432
20260909	0	upward_scan	RSA-180	2	298	437186129081066487071911517200244473149439358583139607211629119724628652820632993367818799	437186129081066487071911517200244473149439358583139607211629119724628652820632993367817401	1398
20260909	0	upward_scan	RSA-190	1	314	29340949828272584344785899772788777438572596689817533057468697244418099626254046549585775806949	29340949828272584344785899772788777438572596689817533057468697244418099626254046549585775805917	1032
20260909	0	upward_scan	RSA-190	2	315	58424154683543379276980663257701579788954702482508455481866862438255681409454617443028870509717	58424154683543379276980663257701579788954702482508455481866862438255681409454617443028870509123	594
20260909	0	upward_scan	RSA-200	1	331	3599886643245634571748424340980351899764116356091152948047133101361954368239470327893209299677299853	3599886643245634571748424340980351899764116356091152948047133101361954368239470327893209299677299079	774
20260909	0	upward_scan	RSA-200	2	332	7685899651464341786618648418458640333077812159936935431671875546770413725546383254482032045031531947	7685899651464341786618648418458640333077812159936935431671875546770413725546383254482032045031531707	240
20260909	0	upward_scan	RSA-210	1	348	439777053720078116195663198291115215761700636516268043010497940575430966575968031350906508836230597283851	439777053720078116195663198291115215761700636516268043010497940575430966575968031350906508836230597283467	384
20260909	0	upward_scan	RSA-210	2	348	516951154261627440179776249081544543468605117437592616977905402509572008212561134792215949221756660414953	516951154261627440179776249081544543468605117437592616977905402509572008212561134792215949221756660414209	744
20260909	0	upward_scan	RSA-220	1	364	35119065434898783238340732282531509082246442998009975896824066955359368862249459729130453923211564506763590359	35119065434898783238340732282531509082246442998009975896824066955359368862249459729130453923211564506763588277	2082
20260909	0	upward_scan	RSA-220	2	365	64557651208480432285235442724478233972309554714578108625320334968737930937599421417091655436414031443363042513	64557651208480432285235442724478233972309554714578108625320334968737930937599421417091655436414031443363040977	1536
20260909	0	upward_scan	RSA-230	1	381	4213352705536550003726794947705768726679342669824290794832143198931290453833775835673850718220142173367392246217277	4213352705536550003726794947705768726679342669824290794832143198931290453833775835673850718220142173367392246216953	324
20260909	0	upward_scan	RSA-230	2	381	4910451721744153074816856316762344272737727490920912615431126837481598477346266720109920059531570653511591791677169	4910451721744153074816856316762344272737727490920912615431126837481598477346266720109920059531570653511591791676953	216
20260909	0	upward_scan	RSA-240	1	397	306246047420522018095605512270976517965648545108200101527150770532443035250262034093057855870014643735735638978979470597	306246047420522018095605512270976517965648545108200101527150770532443035250262034093057855870014643735735638978979470291	306
20260909	0	upward_scan	RSA-240	2	398	561485113657634187989454855088387679173989826007623817509204537484222739208060489256795370722682464052190447564597851917	561485113657634187989454855088387679173989826007623817509204537484222739208060489256795370722682464052190447564597851329	588
20260909	0	upward_scan	RSA-250	1	414	40231163901603787254669696738757065644961195859196642283727473533288605350799305975247148255376681637615522203187486393191191	40231163901603787254669696738757065644961195859196642283727473533288605350799305975247148255376681637615522203187486393190741	450
20260909	0	upward_scan	RSA-250	2	415	69382197420141616877693095980528163787756249655844808045156350910388471199755533726074354244185071345735811788063768630986999	69382197420141616877693095980528163787756249655844808045156350910388471199755533726074354244185071345735811788063768630986171	828
20260909	0	upward_scan	RSA-260	1	431	4766437743420725176750631889265945574387503532264183209308869883733105137687247590260572488306503999963578122156673902687252329999	4766437743420725176750631889265945574387503532264183209308869883733105137687247590260572488306503999963578122156673902687252329273	726
20260909	0	upward_scan	RSA-260	2	431	4339900760969136883446553855818212385460580426763867986585255886234426471236722294429228600359219101345966460312545365247646801413	4339900760969136883446553855818212385460580426763867986585255886234426471236722294429228600359219101345966460312545365247646800309	1104
20260909	1	uniform_accepted	RSA-100	1	165	41278390935790985468022965143982989648002374982407	41278390935790985468022965143982989648002374982251	156
20260909	1	uniform_accepted	RSA-100	2	165	37275834861572070839394942317774237487276181036067	37275834861572070839394942317774237487276181036007	60
20260909	1	uniform_accepted	RSA-110	1	182	5838554982708794080366133993954439315218185812982343081	5838554982708794080366133993954439315218185812982343009	72
20260909	1	uniform_accepted	RSA-110	2	182	4714012870638772565207749757311450895500334872100285369	4714012870638772565207749757311450895500334872100285339	30
20260909	1	uniform_accepted	RSA-120	1	198	390398241384845761616572301067321889496662357502294896926467	390398241384845761616572301067321889496662357502294896926281	186
20260909	1	uniform_accepted	RSA-120	2	199	767347652015625965473070670093722976161210067189883579534673	767347652015625965473070670093722976161210067189883579534643	30
20260909	1	uniform_accepted	RSA-130	1	215	46254239346144124267923674072257255336472733634446152011206666377	46254239346144124267923674072257255336472733634446152011206666119	258
20260909	1	uniform_accepted	RSA-130	2	215	42405583588891909225626482843949981817307341657861424676986367947	42405583588891909225626482843949981817307341657861424676986367599	348
20260909	1	uniform_accepted	RSA-140	1	231	2921899598853851573655229935098975257279814653328727892909038987903923	2921899598853851573655229935098975257279814653328727892909038987902927	996
20260909	1	uniform_accepted	RSA-140	2	232	5736941116071223905915985590274148111840751053499031018767222314210393	5736941116071223905915985590274148111840751053499031018767222314210123	270
20260909	1	uniform_accepted	RSA-150	1	248	377411112470058678776585201660552671301376407266442972306231252991807890813	377411112470058678776585201660552671301376407266442972306231252991807890513	300
20260909	1	uniform_accepted	RSA-150	2	248	420134721653114667812849831911200832198646377361606977835901738770457409253	420134721653114667812849831911200832198646377361606977835901738770457409013	240
20260909	1	uniform_accepted	RSA-160	1	265	46980194021291304050672678824640751762560329477113628678007370305122672347679961	46980194021291304050672678824640751762560329477113628678007370305122672347679487	474
20260909	1	uniform_accepted	RSA-160	2	265	49395857716157440920044499172224477699465779332221202334633704286397486819895271	49395857716157440920044499172224477699465779332221202334633704286397486819895079	192
20260909	1	uniform_accepted	RSA-170	1	281	3371133692927232332650692758243527837254217451069012051133810302231511882869162049203	3371133692927232332650692758243527837254217451069012051133810302231511882869162047379	1824
20260909	1	uniform_accepted	RSA-170	2	282	6942738968574456955799044276199477090238699827409447351026728300002695564565180053147	6942738968574456955799044276199477090238699827409447351026728300002695564565180053099	48
20260909	1	uniform_accepted	RSA-180	1	298	420577258573549895981171677762317448919579030178579306935209763897979627524833235023658153	420577258573549895981171677762317448919579030178579306935209763897979627524833235023657901	252
20260909	1	uniform_accepted	RSA-180	2	298	450230163385273998738391761827705279626916282005601182700574094848358217940440557694252303	450230163385273998738391761827705279626916282005601182700574094848358217940440557694252069	234
20260909	1	uniform_accepted	RSA-190	1	314	29792314359625015344907430257919865650995525167465494608047054772747465397133420388497435760061	29792314359625015344907430257919865650995525167465494608047054772747465397133420388497435759953	108
20260909	1	uniform_accepted	RSA-190	2	315	55555388060266615061552887243605820697632059433190421722646274639392256363669507010958572444873	55555388060266615061552887243605820697632059433190421722646274639392256363669507010958572444843	30
20260909	1	uniform_accepted	RSA-200	1	331	4108423970102306412534637067486726852232860988637205040688233810117689725556298866969407974838678319	4108423970102306412534637067486726852232860988637205040688233810117689725556298866969407974838678163	156
20260909	1	uniform_accepted	RSA-200	2	332	8190866575342687621301539760071707602075391201131236762841988911532958905077768759274785442801351941	8190866575342687621301539760071707602075391201131236762841988911532958905077768759274785442801351647	294
20260909	1	uniform_accepted	RSA-210	1	348	512019121850999600031673451997892924669893070997835513827165034979132956365687449174151428546467255511943	512019121850999600031673451997892924669893070997835513827165034979132956365687449174151428546467255511679	264
20260909	1	uniform_accepted	RSA-210	2	348	515449943433448362523651332791310885333409562122783756742983788395136695089090842308541580203013467588977	515449943433448362523651332791310885333409562122783756742983788395136695089090842308541580203013467588839	138
20260909	1	uniform_accepted	RSA-220	1	364	34724151142666883331792459722475691035546466164206213138021257490058822390096883646406839943605986315598033153	34724151142666883331792459722475691035546466164206213138021257490058822390096883646406839943605986315598032973	180
20260909	1	uniform_accepted	RSA-220	2	365	62086315608592571969171275955365870450930119744060060574790019166199569557890701956726314587488688774145845541	62086315608592571969171275955365870450930119744060060574790019166199569557890701956726314587488688774145845343	198
20260909	1	uniform_accepted	RSA-230	1	381	4411453944724881895692072424599614854239958868263216610940605208026615051042433222408292484520263904884714103458039	4411453944724881895692072424599614854239958868263216610940605208026615051042433222408292484520263904884714103457781	258
20260909	1	uniform_accepted	RSA-230	2	381	4253186826059431612881085627282514589479018242341215513283666280718314811521605030449203701420182179804448709738497	4253186826059431612881085627282514589479018242341215513283666280718314811521605030449203701420182179804448709737513	984
20260909	1	uniform_accepted	RSA-240	1	397	255400019841360795703762930127508147482591661849987931140722101525916137794957982363569731300097362412907380423234201689	255400019841360795703762930127508147482591661849987931140722101525916137794957982363569731300097362412907380423234201647	42
20260909	1	uniform_accepted	RSA-240	2	398	514513363048246832888869121313687882223761305498469290666776205479270726848138404773257236257419176623295147239519014479	514513363048246832888869121313687882223761305498469290666776205479270726848138404773257236257419176623295147239519013591	888
20260909	1	uniform_accepted	RSA-250	1	414	38606960623757985146048753342261971983689421186461603368390265056599899700548236850533436287372376624172594976124569739710277	38606960623757985146048753342261971983689421186461603368390265056599899700548236850533436287372376624172594976124569739710199	78
20260909	1	uniform_accepted	RSA-250	2	415	67366826934869943192475532998752064005735727106352586322174815336517620832303528917045801580876188064877209624069432903544971	67366826934869943192475532998752064005735727106352586322174815336517620832303528917045801580876188064877209624069432903544029	942
20260909	1	uniform_accepted	RSA-260	1	431	5057473760803822643476298928369601639163640866893463060718997578602695895557853237742656275702545021946616497431494563493112873833	5057473760803822643476298928369601639163640866893463060718997578602695895557853237742656275702545021946616497431494563493112873551	282
20260909	1	uniform_accepted	RSA-260	2	431	5048361695558147442458443648637864297750183262791011377144925818020899358355638642661306223562751212996586051584822828300743992167	5048361695558147442458443648637864297750183262791011377144925818020899358355638642661306223562751212996586051584822828300743991909	258
20260909	1	upward_scan	RSA-100	1	165	41330130519419122959448283260927183561620366745799	41330130519419122959448283260927183561620366744713	1086
20260909	1	upward_scan	RSA-100	2	165	39387173692962514923314837486221240153307960405333	39387173692962514923314837486221240153307960404853	480
20260909	1	upward_scan	RSA-110	1	182	4878055698822124384356718629436617235360929769778084507	4878055698822124384356718629436617235360929769778083799	708
20260909	1	upward_scan	RSA-110	2	182	5020131498373546615130636018190466592356361717219911847	5020131498373546615130636018190466592356361717219911763	84
20260909	1	upward_scan	RSA-120	1	198	363934797065371259385291493954323652080353094788566582467911	363934797065371259385291493954323652080353094788566582467593	318
20260909	1	upward_scan	RSA-120	2	199	726791882639994650171019319228479871342917717013110792841139	726791882639994650171019319228479871342917717013110792840371	768
20260909	1	upward_scan	RSA-130	1	215	50155191729523109225180989485694696992407649915088246263582476633	50155191729523109225180989485694696992407649915088246263582475997	636
20260909	1	upward_scan	RSA-130	2	215	46213278172351152651986623020691131969252073720990236225485379371	46213278172351152651986623020691131969252073720990236225485379113	258
20260909	1	upward_scan	RSA-140	1	231	2742042710192160828567629156359629909476942502602517759628368069858467	2742042710192160828567629156359629909476942502602517759628368069858173	294
20260909	1	upward_scan	RSA-140	2	232	6072178002936305688703339247150067255359318290942031961000641983393817	6072178002936305688703339247150067255359318290942031961000641983393583	234
20260909	1	upward_scan	RSA-150	1	248	423002273205999372210417271874743394502684151482697534210576918963748892533	423002273205999372210417271874743394502684151482697534210576918963748891861	672
20260909	1	upward_scan	RSA-150	2	248	437324194419369414492312553779831429452119172563203729368787273299791128521	437324194419369414492312553779831429452119172563203729368787273299791128023	498
20260909	1	upward_scan	RSA-160	1	265	46484331636126049268884541984898566521665602585240323645486335308427262512523781	46484331636126049268884541984898566521665602585240323645486335308427262512523421	360
20260909	1	upward_scan	RSA-160	2	265	55051425743818467063866864583066841979984785943710985949788989625735511641916239	55051425743818467063866864583066841979984785943710985949788989625735511641916191	48
20260909	1	upward_scan	RSA-170	1	281	3301025891462264361681139950410149028008887938343050000626594039444965282359668885481	3301025891462264361681139950410149028008887938343050000626594039444965282359668885391	90
20260909	1	upward_scan	RSA-170	2	282	6709918726050136208710625168074118439137461557570311997997443021541624408824696047453	6709918726050136208710625168074118439137461557570311997997443021541624408824696047147	306
20260909	1	upward_scan	RSA-180	1	298	466293513267645530730980966040398076839545873486333903691075903962498529702384474652853877	466293513267645530730980966040398076839545873486333903691075903962498529702384474652853787	90
20260909	1	upward_scan	RSA-180	2	298	418695709984042728284178909587776296066640142885448141780979965890525477546602076726799401	418695709984042728284178909587776296066640142885448141780979965890525477546602076726798723	678
20260909	1	upward_scan	RSA-190	1	314	28549773082207614212287035381591776009183204335262958155592894270129092348058567609428139463223	28549773082207614212287035381591776009183204335262958155592894270129092348058567609428139462617	606
20260909	1	upward_scan	RSA-190	2	315	62655675996500109405576967035561891757220198546475518139013073828857443653224039182633672790067	62655675996500109405576967035561891757220198546475518139013073828857443653224039182633672789803	264
20260909	1	upward_scan	RSA-200	1	331	4034712740542149059851392863414903070080666904768550362549662283800917574349506451143353644061901141	4034712740542149059851392863414903070080666904768550362549662283800917574349506451143353644061900889	252
20260909	1	upward_scan	RSA-200	2	332	7716358816168625262386405576728678069902008643448297448882165452616247937631452057158930224593933781	7716358816168625262386405576728678069902008643448297448882165452616247937631452057158930224593933031	750
20260909	1	upward_scan	RSA-210	1	348	446383484063596300700843329244647949195375456409800364831997076829696010648490942319043431074989525882427	446383484063596300700843329244647949195375456409800364831997076829696010648490942319043431074989525881191	1236
20260909	1	upward_scan	RSA-210	2	348	445594071008912742832898914486881988293629428793763470162644459326235150267214656540666686770532844403951	445594071008912742832898914486881988293629428793763470162644459326235150267214656540666686770532844403663	288
20260909	1	upward_scan	RSA-220	1	364	30216798932026245927536581186304287758515682307667937439257162130398729648496197562360581041809597244420483867	30216798932026245927536581186304287758515682307667937439257162130398729648496197562360581041809597244420482667	1200
20260909	1	upward_scan	RSA-220	2	365	62543528006655479709563957853017288267608757976311289370565347178099517841634600077635102222569397952327554053	62543528006655479709563957853017288267608757976311289370565347178099517841634600077635102222569397952327553831	222
20260909	1	upward_scan	RSA-230	1	381	4532057383500928525563307663691318256612955119786488059396818958995299729412378460195289959399075197596025168627533	4532057383500928525563307663691318256612955119786488059396818958995299729412378460195289959399075197596025168626369	1164
20260909	1	upward_scan	RSA-230	2	381	4661846646745020366295696955372800202503943131734482387873570681353509034928660406648426290867948044824991265352437	4661846646745020366295696955372800202503943131734482387873570681353509034928660406648426290867948044824991265350391	2046
20260909	1	upward_scan	RSA-240	1	397	271576016614565917869211704739092356771480958590896762175572746284782260423556694272092209052033089790065831821292334857	271576016614565917869211704739092356771480958590896762175572746284782260423556694272092209052033089790065831821292333933	924
20260909	1	upward_scan	RSA-240	2	398	553828123944934585714082985212334224849360525745725884768521908771360755018366700769951541936813722339849780146036488727	553828123944934585714082985212334224849360525745725884768521908771360755018366700769951541936813722339849780146036488013	714
20260909	1	upward_scan	RSA-250	1	414	36074010619600681029552609798318988975174902972026108669898187351226151532979535752943233755664851315378916566824489472357949	36074010619600681029552609798318988975174902972026108669898187351226151532979535752943233755664851315378916566824489472357301	648
20260909	1	upward_scan	RSA-250	2	415	81473518436050133135620592192841407730801482273231104132087328944980345098582050626761066902722723794779127751000566803706567	81473518436050133135620592192841407730801482273231104132087328944980345098582050626761066902722723794779127751000566803706093	474
20260909	1	upward_scan	RSA-260	1	431	4631745076648360853849492851061540205974988144204154713261869260540718031085035356833886282042889674435067390829080976841365535483	4631745076648360853849492851061540205974988144204154713261869260540718031085035356833886282042889674435067390829080976841365534619	864
20260909	1	upward_scan	RSA-260	2	431	4758707492161584245837036058150234747046948257557155576357319566887932209284384621896104286312224339934686597056662437870696723919	4758707492161584245837036058150234747046948257557155576357319566887932209284384621896104286312224339934686597056662437870696722617	1302
20260909	2	uniform_accepted	RSA-100	1	165	44695880268076835892891538055444387280209353812719	44695880268076835892891538055444387280209353812587	132
20260909	2	uniform_accepted	RSA-100	2	165	42064627596489765242079420849462504695953929230993	42064627596489765242079420849462504695953929230987	6
20260909	2	uniform_accepted	RSA-110	1	182	6001827822173821784728665736823289520572593415436489769	6001827822173821784728665736823289520572593415436489721	48
20260909	2	uniform_accepted	RSA-110	2	182	5657150691947262487374408244918193485376045924948134571	5657150691947262487374408244918193485376045924948134439	132
20260909	2	uniform_accepted	RSA-120	1	198	330443797066844192317986994385691057435955421404577623384241	330443797066844192317986994385691057435955421404577623383923	318
20260909	2	uniform_accepted	RSA-120	2	199	753608589662477734192586839799065434419158587893154366889667	753608589662477734192586839799065434419158587893154366888989	678
20260909	2	uniform_accepted	RSA-130	1	215	46106409350217654483417014804379291249851147081459685411070432157	46106409350217654483417014804379291249851147081459685411070432109	48
20260909	2	uniform_accepted	RSA-130	2	215	43799209388485340862517058204338712618059817139629338680916580099	43799209388485340862517058204338712618059817139629338680916580021	78
20260909	2	uniform_accepted	RSA-140	1	231	3272655685619404432669346777455095314189715172459250229664009141537841	3272655685619404432669346777455095314189715172459250229664009141537781	60
20260909	2	uniform_accepted	RSA-140	2	232	5557431879403460626684989926287628782637307078220987620729603605268491	5557431879403460626684989926287628782637307078220987620729603605267963	528
20260909	2	uniform_accepted	RSA-150	1	248	348833866568117378709353277923796222519030371739555295893371502774700013807	348833866568117378709353277923796222519030371739555295893371502774700013531	276
20260909	2	uniform_accepted	RSA-150	2	248	361767259587075242150650688176911240358294549589857341298397183493444272171	361767259587075242150650688176911240358294549589857341298397183493444271757	414
20260909	2	uniform_accepted	RSA-160	1	265	48753990228484159519885569495106504715716824159047905623139732152164366833471199	48753990228484159519885569495106504715716824159047905623139732152164366833471187	12
20260909	2	uniform_accepted	RSA-160	2	265	48955593647039720152491601112472296172901162054182659908815367774318554978941777	48955593647039720152491601112472296172901162054182659908815367774318554978941543	234
20260909	2	uniform_accepted	RSA-170	1	281	3477205581962741298601145076220703438347553124505608043229706577028307851107565621147	3477205581962741298601145076220703438347553124505608043229706577028307851107565620973	174
20260909	2	uniform_accepted	RSA-170	2	282	7434820172651455827375269424501340156383366833747702523483133172560671798115385965589	7434820172651455827375269424501340156383366833747702523483133172560671798115385965409	180
20260909	2	uniform_accepted	RSA-180	1	298	393127966042776406707022123780318503200365583285573935042005872460257045712818857263265409	393127966042776406707022123780318503200365583285573935042005872460257045712818857263264953	456
20260909	2	uniform_accepted	RSA-180	2	298	436496753757208639430945336378750358277015318135467115427327949010337035551337130353594013	436496753757208639430945336378750358277015318135467115427327949010337035551337130353594001	12
20260909	2	uniform_accepted	RSA-190	1	314	29797417782668979997080488230005004102036530785711719547567035408319646363492255460705696371287	29797417782668979997080488230005004102036530785711719547567035408319646363492255460705696370669	618
20260909	2	uniform_accepted	RSA-190	2	315	63213948716465942335592664269488298558549612113281282829691663351784178340542024633730434276943	63213948716465942335592664269488298558549612113281282829691663351784178340542024633730434276829	114
20260909	2	uniform_accepted	RSA-200	1	331	3680781338254096872911174213043598911552496675780465915049185300697441448588166728509320162717094021	3680781338254096872911174213043598911552496675780465915049185300697441448588166728509320162717093607	414
20260909	2	uniform_accepted	RSA-200	2	332	8505269742616786272502218126600096196457682882498102058880365074662108471957648820942364900539537803	8505269742616786272502218126600096196457682882498102058880365074662108471957648820942364900539537797	6
20260909	2	uniform_accepted	RSA-210	1	348	556594738988084330868316144158924925580987690170561280732154451961862292770905161831714396191405357647849	556594738988084330868316144158924925580987690170561280732154451961862292770905161831714396191405357647027	822
20260909	2	uniform_accepted	RSA-210	2	348	434303093926084138276245205304410170031746210934425533990945240702484964067278219497326786300360771137733	434303093926084138276245205304410170031746210934425533990945240702484964067278219497326786300360771137199	534
20260909	2	uniform_accepted	RSA-220	1	364	37540665709028844025000227028367830434561931464759200775122876081479859785090878449389537583168172861798208811	37540665709028844025000227028367830434561931464759200775122876081479859785090878449389537583168172861798208721	90
20260909	2	uniform_accepted	RSA-220	2	365	73334065868616662397988402489745149909297335725812511678318416453002596485346757058541299704459508863334159013	73334065868616662397988402489745149909297335725812511678318416453002596485346757058541299704459508863334158449	564
20260909	2	uniform_accepted	RSA-230	1	381	4613393327304664820896723953502575607818194396842503395237244556145288189223079397356886761541834377036653636670469	4613393327304664820896723953502575607818194396842503395237244556145288189223079397356886761541834377036653636668963	1506
20260909	2	uniform_accepted	RSA-230	2	381	4617851863880974006558826555955831695714035023982099426347728839422462325835479187638274768559038001415631059176659	4617851863880974006558826555955831695714035023982099426347728839422462325835479187638274768559038001415631059175759	900
20260909	2	uniform_accepted	RSA-240	1	397	316699604639759141947167881921382466967029106257091320661332156631505191035652086102797162727792624721400948624857958461	316699604639759141947167881921382466967029106257091320661332156631505191035652086102797162727792624721400948624857956139	2322
20260909	2	uniform_accepted	RSA-240	2	398	533872454856176801934232165179241509727034296853152970963600683783959721827983060786036078388662097127845962704801606307	533872454856176801934232165179241509727034296853152970963600683783959721827983060786036078388662097127845962704801605719	588
20260909	2	uniform_accepted	RSA-250	1	414	35341601858382632795824707815400364610406476442085865623211737795538414646508155088744646931170933262542984956609503099479009	35341601858382632795824707815400364610406476442085865623211737795538414646508155088744646931170933262542984956609503099478463	546
20260909	2	uniform_accepted	RSA-250	2	415	73332955618184660369419544374895779824181412705134739179986601543128703516536605315931335423121410517879190440495348176413013	73332955618184660369419544374895779824181412705134739179986601543128703516536605315931335423121410517879190440495348176412347	666
20260909	2	uniform_accepted	RSA-260	1	431	4329645619751019595761092691856624939694749067753658881672486172842480108078606265534490953702569402231758348751270249498407133231	4329645619751019595761092691856624939694749067753658881672486172842480108078606265534490953702569402231758348751270249498407132943	288
20260909	2	uniform_accepted	RSA-260	2	431	4488695465183628373051436957186281287813454177673710335142634848018659633275098112705118474833297374752339540283986050717317328219	4488695465183628373051436957186281287813454177673710335142634848018659633275098112705118474833297374752339540283986050717317328009	210
20260909	2	upward_scan	RSA-100	1	165	37457669646571343621629272796030040036030444695433	37457669646571343621629272796030040036030444695073	360
20260909	2	upward_scan	RSA-100	2	165	37247244501666807784131064502211567593707948146707	37247244501666807784131064502211567593707948146539	168
20260909	2	upward_scan	RSA-110	1	182	4894259260075588113750024807995384345025973538422735349	4894259260075588113750024807995384345025973538422734611	738
20260909	2	upward_scan	RSA-110	2	182	5131713429758245763647826707672663192785715242785833829	5131713429758245763647826707672663192785715242785833571	258
20260909	2	upward_scan	RSA-120	1	198	336715145882586286091905117721243417697948703333050526749011	336715145882586286091905117721243417697948703333050526748807	204
20260909	2	upward_scan	RSA-120	2	199	625292369202553950873476642624890598188145665075342544656541	625292369202553950873476642624890598188145665075342544656109	432
20260909	2	upward_scan	RSA-130	1	215	50141583640929144519250893908811464009570856327207020081042027831	50141583640929144519250893908811464009570856327207020081042027543	288
20260909	2	upward_scan	RSA-130	2	215	40257825972853217022492482752395233283077407510913010693133053017	40257825972853217022492482752395233283077407510913010693133052483	534
20260909	2	upward_scan	RSA-140	1	231	3319457484663594314602212535964546584334615914234357980207903338973149	3319457484663594314602212535964546584334615914234357980207903338971433	1716
20260909	2	upward_scan	RSA-140	2	232	6763173235990316591987033985466755140292112873734969420998776974066131	6763173235990316591987033985466755140292112873734969420998776974065873	258
20260909	2	upward_scan	RSA-150	1	248	433259909837969170706192433760183431330782136857448654140865294478231519793	433259909837969170706192433760183431330782136857448654140865294478231519439	354
20260909	2	upward_scan	RSA-150	2	248	358451410912993626086109453878654205659445377875460049044925097847229814673	358451410912993626086109453878654205659445377875460049044925097847229814199	474
20260909	2	upward_scan	RSA-160	1	265	47706892278834717689498651644172842326098633090913730118959975410108037151656097	47706892278834717689498651644172842326098633090913730118959975410108037151655461	636
20260909	2	upward_scan	RSA-160	2	265	50386665735033862509973128769387452896557114578421780639079248889919285065743853	50386665735033862509973128769387452896557114578421780639079248889919285065743499	354
20260909	2	upward_scan	RSA-170	1	281	3631861609992179696718215575727913381228118134775000941659511546772666592737673583701	3631861609992179696718215575727913381228118134775000941659511546772666592737673583089	612
20260909	2	upward_scan	RSA-170	2	282	7655521077008439207392054912049900112576734014659557771825726643099543805999487048029	7655521077008439207392054912049900112576734014659557771825726643099543805999487047621	408
20260909	2	upward_scan	RSA-180	1	298	397719769580137206872164092149299972481530142166818677974925046248246252306907227110548459	397719769580137206872164092149299972481530142166818677974925046248246252306907227110548333	126
20260909	2	upward_scan	RSA-180	2	298	475591788532104280894869753424746327595037161674915838674897990499747128500303712919418609	475591788532104280894869753424746327595037161674915838674897990499747128500303712919418081	528
20260909	2	upward_scan	RSA-190	1	314	28830738078594149923313300134397687711846268353761857921783725401595429899637789984495254672097	28830738078594149923313300134397687711846268353761857921783725401595429899637789984495254670999	1098
20260909	2	upward_scan	RSA-190	2	315	61741204631737583087514175021087116223986827862440431358966550011928785337599257214512535966633	61741204631737583087514175021087116223986827862440431358966550011928785337599257214512535965193	1440
20260909	2	upward_scan	RSA-200	1	331	3881790962227191234142718374457359273510097250211669600649305204840218788746562483694875515548821909	3881790962227191234142718374457359273510097250211669600649305204840218788746562483694875515548821849	60
20260909	2	upward_scan	RSA-200	2	332	8235617201679027252575631844697417339370122503778369379584123987195551670466756655083183825143017931	8235617201679027252575631844697417339370122503778369379584123987195551670466756655083183825143016959	972
20260909	2	upward_scan	RSA-210	1	348	440351003225408638354982330869740723076584414558552077342749153668080988771996262982532458557022754406979	440351003225408638354982330869740723076584414558552077342749153668080988771996262982532458557022754406859	120
20260909	2	upward_scan	RSA-210	2	348	555863015842098411893325656316648673226387658781693051657207838563127114715340965489356545939704159164651	555863015842098411893325656316648673226387658781693051657207838563127114715340965489356545939704159163607	1044
20260909	2	upward_scan	RSA-220	1	364	33212609809116592159640048861744983441632333024486558122144696506928639215345325778973470060607341456561686777	33212609809116592159640048861744983441632333024486558122144696506928639215345325778973470060607341456561685247	1530
20260909	2	upward_scan	RSA-220	2	365	71739688246567169658028508045434790581316448995017721742873365046981701976088684797809523911963234233429617587	71739688246567169658028508045434790581316448995017721742873365046981701976088684797809523911963234233429616471	1116
20260909	2	upward_scan	RSA-230	1	381	4008245999320176305849061792456427715475559503397128931618991475355712741332154320783522926196765248631924786378067	4008245999320176305849061792456427715475559503397128931618991475355712741332154320783522926196765248631924786377239	828
20260909	2	upward_scan	RSA-230	2	381	4552496251376139870260830802815211301697918982081403902092250505617771695651081251542589428112477804004542558438593	4552496251376139870260830802815211301697918982081403902092250505617771695651081251542589428112477804004542558436607	1986
20260909	2	upward_scan	RSA-240	1	397	321544203561434266596704719130172702714754430193847641496219392077719346744225577307585338438095552417978066416287189539	321544203561434266596704719130172702714754430193847641496219392077719346744225577307585338438095552417978066416287188381	1158
20260909	2	upward_scan	RSA-240	2	398	493604882173111117229786967670103428042869032978530020911156192955461577222567406986447269187240966346740778381979922269	493604882173111117229786967670103428042869032978530020911156192955461577222567406986447269187240966346740778381979920379	1890
20260909	2	upward_scan	RSA-250	1	414	40744293437557254093759271678696262988196862016026823120288827038912683776476244929765369271233072505257887169508164158850151	40744293437557254093759271678696262988196862016026823120288827038912683776476244929765369271233072505257887169508164158849539	612
20260909	2	upward_scan	RSA-250	2	415	83835287467200034524143888779738701031860148538936498438939917170280595428540815347328596063506020133038572827157780290954799	83835287467200034524143888779738701031860148538936498438939917170280595428540815347328596063506020133038572827157780290953773	1026
20260909	2	upward_scan	RSA-260	1	431	5337343184113566094264036420584638465268383310610320183683813009873099828643356162291518140478131078379034315622222245390399952533	5337343184113566094264036420584638465268383310610320183683813009873099828643356162291518140478131078379034315622222245390399951957	576
20260909	2	upward_scan	RSA-260	2	431	4332131098567227451801352437984566175770569972226882065867613616894216474077940334591912309980675792674551780977787832270570672923	4332131098567227451801352437984566175770569972226882065867613616894216474077940334591912309980675792674551780977787832270570672731	192
20260909	3	uniform_accepted	RSA-100	1	165	39009342744529811141577708691498395343718687374019	39009342744529811141577708691498395343718687373377	642
20260909	3	uniform_accepted	RSA-100	2	165	37983112282378037603127786665087356058899887514151	37983112282378037603127786665087356058899887513647	504
20260909	3	uniform_accepted	RSA-110	1	182	5152764753884561696918366267799917158719355465366585877	5152764753884561696918366267799917158719355465366585709	168
20260909	3	uniform_accepted	RSA-110	2	182	5683590847618924840437243542300451497199950808322060631	5683590847618924840437243542300451497199950808322060583	48
20260909	3	uniform_accepted	RSA-120	1	198	343904423655706585669852047435582544974890886483109334890721	343904423655706585669852047435582544974890886483109334890439	282
20260909	3	uniform_accepted	RSA-120	2	199	797483054622581834641198340096672276307964128731491855212131	797483054622581834641198340096672276307964128731491855211453	678
20260909	3	uniform_accepted	RSA-130	1	215	40912302108421441430397779093010521263840521558502307221465151921	40912302108421441430397779093010521263840521558502307221465151789	132
20260909	3	uniform_accepted	RSA-130	2	215	45344693027255457380114555385836384014105684950488438927003279669	45344693027255457380114555385836384014105684950488438927003278097	1572
20260909	3	uniform_accepted	RSA-140	1	231	3155314149880135878857367435579175044326575005482642943173520913928729	3155314149880135878857367435579175044326575005482642943173520913928207	522
20260909	3	uniform_accepted	RSA-140	2	232	5716162839659509845314628679181214239405374111054106483491097689362179	5716162839659509845314628679181214239405374111054106483491097689361927	252
20260909	3	uniform_accepted	RSA-150	1	248	406704909238297536364133929156665345351064738727257312157379522015314109407	406704909238297536364133929156665345351064738727257312157379522015314109377	30
20260909	3	uniform_accepted	RSA-150	2	248	356860230951553344515100671253161548464412389421658078135202040224341862059	356860230951553344515100671253161548464412389421658078135202040224341862023	36
20260909	3	uniform_accepted	RSA-160	1	265	52654446017168418749870286492194204873164788388008633638046645110070150223835789	52654446017168418749870286492194204873164788388008633638046645110070150223835771	18
20260909	3	uniform_accepted	RSA-160	2	265	51626708926613207802439357133522796565511807768704922472160830808373407811007779	51626708926613207802439357133522796565511807768704922472160830808373407811007611	168
20260909	3	uniform_accepted	RSA-170	1	281	3510434464078280893733737736735479199036201921518646303013763387649162799057538696463	3510434464078280893733737736735479199036201921518646303013763387649162799057538695563	900
20260909	3	uniform_accepted	RSA-170	2	282	6432034061238439995212192771476337663993262936162371327408280906617788268717471229281	6432034061238439995212192771476337663993262936162371327408280906617788268717471229149	132
20260909	3	uniform_accepted	RSA-180	1	298	459577153607441048414684846165368139073424181055322707773813282670536650117171586633172869	459577153607441048414684846165368139073424181055322707773813282670536650117171586633172503	366
20260909	3	uniform_accepted	RSA-180	2	298	458866179220062846448652526139631077855063350230331572560528487121081799480388903526363839	458866179220062846448652526139631077855063350230331572560528487121081799480388903526363383	456
20260909	3	uniform_accepted	RSA-190	1	314	30188016841074835564428755387008630471951470512382919784334541712285984404875819085540621896209	30188016841074835564428755387008630471951470512382919784334541712285984404875819085540621895951	258
20260909	3	uniform_accepted	RSA-190	2	315	50782367385303650242131550227450231265040505909925109413558971080471160303304560392390452903481	50782367385303650242131550227450231265040505909925109413558971080471160303304560392390452903199	282
20260909	3	uniform_accepted	RSA-200	1	331	3931458226151784933344704021282815730702071922701315548440659505804486397645563347829534760691403667	3931458226151784933344704021282815730702071922701315548440659505804486397645563347829534760691402527	1140
20260909	3	uniform_accepted	RSA-200	2	332	7332534830692245424865349162774131981935082041535264398089145640195284585562732109230729056074612497	7332534830692245424865349162774131981935082041535264398089145640195284585562732109230729056074612383	114
20260909	3	uniform_accepted	RSA-210	1	348	565014194482121047584850082048356184472719405152464236280203437436044137799913379831692525115041066743997	565014194482121047584850082048356184472719405152464236280203437436044137799913379831692525115041066743241	756
20260909	3	uniform_accepted	RSA-210	2	348	504851305631763715438328775014610216890487815274237132790978425557460565174151850915208668243174329510111	504851305631763715438328775014610216890487815274237132790978425557460565174151850915208668243174329509397	714
20260909	3	uniform_accepted	RSA-220	1	364	28419388999360823231185087190269811970682919732922304580051685041442106607307613977591402166122770240888599283	28419388999360823231185087190269811970682919732922304580051685041442106607307613977591402166122770240888598437	846
20260909	3	uniform_accepted	RSA-220	2	365	72047969671573772081452491032549010244360678924546065959564547488642280663168035480941173525059567244787761239	72047969671573772081452491032549010244360678924546065959564547488642280663168035480941173525059567244787759127	2112
20260909	3	uniform_accepted	RSA-230	1	381	4884051269626858335513511318199759706067029762718530749586657155386590123863152493046096287092765176462202442925131	4884051269626858335513511318199759706067029762718530749586657155386590123863152493046096287092765176462202442924819	312
20260909	3	uniform_accepted	RSA-230	2	381	4602781478535689114089314411486750591666679082979717324118556895432857877443409267926228442274757529824054729688233	4602781478535689114089314411486750591666679082979717324118556895432857877443409267926228442274757529824054729687987	246
20260909	3	uniform_accepted	RSA-240	1	397	320677872339023075987469584916461867571723038927422243039233173687899141589228650448309560052291255797194556183913327723	320677872339023075987469584916461867571723038927422243039233173687899141589228650448309560052291255797194556183913327453	270
20260909	3	uniform_accepted	RSA-240	2	398	569734291795792144155695228701125696895794690146385080341845104613639021571617484711121219992019212221741835128805264277	569734291795792144155695228701125696895794690146385080341845104613639021571617484711121219992019212221741835128805263431	846
20260909	3	uniform_accepted	RSA-250	1	414	40502698644950579771055779554086600845539081038680619846582083623338103753411510492101486425073853538735847938481058197933179	40502698644950579771055779554086600845539081038680619846582083623338103753411510492101486425073853538735847938481058197931451	1728
20260909	3	uniform_accepted	RSA-250	2	415	65479254626055893073596395385512217355013836077080177722412726845188306999105192963031748885513124997763775284735581538223459	65479254626055893073596395385512217355013836077080177722412726845188306999105192963031748885513124997763775284735581538222367	1092
20260909	3	uniform_accepted	RSA-260	1	431	5448934949195270794590168559457950255164941309629838689704957046848492736590999997563288695559088901981259231742902547761541916981	5448934949195270794590168559457950255164941309629838689704957046848492736590999997563288695559088901981259231742902547761541915871	1110
20260909	3	uniform_accepted	RSA-260	2	431	5066642706806862212741139627540437459520690058705963230652612107418632509543562984800751743747126654215771712771785636734339043103	5066642706806862212741139627540437459520690058705963230652612107418632509543562984800751743747126654215771712771785636734339042791	312
20260909	3	upward_scan	RSA-100	1	165	38207981223853637355400359012696541501284849307913	38207981223853637355400359012696541501284849307307	606
20260909	3	upward_scan	RSA-100	2	165	42675874890036049263928539345211269627944220564503	42675874890036049263928539345211269627944220564089	414
20260909	3	upward_scan	RSA-110	1	182	4933389372802867851810844374388494825223111777273620557	4933389372802867851810844374388494825223111777273620317	240
20260909	3	upward_scan	RSA-110	2	182	5813272752813812007036404380883573213896723137508382417	5813272752813812007036404380883573213896723137508381949	468
20260909	3	upward_scan	RSA-120	1	198	336646490412045515275637414657648192574106441777088070890879	336646490412045515275637414657648192574106441777088070889961	918
20260909	3	upward_scan	RSA-120	2	199	665001281466810592643029605072392698621185781079729751229553	665001281466810592643029605072392698621185781079729751229487	66
20260909	3	upward_scan	RSA-130	1	215	41412125212187358414930990699829122531297092857187294146264511093	41412125212187358414930990699829122531297092857187294146264510313	780
20260909	3	upward_scan	RSA-130	2	215	45572877082442553512871525694451033445449540055832239893085098759	45572877082442553512871525694451033445449540055832239893085097763	996
20260909	3	upward_scan	RSA-140	1	231	3046284402790149490205342375727556489644099405181608052403286252202991	3046284402790149490205342375727556489644099405181608052403286252202973	18
20260909	3	upward_scan	RSA-140	2	232	5777602915584697286193359279265816594464120622256686709989058230885851	5777602915584697286193359279265816594464120622256686709989058230885293	558
20260909	3	upward_scan	RSA-150	1	248	430800049210636750145812072792147618977484380171765334332823575470012594477	430800049210636750145812072792147618977484380171765334332823575470012594003	474
20260909	3	upward_scan	RSA-150	2	248	438172787278958979977463877383884907168605923629781513229448923126565855371	438172787278958979977463877383884907168605923629781513229448923126565854849	522
20260909	3	upward_scan	RSA-160	1	265	58129436699284374984556487768584403160569727913304950420369690266839249682874253	58129436699284374984556487768584403160569727913304950420369690266839249682873887	366
20260909	3	upward_scan	RSA-160	2	265	58271726764639027476982922894981704959047296689959603376567253232727302455571741	58271726764639027476982922894981704959047296689959603376567253232727302455570481	1260
20260909	3	upward_scan	RSA-170	1	281	3007895901525383934714037779874775918515073666481866988097936953506055340300061027201	3007895901525383934714037779874775918515073666481866988097936953506055340300061026829	372
20260909	3	upward_scan	RSA-170	2	282	6786812888767437427833861735646684798599982687838431821780735883544473619598983258579	6786812888767437427833861735646684798599982687838431821780735883544473619598983257847	732
20260909	3	upward_scan	RSA-180	1	298	452613547871435112705642144302926147152553747275046646189221311938525365504467024198327491	452613547871435112705642144302926147152553747275046646189221311938525365504467024198327017	474
20260909	3	upward_scan	RSA-180	2	298	501593716998586822019438832949517455073480148096216691602686629461099337515018206212060613	501593716998586822019438832949517455073480148096216691602686629461099337515018206212059557	1056
20260909	3	upward_scan	RSA-190	1	314	31961191913487690645457654842585646477360582814631082742965102766349740147661002041833900112919	31961191913487690645457654842585646477360582814631082742965102766349740147661002041833900111629	1290
20260909	3	upward_scan	RSA-190	2	315	57133826449109468717416316453066034513561874404971803185149956106235515446852624966107351598559	57133826449109468717416316453066034513561874404971803185149956106235515446852624966107351598493	66
20260909	3	upward_scan	RSA-200	1	331	3463648282828133295488719195979944217824243770145207893206585614739704703060446733669809975127747477	3463648282828133295488719195979944217824243770145207893206585614739704703060446733669809975127746697	780
20260909	3	upward_scan	RSA-200	2	332	6694928979857444231479976895118546164899027572392854881241620065054408544624903583176161350899999889	6694928979857444231479976895118546164899027572392854881241620065054408544624903583176161350899999127	762
20260909	3	upward_scan	RSA-210	1	348	545323619347697006277389603959812547267785966060926032779200128022916515519802753805665269922157241443859	545323619347697006277389603959812547267785966060926032779200128022916515519802753805665269922157241443379	480
20260909	3	upward_scan	RSA-210	2	348	450943631325248617176446113917100020655133288985146346505170546983160795096858473903690926173332551415567	450943631325248617176446113917100020655133288985146346505170546983160795096858473903690926173332551415201	366
20260909	3	upward_scan	RSA-220	1	364	30876898990348070510331981277452685710413268375742442257309225838361184109326075268049797720844541946974504751	30876898990348070510331981277452685710413268375742442257309225838361184109326075268049797720844541946974504199	552
20260909	3	upward_scan	RSA-220	2	365	71061835544907159608709542290408028607123563760024779453212872541860565021524142717689275105273551873567019141	71061835544907159608709542290408028607123563760024779453212872541860565021524142717689275105273551873567017773	1368
20260909	3	upward_scan	RSA-230	1	381	4096194706560597598100006829771929708834752433955639600540932491223317630159577303928742991787940065996481601208269	4096194706560597598100006829771929708834752433955639600540932491223317630159577303928742991787940065996481601207819	450
20260909	3	upward_scan	RSA-230	2	381	4304788144051371455135213549304023316592246867131125230913138920059663245974897429340431283672785564303140170315117	4304788144051371455135213549304023316592246867131125230913138920059663245974897429340431283672785564303140170312249	2868
20260909	3	upward_scan	RSA-240	1	397	262278715835165865542979761957007789670443832510133982169604780219055565976687768856504990895399325069331968368624184999	262278715835165865542979761957007789670443832510133982169604780219055565976687768856504990895399325069331968368624184291	708
20260909	3	upward_scan	RSA-240	2	398	622276434936959402414004110192549674032588576156157929415995387722376887544307934964222564294755541143647087338023933891	622276434936959402414004110192549674032588576156157929415995387722376887544307934964222564294755541143647087338023933081	810
20260909	3	upward_scan	RSA-250	1	414	39394133262883747849254315506906676914910043333099189713199479275593708628135881785068926627341090804916323703661857235983589	39394133262883747849254315506906676914910043333099189713199479275593708628135881785068926627341090804916323703661857235983487	102
20260909	3	upward_scan	RSA-250	2	415	63931068656406374593735222212367496275722374035701342892622858628194432491333650750429481435526477607422061728835360719131769	63931068656406374593735222212367496275722374035701342892622858628194432491333650750429481435526477607422061728835360719129279	2490
20260909	3	upward_scan	RSA-260	1	431	5383799724681973084345817992871427030992275419113436744043575765028692533088106515829655220818907431471724006204379029990244945187	5383799724681973084345817992871427030992275419113436744043575765028692533088106515829655220818907431471724006204379029990244943201	1986
20260909	3	upward_scan	RSA-260	2	431	4802741570174411028747477039294274241335704291124395233022136167807144066313247550559755295759857721893715659359324148889987101743	4802741570174411028747477039294274241335704291124395233022136167807144066313247550559755295759857721893715659359324148889987100651	1092
20260909	4	uniform_accepted	RSA-100	1	165	39040557829528076268650299879300994852551401155639	39040557829528076268650299879300994852551401155441	198
20260909	4	uniform_accepted	RSA-100	2	165	36102553873618335934869271803100154640452701957199	36102553873618335934869271803100154640452701956563	636
20260909	4	uniform_accepted	RSA-110	1	182	5868857970123388200128357359183367872535147252874552587	5868857970123388200128357359183367872535147252874552533	54
20260909	4	uniform_accepted	RSA-110	2	182	5651860837932684244633694091997967349688419210381417863	5651860837932684244633694091997967349688419210381417593	270
20260909	4	uniform_accepted	RSA-120	1	198	324230290306451286008597391824432441614136955726182676857651	324230290306451286008597391824432441614136955726182676856529	1122
20260909	4	uniform_accepted	RSA-120	2	199	688175110538859354084477976438365222134151453553491170242277	688175110538859354084477976438365222134151453553491170242133	144
20260909	4	uniform_accepted	RSA-130	1	215	51977221780155156894803342764899504464620656538396302196105473707	51977221780155156894803342764899504464620656538396302196105472987	720
20260909	4	uniform_accepted	RSA-130	2	215	46755414754669860635353997363115831838724662711036585671293521511	46755414754669860635353997363115831838724662711036585671293520839	672
20260909	4	uniform_accepted	RSA-140	1	231	2686555937377491464269783114394715422815439609284518717487985228428733	2686555937377491464269783114394715422815439609284518717487985228428469	264
20260909	4	uniform_accepted	RSA-140	2	232	5286887707041785884075125927590798168228247589859283322018320150097433	5286887707041785884075125927590798168228247589859283322018320150096821	612
20260909	4	uniform_accepted	RSA-150	1	248	380015823743122400325791862720827996852084493331546106999933694508351375949	380015823743122400325791862720827996852084493331546106999933694508351375661	288
20260909	4	uniform_accepted	RSA-150	2	248	433913016161030854911068073399128352271814578344826119361678964793887564597	433913016161030854911068073399128352271814578344826119361678964793887564579	18
20260909	4	uniform_accepted	RSA-160	1	265	57750286783067879799638921691071076370854365992294955282507263777465492406248127	57750286783067879799638921691071076370854365992294955282507263777465492406248121	6
20260909	4	uniform_accepted	RSA-160	2	265	52952328255982447367790970415683394350245291341619767388528128374781859138379841	52952328255982447367790970415683394350245291341619767388528128374781859138379247	594
20260909	4	uniform_accepted	RSA-170	1	281	3581482910195007584413778300687185438774886897558401719409574162569282707415870088093	3581482910195007584413778300687185438774886897558401719409574162569282707415870087823	270
20260909	4	uniform_accepted	RSA-170	2	282	6903470893134274637787183329172983684360801938955808939091135201791909494604692400767	6903470893134274637787183329172983684360801938955808939091135201791909494604692400521	246
20260909	4	uniform_accepted	RSA-180	1	298	482322565910346140327323033319445721520328716592672092954690313021752163992122852294010483	482322565910346140327323033319445721520328716592672092954690313021752163992122852294010351	132
20260909	4	uniform_accepted	RSA-180	2	298	469913868341899872705488612150359779291950808599579037513208931284183714662555730425697967	469913868341899872705488612150359779291950808599579037513208931284183714662555730425697937	30
20260909	4	uniform_accepted	RSA-190	1	314	25559637417033778701963726559995963990531555525605020171250960201504389240094812822193942750321	25559637417033778701963726559995963990531555525605020171250960201504389240094812822193942749301	1020
20260909	4	uniform_accepted	RSA-190	2	315	55815624481818751325028264969848271667073678152455022548265175941554913012023939953658184777127	55815624481818751325028264969848271667073678152455022548265175941554913012023939953658184776413	714
20260909	4	uniform_accepted	RSA-200	1	331	4365626852669577437740920978725203815016182476030077403878831195599672960216647239856810358249082601	4365626852669577437740920978725203815016182476030077403878831195599672960216647239856810358249082097	504
20260909	4	uniform_accepted	RSA-200	2	332	8105096146411958998392661131282713241297428895712869872477743707353729158855852467709440947482153883	8105096146411958998392661131282713241297428895712869872477743707353729158855852467709440947482153301	582
20260909	4	uniform_accepted	RSA-210	1	348	486818324894186849346675756847830414165079119343850447482758173215708472063498457071934852699903599377913	486818324894186849346675756847830414165079119343850447482758173215708472063498457071934852699903599377241	672
20260909	4	uniform_accepted	RSA-210	2	348	516217693031208130903196864644261030011447607078003433673229379305640946516563619060541973070543685636223	516217693031208130903196864644261030011447607078003433673229379305640946516563619060541973070543685634477	1746
20260909	4	uniform_accepted	RSA-220	1	364	32306471287460930223058951880098092056863272290913544699269860008394496058642224684547469911449835097652465689	32306471287460930223058951880098092056863272290913544699269860008394496058642224684547469911449835097652465221	468
20260909	4	uniform_accepted	RSA-220	2	365	75088763344278477106866392548632397685845420649264141804483636790814218869932444874107146120195278779405215443	75088763344278477106866392548632397685845420649264141804483636790814218869932444874107146120195278779405214489	954
20260909	4	uniform_accepted	RSA-230	1	381	4654494789365038983492882142058476589284534121945773773397509813962428928804535954007628782412205573372486054616127	4654494789365038983492882142058476589284534121945773773397509813962428928804535954007628782412205573372486054615737	390
20260909	4	uniform_accepted	RSA-230	2	381	4760292932072542098410812323364145574723977100376447176233489960468374289905345759316612447501728967961016579382399	4760292932072542098410812323364145574723977100376447176233489960468374289905345759316612447501728967961016579380251	2148
20260909	4	uniform_accepted	RSA-240	1	397	294309866528647972066266999530607844105121118752966179029480923476499113986221637523651765862910943826806566135357672233	294309866528647972066266999530607844105121118752966179029480923476499113986221637523651765862910943826806566135357672167	66
20260909	4	uniform_accepted	RSA-240	2	398	569920808196598717624504543376141155255630111924271031249024058318536604157959595827854921971920638296164767202156410227	569920808196598717624504543376141155255630111924271031249024058318536604157959595827854921971920638296164767202156409597	630
20260909	4	uniform_accepted	RSA-250	1	414	41709992100429777362354099563989205002428642178563991964519479347483487686010979674416905327364838321707261266551848554746071	41709992100429777362354099563989205002428642178563991964519479347483487686010979674416905327364838321707261266551848554745933	138
20260909	4	uniform_accepted	RSA-250	2	415	77863469106175893358253266660188153481998323502193302916247387151510996622592867110155400163666218607843305918753037737543247	77863469106175893358253266660188153481998323502193302916247387151510996622592867110155400163666218607843305918753037737541477	1770
20260909	4	uniform_accepted	RSA-260	1	431	5224837114057967672596506337413708581663356123581547647752146000584840515858235315507138325165686074209299555498660747625807398551	5224837114057967672596506337413708581663356123581547647752146000584840515858235315507138325165686074209299555498660747625807397963	588
20260909	4	uniform_accepted	RSA-260	2	431	5071039274990441411295342023767329961911197150647153144212422140602948509929968904406339985993153232187735788506402241346828896823	5071039274990441411295342023767329961911197150647153144212422140602948509929968904406339985993153232187735788506402241346828896709	114
20260909	4	upward_scan	RSA-100	1	165	40279956502829046827364754590164342556879869231651	40279956502829046827364754590164342556879869231321	330
20260909	4	upward_scan	RSA-100	2	165	39507877938180074249614850166106594548388335449621	39507877938180074249614850166106594548388335449213	408
20260909	4	upward_scan	RSA-110	1	182	4674607309070247684137167011615962720380715966779255877	4674607309070247684137167011615962720380715966779255673	204
20260909	4	upward_scan	RSA-110	2	182	6042410367668222682066314036636621273335372378645805999	6042410367668222682066314036636621273335372378645805891	108
20260909	4	upward_scan	RSA-120	1	198	301821800951468754355246374172988696398529903230912476213299	301821800951468754355246374172988696398529903230912476213113	186
20260909	4	upward_scan	RSA-120	2	199	800857697278426917700515977983440650522521035028903288771721	800857697278426917700515977983440650522521035028903288771151	570
20260909	4	upward_scan	RSA-130	1	215	39492310107547130459987101293439478535448996132801595082018661871	39492310107547130459987101293439478535448996132801595082018661109	762
20260909	4	upward_scan	RSA-130	2	215	45349224358681684253044461422445510411645002989672826934301233341	45349224358681684253044461422445510411645002989672826934301233233	108
20260909	4	upward_scan	RSA-140	1	231	2739372886140016426887010449617457014913649742548314453885339904529423	2739372886140016426887010449617457014913649742548314453885339904529279	144
20260909	4	upward_scan	RSA-140	2	232	5614332297270862179989201644107452634374118008649402269913551598966791	5614332297270862179989201644107452634374118008649402269913551598966491	300
20260909	4	upward_scan	RSA-150	1	248	355905655912930280050048394115475298518271395679594300887265979336269736179	355905655912930280050048394115475298518271395679594300887265979336269735483	696
20260909	4	upward_scan	RSA-150	2	248	369457194820235199532836966645986013197917512429148061298763244210873791583	369457194820235199532836966645986013197917512429148061298763244210873791469	114
20260909	4	upward_scan	RSA-160	1	265	49986129924083735002737084798015141174515262126167432319487790740925532836272781	49986129924083735002737084798015141174515262126167432319487790740925532836272241	540
20260909	4	upward_scan	RSA-160	2	265	57085942745777298991000571502930334777209608307161446140758253826983884765503223	57085942745777298991000571502930334777209608307161446140758253826983884765503073	150
20260909	4	upward_scan	RSA-170	1	281	3009841745054577838514832956967437712743401731752567271308356397819878582388008927031	3009841745054577838514832956967437712743401731752567271308356397819878582388008926419	612
20260909	4	upward_scan	RSA-170	2	282	5843994406788090371090710180726851548436871238469596507630383291134958597328613918869	5843994406788090371090710180726851548436871238469596507630383291134958597328613918053	816
20260909	4	upward_scan	RSA-180	1	298	505481268799403386493351774426353450911060915337232804413089239902402701054548827535872907	505481268799403386493351774426353450911060915337232804413089239902402701054548827535871467	1440
20260909	4	upward_scan	RSA-180	2	298	442160513875774393687073959718998827147809462675337520899303250087125409778033543665513097	442160513875774393687073959718998827147809462675337520899303250087125409778033543665512851	246
20260909	4	upward_scan	RSA-190	1	314	29526126376742094401642268554202312758231221515672831884372317434523568942480015537832696134303	29526126376742094401642268554202312758231221515672831884372317434523568942480015537832696133691	612
20260909	4	upward_scan	RSA-190	2	315	64827604892600678403135313751892167605420988726615328578842718264044173517549827753867866598761	64827604892600678403135313751892167605420988726615328578842718264044173517549827753867866595821	2940
20260909	4	upward_scan	RSA-200	1	331	3723281286708892956719519275677263877367571284256867479536898109361718338908487582553382779654997633	3723281286708892956719519275677263877367571284256867479536898109361718338908487582553382779654996931	702
20260909	4	upward_scan	RSA-200	2	332	7457109501524140119688612469192102454714831783849958651671898688667377511719878684671093401225232539	7457109501524140119688612469192102454714831783849958651671898688667377511719878684671093401225231117	1422
20260909	4	upward_scan	RSA-210	1	348	544003634340380110254327229703913320392023227990617128771310407075952038237293472072885243240540342528857	544003634340380110254327229703913320392023227990617128771310407075952038237293472072885243240540342527339	1518
20260909	4	upward_scan	RSA-210	2	348	513778055419128053035417890978918953836969262690842636136275798440941679868759623694670856949855560381257	513778055419128053035417890978918953836969262690842636136275798440941679868759623694670856949855560380549	708
20260909	4	upward_scan	RSA-220	1	364	34003762534357749779557088717665141231888517996471258323745636845647326760381561956716630111126546518801262271	34003762534357749779557088717665141231888517996471258323745636845647326760381561956716630111126546518801261137	1134
20260909	4	upward_scan	RSA-220	2	365	56910276836991537846181557151170206206264100910351766938103283726598756347011506168870678357872620279228513169	56910276836991537846181557151170206206264100910351766938103283726598756347011506168870678357872620279228512359	810
20260909	4	upward_scan	RSA-230	1	381	4128777593751382695970698799100157406632918180577339409387617192874858202209389421204820212486499829864161668609141	4128777593751382695970698799100157406632918180577339409387617192874858202209389421204820212486499829864161668608997	144
20260909	4	upward_scan	RSA-230	2	381	4747423334015763952249223093822746032968322118324808870700117200111720224872695327803226692866484878464320608879293	4747423334015763952249223093822746032968322118324808870700117200111720224872695327803226692866484878464320608876809	2484
20260909	4	upward_scan	RSA-240	1	397	295120857362840176816130930354098463693157002687946837601627414520243898311785432412024177785938861867910059324958317533	295120857362840176816130930354098463693157002687946837601627414520243898311785432412024177785938861867910059324958316591	942
20260909	4	upward_scan	RSA-240	2	398	512908166560363947717429994532805922938939891890645452054939057096973410354236373851317363291296647081449181922496034209	512908166560363947717429994532805922938939891890645452054939057096973410354236373851317363291296647081449181922496033573	636
20260909	4	upward_scan	RSA-250	1	414	35766546295991484164062636526887585054885808876633673964902445477566311850212340727420334699423284818486936767110842966521447	35766546295991484164062636526887585054885808876633673964902445477566311850212340727420334699423284818486936767110842966519797	1650
20260909	4	upward_scan	RSA-250	2	415	80198787374409859692125600197652960108930325260490537629513253825823080402462658322674412007548406195878838033227246671225307	80198787374409859692125600197652960108930325260490537629513253825823080402462658322674412007548406195878838033227246671221851	3456
20260909	4	upward_scan	RSA-260	1	431	5055745455145215771435535042062398315610838208356130621038450649229849458171083742151763059625377511898998795647345616273971652481	5055745455145215771435535042062398315610838208356130621038450649229849458171083742151763059625377511898998795647345616273971648959	3522
20260909	4	upward_scan	RSA-260	2	431	5158236234805274222725488173718333869613694979223210915750727285707311771683583865076587143696328093309815323970840639363873274821	5158236234805274222725488173718333869613694979223210915750727285707311771683583865076587143696328093309815323970840639363873274539	282
20260909	5	uniform_accepted	RSA-100	1	165	44252118149725642484062209294950069517283239250853	44252118149725642484062209294950069517283239250817	36
20260909	5	uniform_accepted	RSA-100	2	165	41716699435019260903897651219844683101882111136181	41716699435019260903897651219844683101882111136073	108
20260909	5	uniform_accepted	RSA-110	1	182	5929913209356083108244137405495149380665987838798629939	5929913209356083108244137405495149380665987838798629771	168
20260909	5	uniform_accepted	RSA-110	2	182	5254554900007443471269114522667506613931026873584433071	5254554900007443471269114522667506613931026873584433017	54
20260909	5	uniform_accepted	RSA-120	1	198	328075216889956917458169764854235937636384866401552492569221	328075216889956917458169764854235937636384866401552492569023	198
20260909	5	uniform_accepted	RSA-120	2	199	738130897033485182680197355499743562263911365157073777893599	738130897033485182680197355499743562263911365157073777893593	6
20260909	5	uniform_accepted	RSA-130	1	215	42365068549470234135536587175993602657874500386714262060586172563	42365068549470234135536587175993602657874500386714262060586172413	150
20260909	5	uniform_accepted	RSA-130	2	215	44709051715587138833428912631555283130017741424306598383559320361	44709051715587138833428912631555283130017741424306598383559320253	108
20260909	5	uniform_accepted	RSA-140	1	231	3223032693773557514774864753694044188973365729310663244838632617405651	3223032693773557514774864753694044188973365729310663244838632617405633	18
20260909	5	uniform_accepted	RSA-140	2	232	5511680908840790735919927673529725813477056526449533460931016719953227	5511680908840790735919927673529725813477056526449533460931016719952711	516
20260909	5	uniform_accepted	RSA-150	1	248	360884603141658140840009500161222010658050500622228723420691891392626134261	360884603141658140840009500161222010658050500622228723420691891392626134243	18
20260909	5	uniform_accepted	RSA-150	2	248	450570227301272038222719029689459343018093916327946306123887340315448127467	450570227301272038222719029689459343018093916327946306123887340315448127437	30
20260909	5	uniform_accepted	RSA-160	1	265	51733908568751028291311224859903492180195710543139116129775985541478347450439207	51733908568751028291311224859903492180195710543139116129775985541478347450439057	150
20260909	5	uniform_accepted	RSA-160	2	265	48585876428733526727827614668069710847896462707075138627650148343997083780824593	48585876428733526727827614668069710847896462707075138627650148343997083780823741	852
20260909	5	uniform_accepted	RSA-170	1	281	3442488418604048634878575505205557183994825809299449888636814947888607826626187207903	3442488418604048634878575505205557183994825809299449888636814947888607826626187207219	684
20260909	5	uniform_accepted	RSA-170	2	282	6117939936155876777196812735488257485713536053587679996077033699611146914203584522663	6117939936155876777196812735488257485713536053587679996077033699611146914203584522273	390
20260909	5	uniform_accepted	RSA-180	1	298	492941440715924340942310975422119228043660675273224199387187894265968857050593960774347533	492941440715924340942310975422119228043660675273224199387187894265968857050593960774346903	630
20260909	5	uniform_accepted	RSA-180	2	298	456416511126868233140415679327580210602456524796422288840181251375389744713572324616255781	456416511126868233140415679327580210602456524796422288840181251375389744713572324616255517	264
20260909	5	uniform_accepted	RSA-190	1	314	26788755962367930357367922083608031367223616709468564751807304244441974341948291947289071544239	26788755962367930357367922083608031367223616709468564751807304244441974341948291947289071544011	228
20260909	5	uniform_accepted	RSA-190	2	315	55564417126330220649654243202813255675615034322839323356776076938700211783971862243054203451397	55564417126330220649654243202813255675615034322839323356776076938700211783971862243054203451127	270
20260909	5	uniform_accepted	RSA-200	1	331	3403011465966223789560624889396670295293789468091948474587450046379213495587080182768153881873945053	3403011465966223789560624889396670295293789468091948474587450046379213495587080182768153881873945011	42
20260909	5	uniform_accepted	RSA-200	2	332	7954032017538629281717637920550020498614320815566049046726255512471782719401993428433786495047131993	7954032017538629281717637920550020498614320815566049046726255512471782719401993428433786495047130877	1116
20260909	5	uniform_accepted	RSA-210	1	348	518912641291990911239620122532336864637678234635487772397189979026018112164299409837072743377290198333733	518912641291990911239620122532336864637678234635487772397189979026018112164299409837072743377290198332077	1656
20260909	5	uniform_accepted	RSA-210	2	348	450904788351725088931699495354385899266974877716328323491655508631068419677861932358875468989049814231289	450904788351725088931699495354385899266974877716328323491655508631068419677861932358875468989049814230383	906
20260909	5	uniform_accepted	RSA-220	1	364	31758409566816185879718404573610951540364311662044712071141449773849232541880233863970806795478409896815476891	31758409566816185879718404573610951540364311662044712071141449773849232541880233863970806795478409896815476567	324
20260909	5	uniform_accepted	RSA-220	2	365	68600216716984866620874709146310108471689729442890952032636901731949643551201306339765271991495309626214022157	68600216716984866620874709146310108471689729442890952032636901731949643551201306339765271991495309626214022001	156
20260909	5	uniform_accepted	RSA-230	1	381	4137316372765556604268751399525027930025613847961564296458597417510612307394998327724160383275901191200323133420163	4137316372765556604268751399525027930025613847961564296458597417510612307394998327724160383275901191200323133419689	474
20260909	5	uniform_accepted	RSA-230	2	381	4552514208257651429252623551257415720817197772280372676996558594317123236532448643213164834471400806893567096707391	4552514208257651429252623551257415720817197772280372676996558594317123236532448643213164834471400806893567096706167	1224
20260909	5	uniform_accepted	RSA-240	1	397	254421464551221187390357123218937120765706137610278517848962253819534384077906896312067597769865185923396947365120150607	254421464551221187390357123218937120765706137610278517848962253819534384077906896312067597769865185923396947365120149839	768
20260909	5	uniform_accepted	RSA-240	2	398	597571805988497178883235068796830662994751859798675979304370700846512530791405513450933967675171451640374323894070589571	597571805988497178883235068796830662994751859798675979304370700846512530791405513450933967675171451640374323894070589313	258
20260909	5	uniform_accepted	RSA-250	1	414	41542676647559327015685468488858302204580681877687295858958149132344172044548951965473181558058295107187982134550218079731557	41542676647559327015685468488858302204580681877687295858958149132344172044548951965473181558058295107187982134550218079730951	606
20260909	5	uniform_accepted	RSA-250	2	415	65081339929837103557222934376746318870977579394047687616918399877477008191641690890558890465329783230318570929307342554125227	65081339929837103557222934376746318870977579394047687616918399877477008191641690890558890465329783230318570929307342554124333	894
20260909	5	uniform_accepted	RSA-260	1	431	4242828010280892137018189526514379940973238997377299437241537921718182059263636698914964650310991928463692244420977947550501673229	4242828010280892137018189526514379940973238997377299437241537921718182059263636698914964650310991928463692244420977947550501673091	138
20260909	5	uniform_accepted	RSA-260	2	431	4842238712973523476825620697408778096574717934704001549764686132307600661742498650978654982529649625480845699491673173662193745839	4842238712973523476825620697408778096574717934704001549764686132307600661742498650978654982529649625480845699491673173662193744153	1686
20260909	5	upward_scan	RSA-100	1	165	38060162193522783809714085602197959410863787719139	38060162193522783809714085602197959410863787718899	240
20260909	5	upward_scan	RSA-100	2	165	42717208115835147066933168274379828342494261081619	42717208115835147066933168274379828342494261081439	180
20260909	5	upward_scan	RSA-110	1	182	5838133683430555986737596676069789517924670596547085993	5838133683430555986737596676069789517924670596547085363	630
20260909	5	upward_scan	RSA-110	2	182	4617643549813823344361178768049837490712570263185339493	4617643549813823344361178768049837490712570263185338779	714
20260909	5	upward_scan	RSA-120	1	198	384803470225128824160303939425625979058361332099180005868741	384803470225128824160303939425625979058361332099180005868669	72
20260909	5	upward_scan	RSA-120	2	199	788319720743923339008041914134089007091332839647348439096837	788319720743923339008041914134089007091332839647348439096507	330
20260909	5	upward_scan	RSA-130	1	215	43700770213529204089947509541584938121780874610579473277397392631	43700770213529204089947509541584938121780874610579473277397391929	702
20260909	5	upward_scan	RSA-130	2	215	48157263285809075058839143185382119166028546562072019843588324997	48157263285809075058839143185382119166028546562072019843588324583	414
20260909	5	upward_scan	RSA-140	1	231	3093092891596977226159598958076610724209814302264226591787855015651871	3093092891596977226159598958076610724209814302264226591787855015651499	372
20260909	5	upward_scan	RSA-140	2	232	6856253582070045448325796102217504857332698763499321834758007533002361	6856253582070045448325796102217504857332698763499321834758007533001977	384
20260909	5	upward_scan	RSA-150	1	248	437443094061422944103596482875165982435033346422030446423856605892865667231	437443094061422944103596482875165982435033346422030446423856605892865665431	1800
20260909	5	upward_scan	RSA-150	2	248	368667060893597943682771049178394820189294093447434432363456929039777172067	368667060893597943682771049178394820189294093447434432363456929039777171533	534
20260909	5	upward_scan	RSA-160	1	265	50623425616446918533841152219633754726508142569206626721840609337202333057480951	50623425616446918533841152219633754726508142569206626721840609337202333057480561	390
20260909	5	upward_scan	RSA-160	2	265	47809578107752145197281239072441685612176180222220332276298253715808482325356663	47809578107752145197281239072441685612176180222220332276298253715808482325355979	684
20260909	5	upward_scan	RSA-170	1	281	3690492068815971981895825677791654197776891027000759365020050870945624958828306707851	3690492068815971981895825677791654197776891027000759365020050870945624958828306707161	690
20260909	5	upward_scan	RSA-170	2	282	6654692187146367018090914108671785508305004649586863343880017255191656136965813985423	6654692187146367018090914108671785508305004649586863343880017255191656136965813985147	276
20260909	5	upward_scan	RSA-180	1	298	384177391824134030077371580657041445504495227747745163430415035379818125297257397390880749	384177391824134030077371580657041445504495227747745163430415035379818125297257397390879069	1680
20260909	5	upward_scan	RSA-180	2	298	449349769878832296775950932651662176538755155004504747571793060449484004757076909103982679	449349769878832296775950932651662176538755155004504747571793060449484004757076909103982139	540
20260909	5	upward_scan	RSA-190	1	314	26556928159384694921827578831735311459730817739442121059332313648920824938947216273935027255919	26556928159384694921827578831735311459730817739442121059332313648920824938947216273935027254203	1716
20260909	5	upward_scan	RSA-190	2	315	65354269504043133472965094712423209607174824401617572818389689547609400646812326766912843000713	65354269504043133472965094712423209607174824401617572818389689547609400646812326766912843000041	672
20260909	5	upward_scan	RSA-200	1	331	3438668552775324523522409457367440469546524418182551236232080761368776181785761000163385509626043061	3438668552775324523522409457367440469546524418182551236232080761368776181785761000163385509626042593	468
20260909	5	upward_scan	RSA-200	2	332	7448544297456448458825763378981586677083824412162311815108714219674326396645992063323765520117078541	7448544297456448458825763378981586677083824412162311815108714219674326396645992063323765520117078433	108
20260909	5	upward_scan	RSA-210	1	348	452903528997887396699518588276151924862493903286537413699459685393184425257102499172421983826629114063737	452903528997887396699518588276151924862493903286537413699459685393184425257102499172421983826629114062579	1158
20260909	5	upward_scan	RSA-210	2	348	556310339812227255566897705008356150511566755717880458359682840282351143212388340651617708711227125132219	556310339812227255566897705008356150511566755717880458359682840282351143212388340651617708711227125132123	96
20260909	5	upward_scan	RSA-220	1	364	28939829822106759544528479726908736664193688831975916859231922633599998169633507794378406627299208926489180259	28939829822106759544528479726908736664193688831975916859231922633599998169633507794378406627299208926489179839	420
20260909	5	upward_scan	RSA-220	2	365	65472986280271197368612164471752893037588437623884820585095494181909436387203981883312576604974407925809395111	65472986280271197368612164471752893037588437623884820585095494181909436387203981883312576604974407925809394667	444
20260909	5	upward_scan	RSA-230	1	381	4598217991799537441652406548179762400497222345850086006436118428062413281363247675881263968489727850987399341199731	4598217991799537441652406548179762400497222345850086006436118428062413281363247675881263968489727850987399341198891	840
20260909	5	upward_scan	RSA-230	2	381	4174207274489560292276897162780765231037194487263017853747302481144229358466354961035693259455563255927793773753421	4174207274489560292276897162780765231037194487263017853747302481144229358466354961035693259455563255927793773752713	708
20260909	5	upward_scan	RSA-240	1	397	248981736539522420607550680219879319563302783438938621836397560330923043929207049951212805373273492429854765577526604803	248981736539522420607550680219879319563302783438938621836397560330923043929207049951212805373273492429854765577526603447	1356
20260909	5	upward_scan	RSA-240	2	398	568446121312602399355467638748724085208803314112229787266001258809161441531811585324528132595923923625346322551073172701	568446121312602399355467638748724085208803314112229787266001258809161441531811585324528132595923923625346322551073172551	150
20260909	5	upward_scan	RSA-250	1	414	37215953253750899679193929382722872129184970391762566045380719915714461814399078224735383071366860384360757801955144410270243	37215953253750899679193929382722872129184970391762566045380719915714461814399078224735383071366860384360757801955144410269661	582
20260909	5	upward_scan	RSA-250	2	415	81687124378792917913920068030857515767220919178186633707913940426610432626932369975687868495946589206482483210069443868634391	81687124378792917913920068030857515767220919178186633707913940426610432626932369975687868495946589206482483210069443868633887	504
20260909	5	upward_scan	RSA-260	1	431	4547130405646177286119619519007948197252071109311467305382108739514073358009836348582082180357153643692982834523436662162083971727	4547130405646177286119619519007948197252071109311467305382108739514073358009836348582082180357153643692982834523436662162083971331	396
20260909	5	upward_scan	RSA-260	2	431	5176154366965615347240807225135537380318908504377866255017341635339039815644840878210023738053086473786392932957965084975059320321	5176154366965615347240807225135537380318908504377866255017341635339039815644840878210023738053086473786392932957965084975059318779	1542
20260909	6	uniform_accepted	RSA-100	1	165	35305934257609012581068338805892597370210367826353	35305934257609012581068338805892597370210367825807	546
20260909	6	uniform_accepted	RSA-100	2	165	37501412186212157299754681864554956595377045898613	37501412186212157299754681864554956595377045898421	192
20260909	6	uniform_accepted	RSA-110	1	182	5252898944018959503348284273385373369898330313436525541	5252898944018959503348284273385373369898330313436525301	240
20260909	6	uniform_accepted	RSA-110	2	182	4784173648190644358967411550122135039895558169765082023	4784173648190644358967411550122135039895558169765081819	204
20260909	6	uniform_accepted	RSA-120	1	198	320964306441739322643815165598197668543332850481305500516719	320964306441739322643815165598197668543332850481305500516461	258
20260909	6	uniform_accepted	RSA-120	2	199	623374112392596823919049415225847041843788250175108745760631	623374112392596823919049415225847041843788250175108745760499	132
20260909	6	uniform_accepted	RSA-130	1	215	49957483643831116320418053217170072671475903766640418360589915067	49957483643831116320418053217170072671475903766640418360589914803	264
20260909	6	uniform_accepted	RSA-130	2	215	50965903096921477188030828094928543349506641374424497697087747451	50965903096921477188030828094928543349506641374424497697087746953	498
20260909	6	uniform_accepted	RSA-140	1	231	2836138088201882048499034414290114618756175811333434736694794775229391	2836138088201882048499034414290114618756175811333434736694794775228419	972
20260909	6	uniform_accepted	RSA-140	2	232	6090858551969576193002088150218487805431298190024769360555004129389929	6090858551969576193002088150218487805431298190024769360555004129388933	996
20260909	6	uniform_accepted	RSA-150	1	248	351087156416148611397521971036457210583898117350118173491909918883691924619	351087156416148611397521971036457210583898117350118173491909918883691924601	18
20260909	6	uniform_accepted	RSA-150	2	248	356679284976285550037696036747970792193536232262697681456326516015312829389	356679284976285550037696036747970792193536232262697681456326516015312829131	258
20260909	6	uniform_accepted	RSA-160	1	265	57738409976285865675228478556986502578547619791604591451861229597731612018581641	57738409976285865675228478556986502578547619791604591451861229597731612018581527	114
20260909	6	uniform_accepted	RSA-160	2	265	47969595247290343899135090521033669071651009512003300713875659090320844464036513	47969595247290343899135090521033669071651009512003300713875659090320844464036219	294
20260909	6	uniform_accepted	RSA-170	1	281	3326813158503844388192606838729028014618448642989351816705233486199362269740463036793	3326813158503844388192606838729028014618448642989351816705233486199362269740463036523	270
20260909	6	uniform_accepted	RSA-170	2	282	7604228756536791222314556336906988687412652782803945729167715440478413520529731063559	7604228756536791222314556336906988687412652782803945729167715440478413520529731063307	252
20260909	6	uniform_accepted	RSA-180	1	298	481616958937928470901957945463731369752323359229692899059329858372065880492874225328348823	481616958937928470901957945463731369752323359229692899059329858372065880492874225328348619	204
20260909	6	uniform_accepted	RSA-180	2	298	434337602527400323393552755118044703668934158508860015091686409378483106395576415763544709	434337602527400323393552755118044703668934158508860015091686409378483106395576415763544523	186
20260909	6	uniform_accepted	RSA-190	1	314	29429967623748976246732556722645501753369745005042025008082205160371090507365785092725283891719	29429967623748976246732556722645501753369745005042025008082205160371090507365785092725283891521	198
20260909	6	uniform_accepted	RSA-190	2	315	60476320132219395896159016953951789432276609574853925198808562005486302197362361075259424356111	60476320132219395896159016953951789432276609574853925198808562005486302197362361075259424356093	18
20260909	6	uniform_accepted	RSA-200	1	331	3909553277149054842171076281395702988970631546937326303146469914372605084899458225431023412096404621	3909553277149054842171076281395702988970631546937326303146469914372605084899458225431023412096404579	42
20260909	6	uniform_accepted	RSA-200	2	332	8515471787134135416713694376105162444124498791049040029855165882525507333744257290959250856583453543	8515471787134135416713694376105162444124498791049040029855165882525507333744257290959250856583453051	492
20260909	6	uniform_accepted	RSA-210	1	348	504048706428207331932078291492392681582502502290388548349370877230531003862081479963789576374763104378769	504048706428207331932078291492392681582502502290388548349370877230531003862081479963789576374763104378589	180
20260909	6	uniform_accepted	RSA-210	2	348	505183692374678867741226369574032769918529117253822925844773141978657207199779415598460045849200662834957	505183692374678867741226369574032769918529117253822925844773141978657207199779415598460045849200662834303	654
20260909	6	uniform_accepted	RSA-220	1	364	35768827878580309953753132330265040581052883763213310729384183930808318480761810963127844310102058957077474687	35768827878580309953753132330265040581052883763213310729384183930808318480761810963127844310102058957077474489	198
20260909	6	uniform_accepted	RSA-220	2	365	61907551591787828007362915963494231578982866823395918223975778358958320962776290747795008166358454509377846941	61907551591787828007362915963494231578982866823395918223975778358958320962776290747795008166358454509377846419	522
20260909	6	uniform_accepted	RSA-230	1	381	4666175792594891919833529175874744681087877738945646732570671386222075050905101205330745972295362140627853104008519	4666175792594891919833529175874744681087877738945646732570671386222075050905101205330745972295362140627853104008399	120
20260909	6	uniform_accepted	RSA-230	2	381	3742003519113489246298116416626397558698963212794092344028502227808646685808420535612974919076755536121905151152621	3742003519113489246298116416626397558698963212794092344028502227808646685808420535612974919076755536121905151151523	1098
20260909	6	uniform_accepted	RSA-240	1	397	294591496608493521403301484656657297689686410609092606424456634425470266029355085717863932721482139016035889070441208479	294591496608493521403301484656657297689686410609092606424456634425470266029355085717863932721482139016035889070441208473	6
20260909	6	uniform_accepted	RSA-240	2	398	501264218860368382017176871939275703786863042165394070422955848099217735840616135969130719477898295283982933943723660073	501264218860368382017176871939275703786863042165394070422955848099217735840616135969130719477898295283982933943723659689	384
20260909	6	uniform_accepted	RSA-250	1	414	34450378964211482693627658019205836296990984192235640347419604243386560693732879152200931171563521616434385904677130045142183	34450378964211482693627658019205836296990984192235640347419604243386560693732879152200931171563521616434385904677130045141931	252
20260909	6	uniform_accepted	RSA-250	2	415	75429918765612033113743482288778610311914163153437888899301190828121955802377677784180233155614071237138655284835623387554313	75429918765612033113743482288778610311914163153437888899301190828121955802377677784180233155614071237138655284835623387553323	990
20260909	6	uniform_accepted	RSA-260	1	431	5142823216025113607911561970081928094614996559303288742404039367122160280330895854389516566748453552324527898266539179531661829601	5142823216025113607911561970081928094614996559303288742404039367122160280330895854389516566748453552324527898266539179531661829043	558
20260909	6	uniform_accepted	RSA-260	2	431	4448895447463477084124231200535593258686405136238665815567488058098009346658770847102533646977998022491656333969814865919538152253	4448895447463477084124231200535593258686405136238665815567488058098009346658770847102533646977998022491656333969814865919538152109	144
20260909	6	upward_scan	RSA-100	1	165	37558044262246177161119900867618745290259658270217	37558044262246177161119900867618745290259658269317	900
20260909	6	upward_scan	RSA-100	2	165	35406736445933614193842419789519955195586895442739	35406736445933614193842419789519955195586895442661	78
20260909	6	upward_scan	RSA-110	1	182	5038729994913397555038224308599764974074314023051312181	5038729994913397555038224308599764974074314023051311833	348
20260909	6	upward_scan	RSA-110	2	182	5851394200318937160391891567489431977600647609802489957	5851394200318937160391891567489431977600647609802489531	426
20260909	6	upward_scan	RSA-120	1	198	375577194265989960927562446881069840005657620611255836330271	375577194265989960927562446881069840005657620611255836329647	624
20260909	6	upward_scan	RSA-120	2	199	628937526163987461476492588746217434360247488300017978468611	628937526163987461476492588746217434360247488300017978468419	192
20260909	6	upward_scan	RSA-130	1	215	46540175270521097418724613971580157586531209014342467434696301601	46540175270521097418724613971580157586531209014342467434696300239	1362
20260909	6	upward_scan	RSA-130	2	215	41379488657724531921327479233740309984698838745926143280219888491	41379488657724531921327479233740309984698838745926143280219888467	24
20260909	6	upward_scan	RSA-140	1	231	3387913359504908122412528816567622660882702681332637424705457795250503	3387913359504908122412528816567622660882702681332637424705457795250251	252
20260909	6	upward_scan	RSA-140	2	232	5255357601263637354663325607054808811420182541360617248868663678710327	5255357601263637354663325607054808811420182541360617248868663678709889	438
20260909	6	upward_scan	RSA-150	1	248	389619063833484250946257902009258388910906761743706512462587588166116400893	389619063833484250946257902009258388910906761743706512462587588166116400077	816
20260909	6	upward_scan	RSA-150	2	248	427154262832422516136044412347537429431900506819059049326681683889262822379	427154262832422516136044412347537429431900506819059049326681683889262821311	1068
20260909	6	upward_scan	RSA-160	1	265	44565773046677821436413479009379706811772951911293921052250895725689596621051573	44565773046677821436413479009379706811772951911293921052250895725689596621050787	786
20260909	6	upward_scan	RSA-160	2	265	57231437616504989172180647472104249515146170107835142268534405411381877471007101	57231437616504989172180647472104249515146170107835142268534405411381877471006711	390
20260909	6	upward_scan	RSA-170	1	281	3346019691428387597697031994131362718964180298915273950630848650792759237737752883213	3346019691428387597697031994131362718964180298915273950630848650792759237737752883129	84
20260909	6	upward_scan	RSA-170	2	282	6114059234057005419895937027205524614704617018976896920152633293488224452897992474517	6114059234057005419895937027205524614704617018976896920152633293488224452897992474361	156
20260909	6	upward_scan	RSA-180	1	298	395083792214160008703508283992023141954771904862308931807698749636086305256961679532758109	395083792214160008703508283992023141954771904862308931807698749636086305256961679532757881	228
20260909	6	upward_scan	RSA-180	2	298	468774261854697841824393576574100196548808126193164860346215445764523097453971905989598519	468774261854697841824393576574100196548808126193164860346215445764523097453971905989598333	186
20260909	6	upward_scan	RSA-190	1	314	32276903013639617824068672050427073367932080992906482711251051588468836763711652524873231599537	32276903013639617824068672050427073367932080992906482711251051588468836763711652524873231598553	984
20260909	6	upward_scan	RSA-190	2	315	64109729642192644929238280774055366237035578474137448766829084338027897449115324481391992611063	64109729642192644929238280774055366237035578474137448766829084338027897449115324481391992610427	636
20260909	6	upward_scan	RSA-200	1	331	4055941849987165622167869278069969122953619513394223570927528449443150896666468366778099557410125733	4055941849987165622167869278069969122953619513394223570927528449443150896666468366778099557410124581	1152
20260909	6	upward_scan	RSA-200	2	332	7152879789734987803885415989959142157819254749313704034382607874202898504610877009790173475036960491	7152879789734987803885415989959142157819254749313704034382607874202898504610877009790173475036959753	738
20260909	6	upward_scan	RSA-210	1	348	529863038176034779278812594148893022703376083748892999939190635203742383735440720088316341832055075306241	529863038176034779278812594148893022703376083748892999939190635203742383735440720088316341832055075304267	1974
20260909	6	upward_scan	RSA-210	2	348	441902364186769569593945616541871448668699443426516060488804499743606050482997433804960448821673278413537	441902364186769569593945616541871448668699443426516060488804499743606050482997433804960448821673278412241	1296
20260909	6	upward_scan	RSA-220	1	364	31352228939831788955178840969651153385372269750463886379058678290152514081569772985506759514790101219318515059	31352228939831788955178840969651153385372269750463886379058678290152514081569772985506759514790101219318514729	330
20260909	6	upward_scan	RSA-220	2	365	65399979407511895833463667846899549237196822604831354576603906491831407433768390240220915526019323473016996949	65399979407511895833463667846899549237196822604831354576603906491831407433768390240220915526019323473016995977	972
20260909	6	upward_scan	RSA-230	1	381	4682063478172230541093759765829181100859831915050767895415739380401768915461291358390289139201421569218102920779329	4682063478172230541093759765829181100859831915050767895415739380401768915461291358390289139201421569218102920779203	126
20260909	6	upward_scan	RSA-230	2	381	3989298060008442832020003408112630214610172677714373295563194269316039450769584689134656230524301604758965830990479	3989298060008442832020003408112630214610172677714373295563194269316039450769584689134656230524301604758965830990083	396
20260909	6	upward_scan	RSA-240	1	397	257804874030131716612386383227312281237751762172305325254338753965642068235772146805545892574384004437707312924037364201	257804874030131716612386383227312281237751762172305325254338753965642068235772146805545892574384004437707312924037361549	2652
20260909	6	upward_scan	RSA-240	2	398	538703188930949313244597804925149405287076910861623548063241940642775415843002134318239001862375377065780898733557577041	538703188930949313244597804925149405287076910861623548063241940642775415843002134318239001862375377065780898733557575397	1644
20260909	6	upward_scan	RSA-250	1	414	39900630688805085942568612018722646390774450973639017802474158345481132240299218961691888104924808531688924311257288645691993	39900630688805085942568612018722646390774450973639017802474158345481132240299218961691888104924808531688924311257288645689833	2160
20260909	6	upward_scan	RSA-250	2	415	71766360516095422381672863983808491114653957921327194877775996530119707117343884178113082497425061285096571487136292569575571	71766360516095422381672863983808491114653957921327194877775996530119707117343884178113082497425061285096571487136292569575031	540
20260909	6	upward_scan	RSA-260	1	431	5239047439556544646528537273520078807067911941000341839167650615792048531607371462300574632759845094815829305062600336017632014889	5239047439556544646528537273520078807067911941000341839167650615792048531607371462300574632759845094815829305062600336017632013929	960
20260909	6	upward_scan	RSA-260	2	431	4900905474760384654938701728461264523512593813020918600454704897693848323665336248673748117089490819422436191414513335618493845509	4900905474760384654938701728461264523512593813020918600454704897693848323665336248673748117089490819422436191414513335618493842533	2976
20260909	7	uniform_accepted	RSA-100	1	165	38354758888797375907088812539065071723556232057863	38354758888797375907088812539065071723556232057809	54
20260909	7	uniform_accepted	RSA-100	2	165	42046404462683029222704619195061550527602144709489	42046404462683029222704619195061550527602144709429	60
20260909	7	uniform_accepted	RSA-110	1	182	4695835975612606979758247237141425899639945702587049737	4695835975612606979758247237141425899639945702587049731	6
20260909	7	uniform_accepted	RSA-110	2	182	4909658379989224292005926337076138310529741124067163391	4909658379989224292005926337076138310529741124067163349	42
20260909	7	uniform_accepted	RSA-120	1	198	323314111235914611074313120781305098211538492827380906390483	323314111235914611074313120781305098211538492827380906390381	102
20260909	7	uniform_accepted	RSA-120	2	199	673914352416124426721267895432422620893143031098627790324869	673914352416124426721267895432422620893143031098627790324617	252
20260909	7	uniform_accepted	RSA-130	1	215	46724778861501254167488265961458520484915516565222661639165402147	46724778861501254167488265961458520484915516565222661639165401133	1014
20260909	7	uniform_accepted	RSA-130	2	215	41924073614144656436136810495547280903213281749138882351245663657	41924073614144656436136810495547280903213281749138882351245663459	198
20260909	7	uniform_accepted	RSA-140	1	231	3221233293840418115313110260389110135285195409952103790718717210062059	3221233293840418115313110260389110135285195409952103790718717210062041	18
20260909	7	uniform_accepted	RSA-140	2	232	5864365776501380372188916482792059365645726456629517485192038568602401	5864365776501380372188916482792059365645726456629517485192038568602371	30
20260909	7	uniform_accepted	RSA-150	1	248	340302909406459720870768898992244444587257939660809996524354551940110193223	340302909406459720870768898992244444587257939660809996524354551940110193127	96
20260909	7	uniform_accepted	RSA-150	2	248	439626640761119038457930339868656315895940707235399471572342983797129353269	439626640761119038457930339868656315895940707235399471572342983797129353071	198
20260909	7	uniform_accepted	RSA-160	1	265	49159122379319715527452524106604584891874213711466707307834585581979009422589599	49159122379319715527452524106604584891874213711466707307834585581979009422589401	198
20260909	7	uniform_accepted	RSA-160	2	265	56255108401328033538226061632826844525503540832813261315634564742457765747735029	56255108401328033538226061632826844525503540832813261315634564742457765747734351	678
20260909	7	uniform_accepted	RSA-170	1	281	3414091071098233294686140806082939968730855747396885218060168625326196505566928981149	3414091071098233294686140806082939968730855747396885218060168625326196505566928980621	528
20260909	7	uniform_accepted	RSA-170	2	282	7393319793901759059059129281200838676434398311022889825533588737348053062873258327749	7393319793901759059059129281200838676434398311022889825533588737348053062873258327671	78
20260909	7	uniform_accepted	RSA-180	1	298	476643000476520875937833464320893707740250059039295062001421495626904933101559914667861393	476643000476520875937833464320893707740250059039295062001421495626904933101559914667861297	96
20260909	7	uniform_accepted	RSA-180	2	298	406919418094473868383940380510167139750205784478103649824060589429366549374855452870991211	406919418094473868383940380510167139750205784478103649824060589429366549374855452870990569	642
20260909	7	uniform_accepted	RSA-190	1	314	26210068218687937888216558889565503237877082361529989101657118878334919348840184600903911248453	26210068218687937888216558889565503237877082361529989101657118878334919348840184600903911247727	726
20260909	7	uniform_accepted	RSA-190	2	315	60852981282808160667010049122172873240795679196407759364584681245766862826059211170196314738409	60852981282808160667010049122172873240795679196407759364584681245766862826059211170196314737233	1176
20260909	7	uniform_accepted	RSA-200	1	331	4345654922855904851095919033868393966343279049545323934093089838036060079996698490387218260484424567	4345654922855904851095919033868393966343279049545323934093089838036060079996698490387218260484424087	480
20260909	7	uniform_accepted	RSA-200	2	332	6632855506037006623443419368832987692038850786477633708705228558922397975982475331935072510087215169	6632855506037006623443419368832987692038850786477633708705228558922397975982475331935072510087215067	102
20260909	7	uniform_accepted	RSA-210	1	348	438115571772062687395960690058279417103259997294138978976778553349061474898546750127092120700008358990191	438115571772062687395960690058279417103259997294138978976778553349061474898546750127092120700008358989957	234
20260909	7	uniform_accepted	RSA-210	2	348	433102265004876891658346215276081033595341110182191080245700824967339097602277222903887936051373540111301	433102265004876891658346215276081033595341110182191080245700824967339097602277222903887936051373540109789	1512
20260909	7	uniform_accepted	RSA-220	1	364	31479323984311657332246599711710361511867594212706262013692926040788409056150369933585057510554993068104038237	31479323984311657332246599711710361511867594212706262013692926040788409056150369933585057510554993068104038033	204
20260909	7	uniform_accepted	RSA-220	2	365	58356953384710329713057034276773520946111263909015526594533684367073378213154521815583895008386373471482343393	58356953384710329713057034276773520946111263909015526594533684367073378213154521815583895008386373471482343261	132
20260909	7	uniform_accepted	RSA-230	1	381	4177582304093214235558787347268842422234648599019520061987080330991386568717816317855110696132278617906794964198637	4177582304093214235558787347268842422234648599019520061987080330991386568717816317855110696132278617906794964198211	426
20260909	7	uniform_accepted	RSA-230	2	381	4906210285579874306578695549783459796047559999936920268405290664716924807339422486267181501704117658739691040336161	4906210285579874306578695549783459796047559999936920268405290664716924807339422486267181501704117658739691040335831	330
20260909	7	uniform_accepted	RSA-240	1	397	308725000859432705394437663571125411249212190836592100735131652690753160350953734773726823657909145918058374899263738533	308725000859432705394437663571125411249212190836592100735131652690753160350953734773726823657909145918058374899263737807	726
20260909	7	uniform_accepted	RSA-240	2	398	487846530454698772461138599738504556907031063854682161621204216799737090909630185059255378106722523034903238974621088087	487846530454698772461138599738504556907031063854682161621204216799737090909630185059255378106722523034903238974621086467	1620
20260909	7	uniform_accepted	RSA-250	1	414	38829543678682747645052401374743796043631243989481624024372550414761290899077610466709855907870632006592454226876138316351599	38829543678682747645052401374743796043631243989481624024372550414761290899077610466709855907870632006592454226876138316351263	336
20260909	7	uniform_accepted	RSA-250	2	415	76621758667570894068262229696848431887705033120312268586866819066460658674048612144407405314140103954948976791215277508847019	76621758667570894068262229696848431887705033120312268586866819066460658674048612144407405314140103954948976791215277508845717	1302
20260909	7	uniform_accepted	RSA-260	1	431	5306679417561408295846889892963930441598280238019315496112775926014579263443307383281922586747190278942525650150406013507275266371	5306679417561408295846889892963930441598280238019315496112775926014579263443307383281922586747190278942525650150406013507275266251	120
20260909	7	uniform_accepted	RSA-260	2	431	4773974254205041145055947608277552376288040615817205915543410446425795441125298688720118592036590806526924569916658537998146955681	4773974254205041145055947608277552376288040615817205915543410446425795441125298688720118592036590806526924569916658537998146955561	120
20260909	7	upward_scan	RSA-100	1	165	46279000656493148374052946109330907948202716542961	46279000656493148374052946109330907948202716541953	1008
20260909	7	upward_scan	RSA-100	2	165	38884241429400890374779674286891441325362504968219	38884241429400890374779674286891441325362504968177	42
20260909	7	upward_scan	RSA-110	1	182	4899430183780324823135565019905906647234071857258476297	4899430183780324823135565019905906647234071857258476027	270
20260909	7	upward_scan	RSA-110	2	182	5274639277528269823346070580984328421913525505753409899	5274639277528269823346070580984328421913525505753409419	480
20260909	7	upward_scan	RSA-120	1	198	370018171383627265317704608674786821848056628117843591470899	370018171383627265317704608674786821848056628117843591470773	126
20260909	7	upward_scan	RSA-120	2	199	651927244608690901338706710076299774399837558445549375526837	651927244608690901338706710076299774399837558445549375526777	60
20260909	7	upward_scan	RSA-130	1	215	40654506076567747960884780380636906935123499556010064134450307273	40654506076567747960884780380636906935123499556010064134450306943	330
20260909	7	upward_scan	RSA-130	2	215	51465793376158159049056770336445270542997029531430119489954505547	51465793376158159049056770336445270542997029531430119489954504587	960
20260909	7	upward_scan	RSA-140	1	231	2810874937122127308357738825398976872979884033261458629440533998104879	2810874937122127308357738825398976872979884033261458629440533998104291	588
20260909	7	upward_scan	RSA-140	2	232	5360241170270459610534486077410449560677833077456772194661396924084923	5360241170270459610534486077410449560677833077456772194661396924084149	774
20260909	7	upward_scan	RSA-150	1	248	367898787450701835345486160564991542560938198264214061021792026308923842071	367898787450701835345486160564991542560938198264214061021792026308923841453	618
20260909	7	upward_scan	RSA-150	2	248	391201444933474450575492841207623165538561554246806790736337133150741581069	391201444933474450575492841207623165538561554246806790736337133150741580571	498
20260909	7	upward_scan	RSA-160	1	265	44515767729477407326107920134090153903781776799068952333487932335680739367143649	44515767729477407326107920134090153903781776799068952333487932335680739367143397	252
20260909	7	upward_scan	RSA-160	2	265	51558505613519632546757606439280738898154513658432905941988255529920171040418747	51558505613519632546757606439280738898154513658432905941988255529920171040417889	858
20260909	7	upward_scan	RSA-170	1	281	3306053404434729269732116896056119001186760776914252335227020876365570266191215838949	3306053404434729269732116896056119001186760776914252335227020876365570266191215837563	1386
20260909	7	upward_scan	RSA-170	2	282	6555375737248255621751958046834515431451743054973935975293781548892144203365212557391	6555375737248255621751958046834515431451743054973935975293781548892144203365212555783	1608
20260909	7	upward_scan	RSA-180	1	298	468035093238941043894378248235147993922409448942281776166701701677462376194180708309717249	468035093238941043894378248235147993922409448942281776166701701677462376194180708309717051	198
20260909	7	upward_scan	RSA-180	2	298	461618223545157755434297008838702093888964228737322344714783746031896255880966717883011469	461618223545157755434297008838702093888964228737322344714783746031896255880966717883010731	738
20260909	7	upward_scan	RSA-190	1	314	30562194283684694027892803851863861457718728817421483170729048762107458708217026776446040594783	30562194283684694027892803851863861457718728817421483170729048762107458708217026776446040594393	390
20260909	7	upward_scan	RSA-190	2	315	59320509905430646464200564388687328082266187425074599731141906751194911768864295101353875975913	59320509905430646464200564388687328082266187425074599731141906751194911768864295101353875975439	474
20260909	7	upward_scan	RSA-200	1	331	3749320964162260473382616467651335484360504120262597110130141708051807598872913394661526151894273583	3749320964162260473382616467651335484360504120262597110130141708051807598872913394661526151894273073	510
20260909	7	upward_scan	RSA-200	2	332	6590058421321799254411282176078817017099414625613832134742913378518784281615569725871240419972829129	6590058421321799254411282176078817017099414625613832134742913378518784281615569725871240419972828877	252
20260909	7	upward_scan	RSA-210	1	348	563691892318569947737071502299316051377496373353459754604245550439874937378486691147574714136161949345827	563691892318569947737071502299316051377496373353459754604245550439874937378486691147574714136161949345713	114
20260909	7	upward_scan	RSA-210	2	348	503752615615680125192934245003775969611010415270244958258866926278756894779528436321434406483051786756323	503752615615680125192934245003775969611010415270244958258866926278756894779528436321434406483051786755123	1200
20260909	7	upward_scan	RSA-220	1	364	32371591543030670630470554543095249145466350594923602995730813646992573925594535053369082879429334040277774443	32371591543030670630470554543095249145466350594923602995730813646992573925594535053369082879429334040277770651	3792
20260909	7	upward_scan	RSA-220	2	365	65513360657286351762891773739898220718246317108526914113027092004549949793451638136975556905170900585724553639	65513360657286351762891773739898220718246317108526914113027092004549949793451638136975556905170900585724552967	672
20260909	7	upward_scan	RSA-230	1	381	4145335360038040506704012136473214240842551689416586588532133183700008281281363710452547416476233664448048991282021	4145335360038040506704012136473214240842551689416586588532133183700008281281363710452547416476233664448048991279819	2202
20260909	7	upward_scan	RSA-230	2	381	3790950746287685543804282057051342891622692645313442808105732768310168044124933416711280711309345879417995405144009	3790950746287685543804282057051342891622692645313442808105732768310168044124933416711280711309345879417995405143661	348
20260909	7	upward_scan	RSA-240	1	397	282444428995652252201466428927670079527413694548989937283604144657913489100200322761354903154293861566746271635256013489	282444428995652252201466428927670079527413694548989937283604144657913489100200322761354903154293861566746271635256012637	852
20260909	7	upward_scan	RSA-240	2	398	536615438812978631027951490419255084320088978130572928383297540544882886396416839015662557468482104736844132119273029403	536615438812978631027951490419255084320088978130572928383297540544882886396416839015662557468482104736844132119273028833	570
20260909	7	upward_scan	RSA-250	1	414	37585700337956161106005432782287755426285403700302933697269665702964304202965467748665196705524669404246094866033097801444813	37585700337956161106005432782287755426285403700302933697269665702964304202965467748665196705524669404246094866033097801443979	834
20260909	7	upward_scan	RSA-250	2	415	71326570278735539735170579711501396494419963936871957381028396008553424525024760086894468135105230212915842600252629562590433	71326570278735539735170579711501396494419963936871957381028396008553424525024760086894468135105230212915842600252629562589611	822
20260909	7	upward_scan	RSA-260	1	431	4887529122237586431145338901714726132421028866519871930232647983958623853406277310643533424711835782759772261029662025127384467493	4887529122237586431145338901714726132421028866519871930232647983958623853406277310643533424711835782759772261029662025127384466227	1266
20260909	7	upward_scan	RSA-260	2	431	5460657418053247281130051056063369976516685170242185274395358095029017138553845728377947901975749396777962605965634795440501623579	5460657418053247281130051056063369976516685170242185274395358095029017138553845728377947901975749396777962605965634795440501623447	132
